source_table,source_column,source_type,source_nullable,source_default,source_definition,target_table,target_column,target_type,transform,constraint_proposal,validation,evidence
agenciers,id,int(10) UNSIGNED,NO,NO DEFAULT,int(10) UNSIGNED NOT NULL,partners.agencies,id,bigint,Cast signed/unsigned identifier; resolve through legacy_key_map when relational.,NOT NULL only if source is NOT NULL and profiling proves no invalid/null rows; otherwise staged nullable,"null-count, distinct-count, min/max/length and deterministic transformed-value hash for agenciers.id",CONFIRMED source / PROPOSED target
agenciers,code,varchar(100),YES,NULL,varchar(100) DEFAULT NULL,partners.agencies,code,text,Preserve exact value initially; normalize only through approved lookup mapping.,NOT NULL only if source is NOT NULL and profiling proves no invalid/null rows; otherwise staged nullable,"null-count, distinct-count, min/max/length and deterministic transformed-value hash for agenciers.code",CONFIRMED source / PROPOSED target
agenciers,name,varchar(255),YES,NULL,varchar(255) DEFAULT NULL,partners.agencies,name,text,Preserve exact value initially; normalize only through approved lookup mapping.,NOT NULL only if source is NOT NULL and profiling proves no invalid/null rows; otherwise staged nullable,"null-count, distinct-count, min/max/length and deterministic transformed-value hash for agenciers.name",CONFIRMED source / PROPOSED target
agenciers,email,varchar(255),YES,NULL,varchar(255) DEFAULT NULL,partners.agencies,email,text,Preserve exact value initially; normalize only through approved lookup mapping.,NOT NULL only if source is NOT NULL and profiling proves no invalid/null rows; otherwise staged nullable,"null-count, distinct-count, min/max/length and deterministic transformed-value hash for agenciers.email",CONFIRMED source / PROPOSED target
agenciers,mobile,varchar(255),YES,NULL,varchar(255) DEFAULT NULL,partners.agencies,mobile,text,Preserve exact value initially; normalize only through approved lookup mapping.,NOT NULL only if source is NOT NULL and profiling proves no invalid/null rows; otherwise staged nullable,"null-count, distinct-count, min/max/length and deterministic transformed-value hash for agenciers.mobile",CONFIRMED source / PROPOSED target
agenciers,license_no,varchar(255),YES,NULL,varchar(255) DEFAULT NULL,partners.agencies,license_no,text,Preserve exact value initially; normalize only through approved lookup mapping.,NOT NULL only if source is NOT NULL and profiling proves no invalid/null rows; otherwise staged nullable,"null-count, distinct-count, min/max/length and deterministic transformed-value hash for agenciers.license_no",CONFIRMED source / PROPOSED target
agenciers,vat_no,varchar(255),YES,NULL,varchar(255) DEFAULT NULL,partners.agencies,vat_no,text,Preserve exact value initially; normalize only through approved lookup mapping.,NOT NULL only if source is NOT NULL and profiling proves no invalid/null rows; otherwise staged nullable,"null-count, distinct-count, min/max/length and deterministic transformed-value hash for agenciers.vat_no",CONFIRMED source / PROPOSED target
agenciers,address,varchar(255),YES,NULL,varchar(255) DEFAULT NULL,partners.agencies,address,text,Preserve exact value initially; normalize only through approved lookup mapping.,NOT NULL only if source is NOT NULL and profiling proves no invalid/null rows; otherwise staged nullable,"null-count, distinct-count, min/max/length and deterministic transformed-value hash for agenciers.address",CONFIRMED source / PROPOSED target
agenciers,balance,float,YES,0,float DEFAULT 0,partners.agencies,balance,"numeric(20,6)",Parse decimal text exactly; no binary-float arithmetic; round only at posted transaction boundary.,NOT NULL only if source is NOT NULL and profiling proves no invalid/null rows; otherwise staged nullable,"null-count, distinct-count, min/max/length and deterministic transformed-value hash for agenciers.balance",CONFIRMED source / PROPOSED target
agenciers,logo,longtext,YES,NULL,longtext DEFAULT NULL,partners.agencies,logo_file_id,text,Preserve bytes/text semantically; file-like JSON handled by document migration.,NOT NULL only if source is NOT NULL and profiling proves no invalid/null rows; otherwise staged nullable,"null-count, distinct-count, min/max/length and deterministic transformed-value hash for agenciers.logo",CONFIRMED source / PROPOSED target
agenciers,status,char(5),YES,'A',char(5) DEFAULT 'A',partners.agencies,status,text,Preserve exact value initially; normalize only through approved lookup mapping.,NOT NULL only if source is NOT NULL and profiling proves no invalid/null rows; otherwise staged nullable,"null-count, distinct-count, min/max/length and deterministic transformed-value hash for agenciers.status",CONFIRMED source / PROPOSED target
agenciers,country_id,bigint(20),YES,NULL,bigint(20) DEFAULT NULL,partners.agencies,country_id,bigint,Cast signed/unsigned identifier; resolve through legacy_key_map when relational.,NOT NULL only if source is NOT NULL and profiling proves no invalid/null rows; otherwise staged nullable,"null-count, distinct-count, min/max/length and deterministic transformed-value hash for agenciers.country_id",CONFIRMED source / PROPOSED target
agenciers,owner_name,varchar(255),YES,NULL,varchar(255) DEFAULT NULL,partners.agencies,owner_name,text,Preserve exact value initially; normalize only through approved lookup mapping.,NOT NULL only if source is NOT NULL and profiling proves no invalid/null rows; otherwise staged nullable,"null-count, distinct-count, min/max/length and deterministic transformed-value hash for agenciers.owner_name",CONFIRMED source / PROPOSED target
agenciers,owner_mobile,varchar(255),YES,NULL,varchar(255) DEFAULT NULL,partners.agencies,owner_mobile,text,Preserve exact value initially; normalize only through approved lookup mapping.,NOT NULL only if source is NOT NULL and profiling proves no invalid/null rows; otherwise staged nullable,"null-count, distinct-count, min/max/length and deterministic transformed-value hash for agenciers.owner_mobile",CONFIRMED source / PROPOSED target
agenciers,owner_email,varchar(255),YES,NULL,varchar(255) DEFAULT NULL,partners.agencies,owner_email,text,Preserve exact value initially; normalize only through approved lookup mapping.,NOT NULL only if source is NOT NULL and profiling proves no invalid/null rows; otherwise staged nullable,"null-count, distinct-count, min/max/length and deterministic transformed-value hash for agenciers.owner_email",CONFIRMED source / PROPOSED target
agenciers,created_at,timestamp,YES,NULL,timestamp NULL DEFAULT NULL,partners.agencies,created_at,timestamptz,"Interpret using approved legacy application timezone, convert to UTC; UNVERIFIED until timezone approval.",NOT NULL only if source is NOT NULL and profiling proves no invalid/null rows; otherwise staged nullable,"null-count, distinct-count, min/max/length and deterministic transformed-value hash for agenciers.created_at",CONFIRMED source / PROPOSED target
agenciers,updated_at,timestamp,YES,NULL,timestamp NULL DEFAULT NULL,partners.agencies,updated_at,timestamptz,"Interpret using approved legacy application timezone, convert to UTC; UNVERIFIED until timezone approval.",NOT NULL only if source is NOT NULL and profiling proves no invalid/null rows; otherwise staged nullable,"null-count, distinct-count, min/max/length and deterministic transformed-value hash for agenciers.updated_at",CONFIRMED source / PROPOSED target
agenciers,signature,longtext,YES,NULL,longtext DEFAULT NULL,partners.agencies,signature_file_id,text,Preserve bytes/text semantically; file-like JSON handled by document migration.,NOT NULL only if source is NOT NULL and profiling proves no invalid/null rows; otherwise staged nullable,"null-count, distinct-count, min/max/length and deterministic transformed-value hash for agenciers.signature",CONFIRMED source / PROPOSED target
agenciers,bank_account_name,varchar(200),YES,NULL,varchar(200) DEFAULT NULL,partners.agencies,bank_account_name,text,Preserve exact value initially; normalize only through approved lookup mapping.,NOT NULL only if source is NOT NULL and profiling proves no invalid/null rows; otherwise staged nullable,"null-count, distinct-count, min/max/length and deterministic transformed-value hash for agenciers.bank_account_name",CONFIRMED source / PROPOSED target
agenciers,bank_account_no,varchar(200),YES,NULL,varchar(200) DEFAULT NULL,partners.agencies,bank_account_no,text,Preserve exact value initially; normalize only through approved lookup mapping.,NOT NULL only if source is NOT NULL and profiling proves no invalid/null rows; otherwise staged nullable,"null-count, distinct-count, min/max/length and deterministic transformed-value hash for agenciers.bank_account_no",CONFIRMED source / PROPOSED target
agenciers,bank_name,varchar(200),YES,NULL,varchar(200) DEFAULT NULL,partners.agencies,bank_name,text,Preserve exact value initially; normalize only through approved lookup mapping.,NOT NULL only if source is NOT NULL and profiling proves no invalid/null rows; otherwise staged nullable,"null-count, distinct-count, min/max/length and deterministic transformed-value hash for agenciers.bank_name",CONFIRMED source / PROPOSED target
agenciers,bank_branch_name,varchar(200),YES,NULL,varchar(200) DEFAULT NULL,partners.agencies,bank_branch_name,text,Preserve exact value initially; normalize only through approved lookup mapping.,NOT NULL only if source is NOT NULL and profiling proves no invalid/null rows; otherwise staged nullable,"null-count, distinct-count, min/max/length and deterministic transformed-value hash for agenciers.bank_branch_name",CONFIRMED source / PROPOSED target
agenciers,bank_iban_no,varchar(200),YES,NULL,varchar(200) DEFAULT NULL,partners.agencies,bank_iban_no,text,Preserve exact value initially; normalize only through approved lookup mapping.,NOT NULL only if source is NOT NULL and profiling proves no invalid/null rows; otherwise staged nullable,"null-count, distinct-count, min/max/length and deterministic transformed-value hash for agenciers.bank_iban_no",CONFIRMED source / PROPOSED target
agenciers,bank_swift_no,varchar(200),YES,NULL,varchar(200) DEFAULT NULL,partners.agencies,bank_swift_no,text,Preserve exact value initially; normalize only through approved lookup mapping.,NOT NULL only if source is NOT NULL and profiling proves no invalid/null rows; otherwise staged nullable,"null-count, distinct-count, min/max/length and deterministic transformed-value hash for agenciers.bank_swift_no",CONFIRMED source / PROPOSED target
agencies,id,int(10) UNSIGNED,NO,NO DEFAULT,int(10) UNSIGNED NOT NULL,candidate.agency_snapshots,id,bigint,Cast signed/unsigned identifier; resolve through legacy_key_map when relational.,NOT NULL only if source is NOT NULL and profiling proves no invalid/null rows; otherwise staged nullable,"null-count, distinct-count, min/max/length and deterministic transformed-value hash for agencies.id",CONFIRMED source / PROPOSED target
agencies,name,varchar(255),NO,NO DEFAULT,varchar(255) NOT NULL,candidate.agency_snapshots,name,text,Preserve exact value initially; normalize only through approved lookup mapping.,NOT NULL only if source is NOT NULL and profiling proves no invalid/null rows; otherwise staged nullable,"null-count, distinct-count, min/max/length and deterministic transformed-value hash for agencies.name",CONFIRMED source / PROPOSED target
agencies,address,varchar(255),YES,NULL,varchar(255) DEFAULT NULL,candidate.agency_snapshots,address,text,Preserve exact value initially; normalize only through approved lookup mapping.,NOT NULL only if source is NOT NULL and profiling proves no invalid/null rows; otherwise staged nullable,"null-count, distinct-count, min/max/length and deterministic transformed-value hash for agencies.address",CONFIRMED source / PROPOSED target
agencies,created_at,timestamp,YES,NULL,timestamp NULL DEFAULT NULL,candidate.agency_snapshots,created_at,timestamptz,"Interpret using approved legacy application timezone, convert to UTC; UNVERIFIED until timezone approval.",NOT NULL only if source is NOT NULL and profiling proves no invalid/null rows; otherwise staged nullable,"null-count, distinct-count, min/max/length and deterministic transformed-value hash for agencies.created_at",CONFIRMED source / PROPOSED target
agencies,updated_at,timestamp,YES,NULL,timestamp NULL DEFAULT NULL,candidate.agency_snapshots,updated_at,timestamptz,"Interpret using approved legacy application timezone, convert to UTC; UNVERIFIED until timezone approval.",NOT NULL only if source is NOT NULL and profiling proves no invalid/null rows; otherwise staged nullable,"null-count, distinct-count, min/max/length and deterministic transformed-value hash for agencies.updated_at",CONFIRMED source / PROPOSED target
agencies,candidate_id,int(11),YES,NULL,int(11) DEFAULT NULL,candidate.agency_snapshots,candidate_id,bigint,Cast signed/unsigned identifier; resolve through legacy_key_map when relational.,NOT NULL only if source is NOT NULL and profiling proves no invalid/null rows; otherwise staged nullable,"null-count, distinct-count, min/max/length and deterministic transformed-value hash for agencies.candidate_id",CONFIRMED source / PROPOSED target
agents,id,bigint(20) UNSIGNED,NO,NO DEFAULT,bigint(20) UNSIGNED NOT NULL,operations.agents,id,bigint,Cast signed/unsigned identifier; resolve through legacy_key_map when relational.,NOT NULL only if source is NOT NULL and profiling proves no invalid/null rows; otherwise staged nullable,"null-count, distinct-count, min/max/length and deterministic transformed-value hash for agents.id",CONFIRMED source / PROPOSED target
agents,code,varchar(100),YES,NULL,varchar(100) DEFAULT NULL,operations.agents,code,text,Preserve exact value initially; normalize only through approved lookup mapping.,NOT NULL only if source is NOT NULL and profiling proves no invalid/null rows; otherwise staged nullable,"null-count, distinct-count, min/max/length and deterministic transformed-value hash for agents.code",CONFIRMED source / PROPOSED target
agents,name,varchar(100),YES,NULL,varchar(100) DEFAULT NULL,operations.agents,name,text,Preserve exact value initially; normalize only through approved lookup mapping.,NOT NULL only if source is NOT NULL and profiling proves no invalid/null rows; otherwise staged nullable,"null-count, distinct-count, min/max/length and deterministic transformed-value hash for agents.name",CONFIRMED source / PROPOSED target
agents,email,varchar(250),YES,NULL,varchar(250) DEFAULT NULL,operations.agents,email,text,Preserve exact value initially; normalize only through approved lookup mapping.,NOT NULL only if source is NOT NULL and profiling proves no invalid/null rows; otherwise staged nullable,"null-count, distinct-count, min/max/length and deterministic transformed-value hash for agents.email",CONFIRMED source / PROPOSED target
agents,secondary_email,varchar(250),YES,NULL,varchar(250) DEFAULT NULL,operations.agents,secondary_email,text,Preserve exact value initially; normalize only through approved lookup mapping.,NOT NULL only if source is NOT NULL and profiling proves no invalid/null rows; otherwise staged nullable,"null-count, distinct-count, min/max/length and deterministic transformed-value hash for agents.secondary_email",CONFIRMED source / PROPOSED target
agents,mobile,varchar(250),YES,NULL,varchar(250) DEFAULT NULL,operations.agents,mobile,text,Preserve exact value initially; normalize only through approved lookup mapping.,NOT NULL only if source is NOT NULL and profiling proves no invalid/null rows; otherwise staged nullable,"null-count, distinct-count, min/max/length and deterministic transformed-value hash for agents.mobile",CONFIRMED source / PROPOSED target
agents,secondary_mobile,varchar(250),YES,NULL,varchar(250) DEFAULT NULL,operations.agents,secondary_mobile,text,Preserve exact value initially; normalize only through approved lookup mapping.,NOT NULL only if source is NOT NULL and profiling proves no invalid/null rows; otherwise staged nullable,"null-count, distinct-count, min/max/length and deterministic transformed-value hash for agents.secondary_mobile",CONFIRMED source / PROPOSED target
agents,emergency_mobile,varchar(250),YES,NULL,varchar(250) DEFAULT NULL,operations.agents,emergency_mobile,text,Preserve exact value initially; normalize only through approved lookup mapping.,NOT NULL only if source is NOT NULL and profiling proves no invalid/null rows; otherwise staged nullable,"null-count, distinct-count, min/max/length and deterministic transformed-value hash for agents.emergency_mobile",CONFIRMED source / PROPOSED target
agents,bid,varchar(250),YES,NULL,varchar(250) DEFAULT NULL,operations.agents,bid,text,Preserve exact value initially; normalize only through approved lookup mapping.,NOT NULL only if source is NOT NULL and profiling proves no invalid/null rows; otherwise staged nullable,"null-count, distinct-count, min/max/length and deterministic transformed-value hash for agents.bid",CONFIRMED source / PROPOSED target
agents,bid_file_path,varchar(255),YES,NULL,varchar(255) DEFAULT NULL,operations.agents,bid_file_id,text,Preserve exact value initially; normalize only through approved lookup mapping.,NOT NULL only if source is NOT NULL and profiling proves no invalid/null rows; otherwise staged nullable,"null-count, distinct-count, min/max/length and deterministic transformed-value hash for agents.bid_file_path",CONFIRMED source / PROPOSED target
agents,nid,varchar(250),YES,NULL,varchar(250) DEFAULT NULL,operations.agents,nid,text,Preserve exact value initially; normalize only through approved lookup mapping.,NOT NULL only if source is NOT NULL and profiling proves no invalid/null rows; otherwise staged nullable,"null-count, distinct-count, min/max/length and deterministic transformed-value hash for agents.nid",CONFIRMED source / PROPOSED target
agents,nid_file_path,varchar(255),YES,NULL,varchar(255) DEFAULT NULL,operations.agents,nid_file_id,text,Preserve exact value initially; normalize only through approved lookup mapping.,NOT NULL only if source is NOT NULL and profiling proves no invalid/null rows; otherwise staged nullable,"null-count, distinct-count, min/max/length and deterministic transformed-value hash for agents.nid_file_path",CONFIRMED source / PROPOSED target
agents,passport_no,varchar(250),YES,NULL,varchar(250) DEFAULT NULL,operations.agents,passport_no,text,Preserve exact value initially; normalize only through approved lookup mapping.,NOT NULL only if source is NOT NULL and profiling proves no invalid/null rows; otherwise staged nullable,"null-count, distinct-count, min/max/length and deterministic transformed-value hash for agents.passport_no",CONFIRMED source / PROPOSED target
agents,passport_issue_date,date,YES,NULL,date DEFAULT NULL,operations.agents,passport_issue_date,date,ISO date cast; reject zero/invalid dates.,NOT NULL only if source is NOT NULL and profiling proves no invalid/null rows; otherwise staged nullable,"null-count, distinct-count, min/max/length and deterministic transformed-value hash for agents.passport_issue_date",CONFIRMED source / PROPOSED target
agents,passport_expire_date,date,YES,NULL,date DEFAULT NULL,operations.agents,passport_expire_date,date,ISO date cast; reject zero/invalid dates.,NOT NULL only if source is NOT NULL and profiling proves no invalid/null rows; otherwise staged nullable,"null-count, distinct-count, min/max/length and deterministic transformed-value hash for agents.passport_expire_date",CONFIRMED source / PROPOSED target
agents,passport_file_path,varchar(250),YES,NULL,varchar(250) DEFAULT NULL,operations.agents,passport_file_id,text,Preserve exact value initially; normalize only through approved lookup mapping.,NOT NULL only if source is NOT NULL and profiling proves no invalid/null rows; otherwise staged nullable,"null-count, distinct-count, min/max/length and deterministic transformed-value hash for agents.passport_file_path",CONFIRMED source / PROPOSED target
agents,dob,date,YES,NULL,date DEFAULT NULL,operations.agents,dob,date,ISO date cast; reject zero/invalid dates.,NOT NULL only if source is NOT NULL and profiling proves no invalid/null rows; otherwise staged nullable,"null-count, distinct-count, min/max/length and deterministic transformed-value hash for agents.dob",CONFIRMED source / PROPOSED target
agents,full_photo_file_path,varchar(255),YES,NULL,varchar(255) DEFAULT NULL,operations.agents,full_photo_file_id,text,Preserve exact value initially; normalize only through approved lookup mapping.,NOT NULL only if source is NOT NULL and profiling proves no invalid/null rows; otherwise staged nullable,"null-count, distinct-count, min/max/length and deterministic transformed-value hash for agents.full_photo_file_path",CONFIRMED source / PROPOSED target
agents,half_photo_file_path,varchar(255),YES,NULL,varchar(255) DEFAULT NULL,operations.agents,half_photo_file_id,text,Preserve exact value initially; normalize only through approved lookup mapping.,NOT NULL only if source is NOT NULL and profiling proves no invalid/null rows; otherwise staged nullable,"null-count, distinct-count, min/max/length and deterministic transformed-value hash for agents.half_photo_file_path",CONFIRMED source / PROPOSED target
agents,father_name,varchar(50),YES,NULL,varchar(50) DEFAULT NULL,operations.agents,father_name,text,Preserve exact value initially; normalize only through approved lookup mapping.,NOT NULL only if source is NOT NULL and profiling proves no invalid/null rows; otherwise staged nullable,"null-count, distinct-count, min/max/length and deterministic transformed-value hash for agents.father_name",CONFIRMED source / PROPOSED target
agents,mother_name,varchar(50),YES,NULL,varchar(50) DEFAULT NULL,operations.agents,mother_name,text,Preserve exact value initially; normalize only through approved lookup mapping.,NOT NULL only if source is NOT NULL and profiling proves no invalid/null rows; otherwise staged nullable,"null-count, distinct-count, min/max/length and deterministic transformed-value hash for agents.mother_name",CONFIRMED source / PROPOSED target
agents,nationality,varchar(20),YES,NULL,varchar(20) DEFAULT NULL,operations.agents,nationality,text,Preserve exact value initially; normalize only through approved lookup mapping.,NOT NULL only if source is NOT NULL and profiling proves no invalid/null rows; otherwise staged nullable,"null-count, distinct-count, min/max/length and deterministic transformed-value hash for agents.nationality",CONFIRMED source / PROPOSED target
agents,gender,varchar(20),YES,NULL,varchar(20) DEFAULT NULL,operations.agents,gender,text,Preserve exact value initially; normalize only through approved lookup mapping.,NOT NULL only if source is NOT NULL and profiling proves no invalid/null rows; otherwise staged nullable,"null-count, distinct-count, min/max/length and deterministic transformed-value hash for agents.gender",CONFIRMED source / PROPOSED target
agents,blood_group,varchar(20),YES,NULL,varchar(20) DEFAULT NULL,operations.agents,blood_group,text,Preserve exact value initially; normalize only through approved lookup mapping.,NOT NULL only if source is NOT NULL and profiling proves no invalid/null rows; otherwise staged nullable,"null-count, distinct-count, min/max/length and deterministic transformed-value hash for agents.blood_group",CONFIRMED source / PROPOSED target
agents,present_address_house,varchar(200),YES,NULL,varchar(200) DEFAULT NULL,operations.agents,present_address_house,text,Preserve exact value initially; normalize only through approved lookup mapping.,NOT NULL only if source is NOT NULL and profiling proves no invalid/null rows; otherwise staged nullable,"null-count, distinct-count, min/max/length and deterministic transformed-value hash for agents.present_address_house",CONFIRMED source / PROPOSED target
agents,present_address_road,varchar(20),YES,NULL,varchar(20) DEFAULT NULL,operations.agents,present_address_road,text,Preserve exact value initially; normalize only through approved lookup mapping.,NOT NULL only if source is NOT NULL and profiling proves no invalid/null rows; otherwise staged nullable,"null-count, distinct-count, min/max/length and deterministic transformed-value hash for agents.present_address_road",CONFIRMED source / PROPOSED target
agents,present_address_village,varchar(20),YES,NULL,varchar(20) DEFAULT NULL,operations.agents,present_address_village,text,Preserve exact value initially; normalize only through approved lookup mapping.,NOT NULL only if source is NOT NULL and profiling proves no invalid/null rows; otherwise staged nullable,"null-count, distinct-count, min/max/length and deterministic transformed-value hash for agents.present_address_village",CONFIRMED source / PROPOSED target
agents,present_address_post,varchar(20),YES,NULL,varchar(20) DEFAULT NULL,operations.agents,present_address_post,text,Preserve exact value initially; normalize only through approved lookup mapping.,NOT NULL only if source is NOT NULL and profiling proves no invalid/null rows; otherwise staged nullable,"null-count, distinct-count, min/max/length and deterministic transformed-value hash for agents.present_address_post",CONFIRMED source / PROPOSED target
agents,present_address_thana_id,bigint(20),YES,NULL,bigint(20) DEFAULT NULL,operations.agents,present_address_thana_id,bigint,Cast signed/unsigned identifier; resolve through legacy_key_map when relational.,NOT NULL only if source is NOT NULL and profiling proves no invalid/null rows; otherwise staged nullable,"null-count, distinct-count, min/max/length and deterministic transformed-value hash for agents.present_address_thana_id",CONFIRMED source / PROPOSED target
agents,present_address_district_id,bigint(20),YES,NULL,bigint(20) DEFAULT NULL,operations.agents,present_address_district_id,bigint,Cast signed/unsigned identifier; resolve through legacy_key_map when relational.,NOT NULL only if source is NOT NULL and profiling proves no invalid/null rows; otherwise staged nullable,"null-count, distinct-count, min/max/length and deterministic transformed-value hash for agents.present_address_district_id",CONFIRMED source / PROPOSED target
agents,present_address_division_id,bigint(20),YES,NULL,bigint(20) DEFAULT NULL,operations.agents,present_address_division_id,bigint,Cast signed/unsigned identifier; resolve through legacy_key_map when relational.,NOT NULL only if source is NOT NULL and profiling proves no invalid/null rows; otherwise staged nullable,"null-count, distinct-count, min/max/length and deterministic transformed-value hash for agents.present_address_division_id",CONFIRMED source / PROPOSED target
agents,permanent_address_house,varchar(200),YES,NULL,varchar(200) DEFAULT NULL,operations.agents,permanent_address_house,text,Preserve exact value initially; normalize only through approved lookup mapping.,NOT NULL only if source is NOT NULL and profiling proves no invalid/null rows; otherwise staged nullable,"null-count, distinct-count, min/max/length and deterministic transformed-value hash for agents.permanent_address_house",CONFIRMED source / PROPOSED target
agents,permanent_address_road,varchar(20),YES,NULL,varchar(20) DEFAULT NULL,operations.agents,permanent_address_road,text,Preserve exact value initially; normalize only through approved lookup mapping.,NOT NULL only if source is NOT NULL and profiling proves no invalid/null rows; otherwise staged nullable,"null-count, distinct-count, min/max/length and deterministic transformed-value hash for agents.permanent_address_road",CONFIRMED source / PROPOSED target
agents,permanent_address_village,varchar(20),YES,NULL,varchar(20) DEFAULT NULL,operations.agents,permanent_address_village,text,Preserve exact value initially; normalize only through approved lookup mapping.,NOT NULL only if source is NOT NULL and profiling proves no invalid/null rows; otherwise staged nullable,"null-count, distinct-count, min/max/length and deterministic transformed-value hash for agents.permanent_address_village",CONFIRMED source / PROPOSED target
agents,permanent_address_post,varchar(20),YES,NULL,varchar(20) DEFAULT NULL,operations.agents,permanent_address_post,text,Preserve exact value initially; normalize only through approved lookup mapping.,NOT NULL only if source is NOT NULL and profiling proves no invalid/null rows; otherwise staged nullable,"null-count, distinct-count, min/max/length and deterministic transformed-value hash for agents.permanent_address_post",CONFIRMED source / PROPOSED target
agents,permanent_address_thana_id,bigint(20),YES,NULL,bigint(20) DEFAULT NULL,operations.agents,permanent_address_thana_id,bigint,Cast signed/unsigned identifier; resolve through legacy_key_map when relational.,NOT NULL only if source is NOT NULL and profiling proves no invalid/null rows; otherwise staged nullable,"null-count, distinct-count, min/max/length and deterministic transformed-value hash for agents.permanent_address_thana_id",CONFIRMED source / PROPOSED target
agents,permanent_address_district_id,bigint(20),YES,NULL,bigint(20) DEFAULT NULL,operations.agents,permanent_address_district_id,bigint,Cast signed/unsigned identifier; resolve through legacy_key_map when relational.,NOT NULL only if source is NOT NULL and profiling proves no invalid/null rows; otherwise staged nullable,"null-count, distinct-count, min/max/length and deterministic transformed-value hash for agents.permanent_address_district_id",CONFIRMED source / PROPOSED target
agents,permanent_address_division_id,bigint(20),YES,NULL,bigint(20) DEFAULT NULL,operations.agents,permanent_address_division_id,bigint,Cast signed/unsigned identifier; resolve through legacy_key_map when relational.,NOT NULL only if source is NOT NULL and profiling proves no invalid/null rows; otherwise staged nullable,"null-count, distinct-count, min/max/length and deterministic transformed-value hash for agents.permanent_address_division_id",CONFIRMED source / PROPOSED target
agents,basic_info_career,varchar(250),YES,NULL,varchar(250) DEFAULT NULL,operations.agents,basic_info_career,text,Preserve exact value initially; normalize only through approved lookup mapping.,NOT NULL only if source is NOT NULL and profiling proves no invalid/null rows; otherwise staged nullable,"null-count, distinct-count, min/max/length and deterministic transformed-value hash for agents.basic_info_career",CONFIRMED source / PROPOSED target
agents,basic_info_special,varchar(250),YES,NULL,varchar(250) DEFAULT NULL,operations.agents,basic_info_special,text,Preserve exact value initially; normalize only through approved lookup mapping.,NOT NULL only if source is NOT NULL and profiling proves no invalid/null rows; otherwise staged nullable,"null-count, distinct-count, min/max/length and deterministic transformed-value hash for agents.basic_info_special",CONFIRMED source / PROPOSED target
agents,other_skills,varchar(250),YES,NULL,varchar(250) DEFAULT NULL,operations.agents,other_skills,text,Preserve exact value initially; normalize only through approved lookup mapping.,NOT NULL only if source is NOT NULL and profiling proves no invalid/null rows; otherwise staged nullable,"null-count, distinct-count, min/max/length and deterministic transformed-value hash for agents.other_skills",CONFIRMED source / PROPOSED target
agents,balance,float,YES,0,float DEFAULT 0,operations.agents,balance,"numeric(20,6)",Parse decimal text exactly; no binary-float arithmetic; round only at posted transaction boundary.,NOT NULL only if source is NOT NULL and profiling proves no invalid/null rows; otherwise staged nullable,"null-count, distinct-count, min/max/length and deterministic transformed-value hash for agents.balance",CONFIRMED source / PROPOSED target
agents,cv_file_path,varchar(250),YES,NULL,varchar(250) DEFAULT NULL,operations.agents,cv_file_id,text,Preserve exact value initially; normalize only through approved lookup mapping.,NOT NULL only if source is NOT NULL and profiling proves no invalid/null rows; otherwise staged nullable,"null-count, distinct-count, min/max/length and deterministic transformed-value hash for agents.cv_file_path",CONFIRMED source / PROPOSED target
agents,status,char(5),YES,'A',char(5) DEFAULT 'A',operations.agents,status,text,Preserve exact value initially; normalize only through approved lookup mapping.,NOT NULL only if source is NOT NULL and profiling proves no invalid/null rows; otherwise staged nullable,"null-count, distinct-count, min/max/length and deterministic transformed-value hash for agents.status",CONFIRMED source / PROPOSED target
agents,created_at,timestamp,YES,NULL,timestamp NULL DEFAULT NULL,operations.agents,created_at,timestamptz,"Interpret using approved legacy application timezone, convert to UTC; UNVERIFIED until timezone approval.",NOT NULL only if source is NOT NULL and profiling proves no invalid/null rows; otherwise staged nullable,"null-count, distinct-count, min/max/length and deterministic transformed-value hash for agents.created_at",CONFIRMED source / PROPOSED target
agents,updated_at,timestamp,YES,NULL,timestamp NULL DEFAULT NULL,operations.agents,updated_at,timestamptz,"Interpret using approved legacy application timezone, convert to UTC; UNVERIFIED until timezone approval.",NOT NULL only if source is NOT NULL and profiling proves no invalid/null rows; otherwise staged nullable,"null-count, distinct-count, min/max/length and deterministic transformed-value hash for agents.updated_at",CONFIRMED source / PROPOSED target
announcement_class_groups,id,int(10) UNSIGNED,NO,NO DEFAULT,int(10) UNSIGNED NOT NULL,operations.announcement_class_groups,id,bigint,Cast signed/unsigned identifier; resolve through legacy_key_map when relational.,NOT NULL only if source is NOT NULL and profiling proves no invalid/null rows; otherwise staged nullable,"null-count, distinct-count, min/max/length and deterministic transformed-value hash for announcement_class_groups.id",CONFIRMED source / PROPOSED target
announcement_class_groups,announcement_id,int(11),YES,NULL,int(11) DEFAULT NULL,operations.announcement_class_groups,announcement_id,bigint,Cast signed/unsigned identifier; resolve through legacy_key_map when relational.,NOT NULL only if source is NOT NULL and profiling proves no invalid/null rows; otherwise staged nullable,"null-count, distinct-count, min/max/length and deterministic transformed-value hash for announcement_class_groups.announcement_id",CONFIRMED source / PROPOSED target
announcement_class_groups,class_group_id,int(11),YES,NULL,int(11) DEFAULT NULL,operations.announcement_class_groups,class_group_id,bigint,Cast signed/unsigned identifier; resolve through legacy_key_map when relational.,NOT NULL only if source is NOT NULL and profiling proves no invalid/null rows; otherwise staged nullable,"null-count, distinct-count, min/max/length and deterministic transformed-value hash for announcement_class_groups.class_group_id",CONFIRMED source / PROPOSED target
announcement_class_groups,created_at,timestamp,YES,NULL,timestamp NULL DEFAULT NULL,operations.announcement_class_groups,created_at,timestamptz,"Interpret using approved legacy application timezone, convert to UTC; UNVERIFIED until timezone approval.",NOT NULL only if source is NOT NULL and profiling proves no invalid/null rows; otherwise staged nullable,"null-count, distinct-count, min/max/length and deterministic transformed-value hash for announcement_class_groups.created_at",CONFIRMED source / PROPOSED target
announcement_class_groups,updated_at,timestamp,YES,NULL,timestamp NULL DEFAULT NULL,operations.announcement_class_groups,updated_at,timestamptz,"Interpret using approved legacy application timezone, convert to UTC; UNVERIFIED until timezone approval.",NOT NULL only if source is NOT NULL and profiling proves no invalid/null rows; otherwise staged nullable,"null-count, distinct-count, min/max/length and deterministic transformed-value hash for announcement_class_groups.updated_at",CONFIRMED source / PROPOSED target
announcements,id,bigint(20),NO,NO DEFAULT,bigint(20) NOT NULL,operations.announcements,id,bigint,Cast signed/unsigned identifier; resolve through legacy_key_map when relational.,NOT NULL only if source is NOT NULL and profiling proves no invalid/null rows; otherwise staged nullable,"null-count, distinct-count, min/max/length and deterministic transformed-value hash for announcements.id",CONFIRMED source / PROPOSED target
announcements,group_id,varchar(250),YES,NULL,varchar(250) DEFAULT NULL,operations.announcements,group_id,bigint,Cast signed/unsigned identifier; resolve through legacy_key_map when relational.,NOT NULL only if source is NOT NULL and profiling proves no invalid/null rows; otherwise staged nullable,"null-count, distinct-count, min/max/length and deterministic transformed-value hash for announcements.group_id",CONFIRMED source / PROPOSED target
announcements,topic,varchar(250),YES,NULL,varchar(250) DEFAULT NULL,operations.announcements,topic,text,Preserve exact value initially; normalize only through approved lookup mapping.,NOT NULL only if source is NOT NULL and profiling proves no invalid/null rows; otherwise staged nullable,"null-count, distinct-count, min/max/length and deterministic transformed-value hash for announcements.topic",CONFIRMED source / PROPOSED target
announcements,message,varchar(250),YES,NULL,varchar(250) DEFAULT NULL,operations.announcements,message,text,Preserve exact value initially; normalize only through approved lookup mapping.,NOT NULL only if source is NOT NULL and profiling proves no invalid/null rows; otherwise staged nullable,"null-count, distinct-count, min/max/length and deterministic transformed-value hash for announcements.message",CONFIRMED source / PROPOSED target
announcements,status,char(5),YES,'A',char(5) DEFAULT 'A',operations.announcements,status,text,Preserve exact value initially; normalize only through approved lookup mapping.,NOT NULL only if source is NOT NULL and profiling proves no invalid/null rows; otherwise staged nullable,"null-count, distinct-count, min/max/length and deterministic transformed-value hash for announcements.status",CONFIRMED source / PROPOSED target
announcements,created_at,timestamp,YES,NULL,timestamp NULL DEFAULT NULL,operations.announcements,created_at,timestamptz,"Interpret using approved legacy application timezone, convert to UTC; UNVERIFIED until timezone approval.",NOT NULL only if source is NOT NULL and profiling proves no invalid/null rows; otherwise staged nullable,"null-count, distinct-count, min/max/length and deterministic transformed-value hash for announcements.created_at",CONFIRMED source / PROPOSED target
announcements,updated_at,timestamp,YES,NULL,timestamp NULL DEFAULT NULL,operations.announcements,updated_at,timestamptz,"Interpret using approved legacy application timezone, convert to UTC; UNVERIFIED until timezone approval.",NOT NULL only if source is NOT NULL and profiling proves no invalid/null rows; otherwise staged nullable,"null-count, distinct-count, min/max/length and deterministic transformed-value hash for announcements.updated_at",CONFIRMED source / PROPOSED target
announcements,created_by,bigint(20),YES,NULL,bigint(20) DEFAULT NULL,operations.announcements,created_by,bigint,Exact integer cast; range-check unsigned values.,NOT NULL only if source is NOT NULL and profiling proves no invalid/null rows; otherwise staged nullable,"null-count, distinct-count, min/max/length and deterministic transformed-value hash for announcements.created_by",CONFIRMED source / PROPOSED target
announcements,updated_by,bigint(20),YES,NULL,bigint(20) DEFAULT NULL,operations.announcements,updated_by,bigint,Exact integer cast; range-check unsigned values.,NOT NULL only if source is NOT NULL and profiling proves no invalid/null rows; otherwise staged nullable,"null-count, distinct-count, min/max/length and deterministic transformed-value hash for announcements.updated_by",CONFIRMED source / PROPOSED target
announcements,anounce_date,date,YES,NULL,date DEFAULT NULL,operations.announcements,anounce_date,date,ISO date cast; reject zero/invalid dates.,NOT NULL only if source is NOT NULL and profiling proves no invalid/null rows; otherwise staged nullable,"null-count, distinct-count, min/max/length and deterministic transformed-value hash for announcements.anounce_date",CONFIRMED source / PROPOSED target
announcements,anounce_date_end,date,YES,NULL,date DEFAULT NULL,operations.announcements,anounce_date_end,date,ISO date cast; reject zero/invalid dates.,NOT NULL only if source is NOT NULL and profiling proves no invalid/null rows; otherwise staged nullable,"null-count, distinct-count, min/max/length and deterministic transformed-value hash for announcements.anounce_date_end",CONFIRMED source / PROPOSED target
announcements,file_path,varchar(255),YES,NULL,varchar(255) DEFAULT NULL,operations.announcements,file_file_id,text,Preserve exact value initially; normalize only through approved lookup mapping.,NOT NULL only if source is NOT NULL and profiling proves no invalid/null rows; otherwise staged nullable,"null-count, distinct-count, min/max/length and deterministic transformed-value hash for announcements.file_path",CONFIRMED source / PROPOSED target
arcs,id,int(10) UNSIGNED,NO,NO DEFAULT,int(10) UNSIGNED NOT NULL,candidate.arcs,id,bigint,Cast signed/unsigned identifier; resolve through legacy_key_map when relational.,NOT NULL only if source is NOT NULL and profiling proves no invalid/null rows; otherwise staged nullable,"null-count, distinct-count, min/max/length and deterministic transformed-value hash for arcs.id",CONFIRMED source / PROPOSED target
arcs,issue_date,date,YES,NULL,date DEFAULT NULL,candidate.arcs,issue_date,date,ISO date cast; reject zero/invalid dates.,NOT NULL only if source is NOT NULL and profiling proves no invalid/null rows; otherwise staged nullable,"null-count, distinct-count, min/max/length and deterministic transformed-value hash for arcs.issue_date",CONFIRMED source / PROPOSED target
arcs,expire_date,date,YES,NULL,date DEFAULT NULL,candidate.arcs,expire_date,date,ISO date cast; reject zero/invalid dates.,NOT NULL only if source is NOT NULL and profiling proves no invalid/null rows; otherwise staged nullable,"null-count, distinct-count, min/max/length and deterministic transformed-value hash for arcs.expire_date",CONFIRMED source / PROPOSED target
arcs,is_lifetime,char(5),YES,NULL,char(5) DEFAULT NULL,candidate.arcs,is_lifetime,text,Preserve exact value initially; normalize only through approved lookup mapping.,NOT NULL only if source is NOT NULL and profiling proves no invalid/null rows; otherwise staged nullable,"null-count, distinct-count, min/max/length and deterministic transformed-value hash for arcs.is_lifetime",CONFIRMED source / PROPOSED target
arcs,status,char(5),YES,NULL,char(5) DEFAULT NULL,candidate.arcs,status,text,Preserve exact value initially; normalize only through approved lookup mapping.,NOT NULL only if source is NOT NULL and profiling proves no invalid/null rows; otherwise staged nullable,"null-count, distinct-count, min/max/length and deterministic transformed-value hash for arcs.status",CONFIRMED source / PROPOSED target
arcs,candidate_id,int(11),YES,NULL,int(11) DEFAULT NULL,candidate.arcs,candidate_id,bigint,Cast signed/unsigned identifier; resolve through legacy_key_map when relational.,NOT NULL only if source is NOT NULL and profiling proves no invalid/null rows; otherwise staged nullable,"null-count, distinct-count, min/max/length and deterministic transformed-value hash for arcs.candidate_id",CONFIRMED source / PROPOSED target
arcs,created_at,timestamp,YES,NULL,timestamp NULL DEFAULT NULL,candidate.arcs,created_at,timestamptz,"Interpret using approved legacy application timezone, convert to UTC; UNVERIFIED until timezone approval.",NOT NULL only if source is NOT NULL and profiling proves no invalid/null rows; otherwise staged nullable,"null-count, distinct-count, min/max/length and deterministic transformed-value hash for arcs.created_at",CONFIRMED source / PROPOSED target
arcs,updated_at,timestamp,YES,NULL,timestamp NULL DEFAULT NULL,candidate.arcs,updated_at,timestamptz,"Interpret using approved legacy application timezone, convert to UTC; UNVERIFIED until timezone approval.",NOT NULL only if source is NOT NULL and profiling proves no invalid/null rows; otherwise staged nullable,"null-count, distinct-count, min/max/length and deterministic transformed-value hash for arcs.updated_at",CONFIRMED source / PROPOSED target
arcs,acr_file_path,varchar(255),YES,NULL,varchar(255) DEFAULT NULL,candidate.arcs,arc_file_id,text,Preserve exact value initially; normalize only through approved lookup mapping.,NOT NULL only if source is NOT NULL and profiling proves no invalid/null rows; otherwise staged nullable,"null-count, distinct-count, min/max/length and deterministic transformed-value hash for arcs.acr_file_path",CONFIRMED source / PROPOSED target
arcs,arc_number,varchar(255),YES,NULL,varchar(255) DEFAULT NULL,candidate.arcs,arc_number,text,Preserve exact value initially; normalize only through approved lookup mapping.,NOT NULL only if source is NOT NULL and profiling proves no invalid/null rows; otherwise staged nullable,"null-count, distinct-count, min/max/length and deterministic transformed-value hash for arcs.arc_number",CONFIRMED source / PROPOSED target
attribute_list,id,int(10) UNSIGNED,NO,NO DEFAULT,int(10) UNSIGNED NOT NULL,operations.attribute_list,id,bigint,Cast signed/unsigned identifier; resolve through legacy_key_map when relational.,NOT NULL only if source is NOT NULL and profiling proves no invalid/null rows; otherwise staged nullable,"null-count, distinct-count, min/max/length and deterministic transformed-value hash for attribute_list.id",CONFIRMED source / PROPOSED target
attribute_list,user_id,int(11),YES,NULL,int(11) DEFAULT NULL,operations.attribute_list,user_id,bigint,Cast signed/unsigned identifier; resolve through legacy_key_map when relational.,NOT NULL only if source is NOT NULL and profiling proves no invalid/null rows; otherwise staged nullable,"null-count, distinct-count, min/max/length and deterministic transformed-value hash for attribute_list.user_id",CONFIRMED source / PROPOSED target
attribute_list,attribute_name,varchar(255),YES,NULL,varchar(255) DEFAULT NULL,operations.attribute_list,attribute_name,text,Preserve exact value initially; normalize only through approved lookup mapping.,NOT NULL only if source is NOT NULL and profiling proves no invalid/null rows; otherwise staged nullable,"null-count, distinct-count, min/max/length and deterministic transformed-value hash for attribute_list.attribute_name",CONFIRMED source / PROPOSED target
attribute_list,created_at,timestamp,YES,NULL,timestamp NULL DEFAULT NULL,operations.attribute_list,created_at,timestamptz,"Interpret using approved legacy application timezone, convert to UTC; UNVERIFIED until timezone approval.",NOT NULL only if source is NOT NULL and profiling proves no invalid/null rows; otherwise staged nullable,"null-count, distinct-count, min/max/length and deterministic transformed-value hash for attribute_list.created_at",CONFIRMED source / PROPOSED target
attribute_list,updated_at,timestamp,YES,NULL,timestamp NULL DEFAULT NULL,operations.attribute_list,updated_at,timestamptz,"Interpret using approved legacy application timezone, convert to UTC; UNVERIFIED until timezone approval.",NOT NULL only if source is NOT NULL and profiling proves no invalid/null rows; otherwise staged nullable,"null-count, distinct-count, min/max/length and deterministic transformed-value hash for attribute_list.updated_at",CONFIRMED source / PROPOSED target
candidate_documents,id,int(10) UNSIGNED,NO,NO DEFAULT,int(10) UNSIGNED NOT NULL,candidate.candidate_documents,id,bigint,Cast signed/unsigned identifier; resolve through legacy_key_map when relational.,NOT NULL only if source is NOT NULL and profiling proves no invalid/null rows; otherwise staged nullable,"null-count, distinct-count, min/max/length and deterministic transformed-value hash for candidate_documents.id",CONFIRMED source / PROPOSED target
candidate_documents,candidate_id,int(11),YES,NULL,int(11) DEFAULT NULL,candidate.candidate_documents,candidate_id,bigint,Cast signed/unsigned identifier; resolve through legacy_key_map when relational.,NOT NULL only if source is NOT NULL and profiling proves no invalid/null rows; otherwise staged nullable,"null-count, distinct-count, min/max/length and deterministic transformed-value hash for candidate_documents.candidate_id",CONFIRMED source / PROPOSED target
candidate_documents,document_type_id,int(11),YES,NULL,int(11) DEFAULT NULL,candidate.candidate_documents,document_type_id,bigint,Cast signed/unsigned identifier; resolve through legacy_key_map when relational.,NOT NULL only if source is NOT NULL and profiling proves no invalid/null rows; otherwise staged nullable,"null-count, distinct-count, min/max/length and deterministic transformed-value hash for candidate_documents.document_type_id",CONFIRMED source / PROPOSED target
candidate_documents,document_no,varchar(255),YES,NULL,varchar(255) DEFAULT NULL,candidate.candidate_documents,document_no,text,Preserve exact value initially; normalize only through approved lookup mapping.,NOT NULL only if source is NOT NULL and profiling proves no invalid/null rows; otherwise staged nullable,"null-count, distinct-count, min/max/length and deterministic transformed-value hash for candidate_documents.document_no",CONFIRMED source / PROPOSED target
candidate_documents,issue_type,varchar(255),YES,'NEW',varchar(255) DEFAULT 'NEW',candidate.candidate_documents,issue_type,text,Preserve exact value initially; normalize only through approved lookup mapping.,NOT NULL only if source is NOT NULL and profiling proves no invalid/null rows; otherwise staged nullable,"null-count, distinct-count, min/max/length and deterministic transformed-value hash for candidate_documents.issue_type",CONFIRMED source / PROPOSED target
candidate_documents,issue_date,date,YES,NULL,date DEFAULT NULL,candidate.candidate_documents,issue_date,date,ISO date cast; reject zero/invalid dates.,NOT NULL only if source is NOT NULL and profiling proves no invalid/null rows; otherwise staged nullable,"null-count, distinct-count, min/max/length and deterministic transformed-value hash for candidate_documents.issue_date",CONFIRMED source / PROPOSED target
candidate_documents,expire_date,date,YES,NULL,date DEFAULT NULL,candidate.candidate_documents,expire_date,date,ISO date cast; reject zero/invalid dates.,NOT NULL only if source is NOT NULL and profiling proves no invalid/null rows; otherwise staged nullable,"null-count, distinct-count, min/max/length and deterministic transformed-value hash for candidate_documents.expire_date",CONFIRMED source / PROPOSED target
candidate_documents,reason,varchar(255),YES,NULL,varchar(255) DEFAULT NULL,candidate.candidate_documents,reason,text,Preserve exact value initially; normalize only through approved lookup mapping.,NOT NULL only if source is NOT NULL and profiling proves no invalid/null rows; otherwise staged nullable,"null-count, distinct-count, min/max/length and deterministic transformed-value hash for candidate_documents.reason",CONFIRMED source / PROPOSED target
candidate_documents,file_path,varchar(255),YES,NULL,varchar(255) DEFAULT NULL,candidate.candidate_documents,file_file_id,text,Preserve exact value initially; normalize only through approved lookup mapping.,NOT NULL only if source is NOT NULL and profiling proves no invalid/null rows; otherwise staged nullable,"null-count, distinct-count, min/max/length and deterministic transformed-value hash for candidate_documents.file_path",CONFIRMED source / PROPOSED target
candidate_documents,status,char(5),YES,'P',char(5) DEFAULT 'P',candidate.candidate_documents,status,text,Preserve exact value initially; normalize only through approved lookup mapping.,NOT NULL only if source is NOT NULL and profiling proves no invalid/null rows; otherwise staged nullable,"null-count, distinct-count, min/max/length and deterministic transformed-value hash for candidate_documents.status",CONFIRMED source / PROPOSED target
candidate_documents,created_by,int(11),YES,NULL,int(11) DEFAULT NULL,candidate.candidate_documents,created_by,integer,Exact integer cast; range-check unsigned values.,NOT NULL only if source is NOT NULL and profiling proves no invalid/null rows; otherwise staged nullable,"null-count, distinct-count, min/max/length and deterministic transformed-value hash for candidate_documents.created_by",CONFIRMED source / PROPOSED target
candidate_documents,created_at,timestamp,YES,NULL,timestamp NULL DEFAULT NULL,candidate.candidate_documents,created_at,timestamptz,"Interpret using approved legacy application timezone, convert to UTC; UNVERIFIED until timezone approval.",NOT NULL only if source is NOT NULL and profiling proves no invalid/null rows; otherwise staged nullable,"null-count, distinct-count, min/max/length and deterministic transformed-value hash for candidate_documents.created_at",CONFIRMED source / PROPOSED target
candidate_documents,updated_at,timestamp,YES,NULL,timestamp NULL DEFAULT NULL,candidate.candidate_documents,updated_at,timestamptz,"Interpret using approved legacy application timezone, convert to UTC; UNVERIFIED until timezone approval.",NOT NULL only if source is NOT NULL and profiling proves no invalid/null rows; otherwise staged nullable,"null-count, distinct-count, min/max/length and deterministic transformed-value hash for candidate_documents.updated_at",CONFIRMED source / PROPOSED target
candidates,id,bigint(20) UNSIGNED,NO,NO DEFAULT,bigint(20) UNSIGNED NOT NULL,candidate.candidates,id,bigint,Cast signed/unsigned identifier; resolve through legacy_key_map when relational.,NOT NULL only if source is NOT NULL and profiling proves no invalid/null rows; otherwise staged nullable,"null-count, distinct-count, min/max/length and deterministic transformed-value hash for candidates.id",CONFIRMED source / PROPOSED target
candidates,code,varchar(100),YES,NULL,varchar(100) DEFAULT NULL,candidate.candidates,code,text,Preserve exact value initially; normalize only through approved lookup mapping.,NOT NULL only if source is NOT NULL and profiling proves no invalid/null rows; otherwise staged nullable,"null-count, distinct-count, min/max/length and deterministic transformed-value hash for candidates.code",CONFIRMED source / PROPOSED target
candidates,name,varchar(100),YES,NULL,varchar(100) DEFAULT NULL,candidate.candidates,name,text,Preserve exact value initially; normalize only through approved lookup mapping.,NOT NULL only if source is NOT NULL and profiling proves no invalid/null rows; otherwise staged nullable,"null-count, distinct-count, min/max/length and deterministic transformed-value hash for candidates.name",CONFIRMED source / PROPOSED target
candidates,email,varchar(250),YES,NULL,varchar(250) DEFAULT NULL,candidate.candidates,email,text,Preserve exact value initially; normalize only through approved lookup mapping.,NOT NULL only if source is NOT NULL and profiling proves no invalid/null rows; otherwise staged nullable,"null-count, distinct-count, min/max/length and deterministic transformed-value hash for candidates.email",CONFIRMED source / PROPOSED target
candidates,secondary_email,varchar(250),YES,NULL,varchar(250) DEFAULT NULL,candidate.candidates,secondary_email,text,Preserve exact value initially; normalize only through approved lookup mapping.,NOT NULL only if source is NOT NULL and profiling proves no invalid/null rows; otherwise staged nullable,"null-count, distinct-count, min/max/length and deterministic transformed-value hash for candidates.secondary_email",CONFIRMED source / PROPOSED target
candidates,mobile,varchar(250),YES,NULL,varchar(250) DEFAULT NULL,candidate.candidates,mobile,text,Preserve exact value initially; normalize only through approved lookup mapping.,NOT NULL only if source is NOT NULL and profiling proves no invalid/null rows; otherwise staged nullable,"null-count, distinct-count, min/max/length and deterministic transformed-value hash for candidates.mobile",CONFIRMED source / PROPOSED target
candidates,secondary_mobile,varchar(250),YES,NULL,varchar(250) DEFAULT NULL,candidate.candidates,secondary_mobile,text,Preserve exact value initially; normalize only through approved lookup mapping.,NOT NULL only if source is NOT NULL and profiling proves no invalid/null rows; otherwise staged nullable,"null-count, distinct-count, min/max/length and deterministic transformed-value hash for candidates.secondary_mobile",CONFIRMED source / PROPOSED target
candidates,emergency_mobile,varchar(250),YES,NULL,varchar(250) DEFAULT NULL,candidate.candidates,emergency_mobile,text,Preserve exact value initially; normalize only through approved lookup mapping.,NOT NULL only if source is NOT NULL and profiling proves no invalid/null rows; otherwise staged nullable,"null-count, distinct-count, min/max/length and deterministic transformed-value hash for candidates.emergency_mobile",CONFIRMED source / PROPOSED target
candidates,bid,varchar(250),YES,NULL,varchar(250) DEFAULT NULL,candidate.candidates,bid,text,Preserve exact value initially; normalize only through approved lookup mapping.,NOT NULL only if source is NOT NULL and profiling proves no invalid/null rows; otherwise staged nullable,"null-count, distinct-count, min/max/length and deterministic transformed-value hash for candidates.bid",CONFIRMED source / PROPOSED target
candidates,bid_file_path,longtext,YES,NULL,longtext DEFAULT NULL,candidate.candidates,bid_file_id,text,Preserve bytes/text semantically; file-like JSON handled by document migration.,NOT NULL only if source is NOT NULL and profiling proves no invalid/null rows; otherwise staged nullable,"null-count, distinct-count, min/max/length and deterministic transformed-value hash for candidates.bid_file_path",CONFIRMED source / PROPOSED target
candidates,nid,varchar(250),YES,NULL,varchar(250) DEFAULT NULL,candidate.candidates,nid,text,Preserve exact value initially; normalize only through approved lookup mapping.,NOT NULL only if source is NOT NULL and profiling proves no invalid/null rows; otherwise staged nullable,"null-count, distinct-count, min/max/length and deterministic transformed-value hash for candidates.nid",CONFIRMED source / PROPOSED target
candidates,nid_file_path,varchar(255),YES,NULL,varchar(255) DEFAULT NULL,candidate.candidates,nid_file_id,text,Preserve exact value initially; normalize only through approved lookup mapping.,NOT NULL only if source is NOT NULL and profiling proves no invalid/null rows; otherwise staged nullable,"null-count, distinct-count, min/max/length and deterministic transformed-value hash for candidates.nid_file_path",CONFIRMED source / PROPOSED target
candidates,passport_no,varchar(250),YES,NULL,varchar(250) DEFAULT NULL,candidate.candidates,passport_no,text,Preserve exact value initially; normalize only through approved lookup mapping.,NOT NULL only if source is NOT NULL and profiling proves no invalid/null rows; otherwise staged nullable,"null-count, distinct-count, min/max/length and deterministic transformed-value hash for candidates.passport_no",CONFIRMED source / PROPOSED target
candidates,passport_issue_date,date,YES,NULL,date DEFAULT NULL,candidate.candidates,passport_issue_date,date,ISO date cast; reject zero/invalid dates.,NOT NULL only if source is NOT NULL and profiling proves no invalid/null rows; otherwise staged nullable,"null-count, distinct-count, min/max/length and deterministic transformed-value hash for candidates.passport_issue_date",CONFIRMED source / PROPOSED target
candidates,passport_expire_date,date,YES,NULL,date DEFAULT NULL,candidate.candidates,passport_expire_date,date,ISO date cast; reject zero/invalid dates.,NOT NULL only if source is NOT NULL and profiling proves no invalid/null rows; otherwise staged nullable,"null-count, distinct-count, min/max/length and deterministic transformed-value hash for candidates.passport_expire_date",CONFIRMED source / PROPOSED target
candidates,passport_file_path,longtext,YES,NULL,longtext DEFAULT NULL,candidate.candidates,passport_file_id,text,Preserve bytes/text semantically; file-like JSON handled by document migration.,NOT NULL only if source is NOT NULL and profiling proves no invalid/null rows; otherwise staged nullable,"null-count, distinct-count, min/max/length and deterministic transformed-value hash for candidates.passport_file_path",CONFIRMED source / PROPOSED target
candidates,dob,date,YES,NULL,date DEFAULT NULL,candidate.candidates,dob,date,ISO date cast; reject zero/invalid dates.,NOT NULL only if source is NOT NULL and profiling proves no invalid/null rows; otherwise staged nullable,"null-count, distinct-count, min/max/length and deterministic transformed-value hash for candidates.dob",CONFIRMED source / PROPOSED target
candidates,full_photo_file_path,longtext,YES,NULL,longtext DEFAULT NULL,candidate.candidates,full_photo_file_id,text,Preserve bytes/text semantically; file-like JSON handled by document migration.,NOT NULL only if source is NOT NULL and profiling proves no invalid/null rows; otherwise staged nullable,"null-count, distinct-count, min/max/length and deterministic transformed-value hash for candidates.full_photo_file_path",CONFIRMED source / PROPOSED target
candidates,half_photo_file_path,longtext,YES,NULL,longtext DEFAULT NULL,candidate.candidates,half_photo_file_id,text,Preserve bytes/text semantically; file-like JSON handled by document migration.,NOT NULL only if source is NOT NULL and profiling proves no invalid/null rows; otherwise staged nullable,"null-count, distinct-count, min/max/length and deterministic transformed-value hash for candidates.half_photo_file_path",CONFIRMED source / PROPOSED target
candidates,father_name,varchar(250),YES,NULL,varchar(250) DEFAULT NULL,candidate.candidates,father_name,text,Preserve exact value initially; normalize only through approved lookup mapping.,NOT NULL only if source is NOT NULL and profiling proves no invalid/null rows; otherwise staged nullable,"null-count, distinct-count, min/max/length and deterministic transformed-value hash for candidates.father_name",CONFIRMED source / PROPOSED target
candidates,mother_name,varchar(250),YES,NULL,varchar(250) DEFAULT NULL,candidate.candidates,mother_name,text,Preserve exact value initially; normalize only through approved lookup mapping.,NOT NULL only if source is NOT NULL and profiling proves no invalid/null rows; otherwise staged nullable,"null-count, distinct-count, min/max/length and deterministic transformed-value hash for candidates.mother_name",CONFIRMED source / PROPOSED target
candidates,nationality,varchar(250),YES,NULL,varchar(250) DEFAULT NULL,candidate.candidates,nationality,text,Preserve exact value initially; normalize only through approved lookup mapping.,NOT NULL only if source is NOT NULL and profiling proves no invalid/null rows; otherwise staged nullable,"null-count, distinct-count, min/max/length and deterministic transformed-value hash for candidates.nationality",CONFIRMED source / PROPOSED target
candidates,gender,varchar(20),YES,NULL,varchar(20) DEFAULT NULL,candidate.candidates,gender,text,Preserve exact value initially; normalize only through approved lookup mapping.,NOT NULL only if source is NOT NULL and profiling proves no invalid/null rows; otherwise staged nullable,"null-count, distinct-count, min/max/length and deterministic transformed-value hash for candidates.gender",CONFIRMED source / PROPOSED target
candidates,blood_group,varchar(20),YES,NULL,varchar(20) DEFAULT NULL,candidate.candidates,blood_group,text,Preserve exact value initially; normalize only through approved lookup mapping.,NOT NULL only if source is NOT NULL and profiling proves no invalid/null rows; otherwise staged nullable,"null-count, distinct-count, min/max/length and deterministic transformed-value hash for candidates.blood_group",CONFIRMED source / PROPOSED target
candidates,present_address_house,varchar(200),YES,NULL,varchar(200) DEFAULT NULL,candidate.candidates,present_address_house,text,Preserve exact value initially; normalize only through approved lookup mapping.,NOT NULL only if source is NOT NULL and profiling proves no invalid/null rows; otherwise staged nullable,"null-count, distinct-count, min/max/length and deterministic transformed-value hash for candidates.present_address_house",CONFIRMED source / PROPOSED target
candidates,present_address_road,varchar(20),YES,NULL,varchar(20) DEFAULT NULL,candidate.candidates,present_address_road,text,Preserve exact value initially; normalize only through approved lookup mapping.,NOT NULL only if source is NOT NULL and profiling proves no invalid/null rows; otherwise staged nullable,"null-count, distinct-count, min/max/length and deterministic transformed-value hash for candidates.present_address_road",CONFIRMED source / PROPOSED target
candidates,present_address_village,varchar(20),YES,NULL,varchar(20) DEFAULT NULL,candidate.candidates,present_address_village,text,Preserve exact value initially; normalize only through approved lookup mapping.,NOT NULL only if source is NOT NULL and profiling proves no invalid/null rows; otherwise staged nullable,"null-count, distinct-count, min/max/length and deterministic transformed-value hash for candidates.present_address_village",CONFIRMED source / PROPOSED target
candidates,present_address_post,varchar(20),YES,NULL,varchar(20) DEFAULT NULL,candidate.candidates,present_address_post,text,Preserve exact value initially; normalize only through approved lookup mapping.,NOT NULL only if source is NOT NULL and profiling proves no invalid/null rows; otherwise staged nullable,"null-count, distinct-count, min/max/length and deterministic transformed-value hash for candidates.present_address_post",CONFIRMED source / PROPOSED target
candidates,present_address_thana_id,bigint(20),YES,NULL,bigint(20) DEFAULT NULL,candidate.candidates,present_address_thana_id,bigint,Cast signed/unsigned identifier; resolve through legacy_key_map when relational.,NOT NULL only if source is NOT NULL and profiling proves no invalid/null rows; otherwise staged nullable,"null-count, distinct-count, min/max/length and deterministic transformed-value hash for candidates.present_address_thana_id",CONFIRMED source / PROPOSED target
candidates,present_address_district_id,bigint(20),YES,NULL,bigint(20) DEFAULT NULL,candidate.candidates,present_address_district_id,bigint,Cast signed/unsigned identifier; resolve through legacy_key_map when relational.,NOT NULL only if source is NOT NULL and profiling proves no invalid/null rows; otherwise staged nullable,"null-count, distinct-count, min/max/length and deterministic transformed-value hash for candidates.present_address_district_id",CONFIRMED source / PROPOSED target
candidates,present_address_division_id,bigint(20),YES,NULL,bigint(20) DEFAULT NULL,candidate.candidates,present_address_division_id,bigint,Cast signed/unsigned identifier; resolve through legacy_key_map when relational.,NOT NULL only if source is NOT NULL and profiling proves no invalid/null rows; otherwise staged nullable,"null-count, distinct-count, min/max/length and deterministic transformed-value hash for candidates.present_address_division_id",CONFIRMED source / PROPOSED target
candidates,permanent_address_house,varchar(200),YES,NULL,varchar(200) DEFAULT NULL,candidate.candidates,permanent_address_house,text,Preserve exact value initially; normalize only through approved lookup mapping.,NOT NULL only if source is NOT NULL and profiling proves no invalid/null rows; otherwise staged nullable,"null-count, distinct-count, min/max/length and deterministic transformed-value hash for candidates.permanent_address_house",CONFIRMED source / PROPOSED target
candidates,permanent_address_road,varchar(20),YES,NULL,varchar(20) DEFAULT NULL,candidate.candidates,permanent_address_road,text,Preserve exact value initially; normalize only through approved lookup mapping.,NOT NULL only if source is NOT NULL and profiling proves no invalid/null rows; otherwise staged nullable,"null-count, distinct-count, min/max/length and deterministic transformed-value hash for candidates.permanent_address_road",CONFIRMED source / PROPOSED target
candidates,permanent_address_village,varchar(20),YES,NULL,varchar(20) DEFAULT NULL,candidate.candidates,permanent_address_village,text,Preserve exact value initially; normalize only through approved lookup mapping.,NOT NULL only if source is NOT NULL and profiling proves no invalid/null rows; otherwise staged nullable,"null-count, distinct-count, min/max/length and deterministic transformed-value hash for candidates.permanent_address_village",CONFIRMED source / PROPOSED target
candidates,permanent_address_post,varchar(20),YES,NULL,varchar(20) DEFAULT NULL,candidate.candidates,permanent_address_post,text,Preserve exact value initially; normalize only through approved lookup mapping.,NOT NULL only if source is NOT NULL and profiling proves no invalid/null rows; otherwise staged nullable,"null-count, distinct-count, min/max/length and deterministic transformed-value hash for candidates.permanent_address_post",CONFIRMED source / PROPOSED target
candidates,permanent_address_thana_id,bigint(20),YES,NULL,bigint(20) DEFAULT NULL,candidate.candidates,permanent_address_thana_id,bigint,Cast signed/unsigned identifier; resolve through legacy_key_map when relational.,NOT NULL only if source is NOT NULL and profiling proves no invalid/null rows; otherwise staged nullable,"null-count, distinct-count, min/max/length and deterministic transformed-value hash for candidates.permanent_address_thana_id",CONFIRMED source / PROPOSED target
candidates,permanent_address_district_id,bigint(20),YES,NULL,bigint(20) DEFAULT NULL,candidate.candidates,permanent_address_district_id,bigint,Cast signed/unsigned identifier; resolve through legacy_key_map when relational.,NOT NULL only if source is NOT NULL and profiling proves no invalid/null rows; otherwise staged nullable,"null-count, distinct-count, min/max/length and deterministic transformed-value hash for candidates.permanent_address_district_id",CONFIRMED source / PROPOSED target
candidates,permanent_address_division_id,bigint(20),YES,NULL,bigint(20) DEFAULT NULL,candidate.candidates,permanent_address_division_id,bigint,Cast signed/unsigned identifier; resolve through legacy_key_map when relational.,NOT NULL only if source is NOT NULL and profiling proves no invalid/null rows; otherwise staged nullable,"null-count, distinct-count, min/max/length and deterministic transformed-value hash for candidates.permanent_address_division_id",CONFIRMED source / PROPOSED target
candidates,basic_info_career,longtext,YES,NULL,longtext DEFAULT NULL,candidate.candidates,basic_info_career,text,Preserve bytes/text semantically; file-like JSON handled by document migration.,NOT NULL only if source is NOT NULL and profiling proves no invalid/null rows; otherwise staged nullable,"null-count, distinct-count, min/max/length and deterministic transformed-value hash for candidates.basic_info_career",CONFIRMED source / PROPOSED target
candidates,basic_info_special,longtext,YES,NULL,longtext DEFAULT NULL,candidate.candidates,basic_info_special,text,Preserve bytes/text semantically; file-like JSON handled by document migration.,NOT NULL only if source is NOT NULL and profiling proves no invalid/null rows; otherwise staged nullable,"null-count, distinct-count, min/max/length and deterministic transformed-value hash for candidates.basic_info_special",CONFIRMED source / PROPOSED target
candidates,other_skills,longtext,YES,NULL,longtext DEFAULT NULL,candidate.candidates,other_skills,text,Preserve bytes/text semantically; file-like JSON handled by document migration.,NOT NULL only if source is NOT NULL and profiling proves no invalid/null rows; otherwise staged nullable,"null-count, distinct-count, min/max/length and deterministic transformed-value hash for candidates.other_skills",CONFIRMED source / PROPOSED target
candidates,balance,float,YES,0,float DEFAULT 0,candidate.candidates,balance,"numeric(20,6)",Parse decimal text exactly; no binary-float arithmetic; round only at posted transaction boundary.,NOT NULL only if source is NOT NULL and profiling proves no invalid/null rows; otherwise staged nullable,"null-count, distinct-count, min/max/length and deterministic transformed-value hash for candidates.balance",CONFIRMED source / PROPOSED target
candidates,cv_file_path,longtext,YES,NULL,longtext DEFAULT NULL,candidate.candidates,cv_file_id,text,Preserve bytes/text semantically; file-like JSON handled by document migration.,NOT NULL only if source is NOT NULL and profiling proves no invalid/null rows; otherwise staged nullable,"null-count, distinct-count, min/max/length and deterministic transformed-value hash for candidates.cv_file_path",CONFIRMED source / PROPOSED target
candidates,status,char(5),YES,'A',char(5) DEFAULT 'A',candidate.candidates,status,text,Preserve exact value initially; normalize only through approved lookup mapping.,NOT NULL only if source is NOT NULL and profiling proves no invalid/null rows; otherwise staged nullable,"null-count, distinct-count, min/max/length and deterministic transformed-value hash for candidates.status",CONFIRMED source / PROPOSED target
candidates,created_at,timestamp,YES,NULL,timestamp NULL DEFAULT NULL,candidate.candidates,created_at,timestamptz,"Interpret using approved legacy application timezone, convert to UTC; UNVERIFIED until timezone approval.",NOT NULL only if source is NOT NULL and profiling proves no invalid/null rows; otherwise staged nullable,"null-count, distinct-count, min/max/length and deterministic transformed-value hash for candidates.created_at",CONFIRMED source / PROPOSED target
candidates,updated_at,timestamp,YES,NULL,timestamp NULL DEFAULT NULL,candidate.candidates,updated_at,timestamptz,"Interpret using approved legacy application timezone, convert to UTC; UNVERIFIED until timezone approval.",NOT NULL only if source is NOT NULL and profiling proves no invalid/null rows; otherwise staged nullable,"null-count, distinct-count, min/max/length and deterministic transformed-value hash for candidates.updated_at",CONFIRMED source / PROPOSED target
candidates,agent_id,int(11),YES,NULL,int(11) DEFAULT NULL,candidate.candidates,agent_id,bigint,Cast signed/unsigned identifier; resolve through legacy_key_map when relational.,NOT NULL only if source is NOT NULL and profiling proves no invalid/null rows; otherwise staged nullable,"null-count, distinct-count, min/max/length and deterministic transformed-value hash for candidates.agent_id",CONFIRMED source / PROPOSED target
candidates,class_group_id,int(11),YES,NULL,int(11) DEFAULT NULL,candidate.candidates,class_group_id,bigint,Cast signed/unsigned identifier; resolve through legacy_key_map when relational.,NOT NULL only if source is NOT NULL and profiling proves no invalid/null rows; otherwise staged nullable,"null-count, distinct-count, min/max/length and deterministic transformed-value hash for candidates.class_group_id",CONFIRMED source / PROPOSED target
candidates,remarks,varchar(255),YES,NULL,varchar(255) DEFAULT NULL,candidate.candidates,remarks,text,Preserve exact value initially; normalize only through approved lookup mapping.,NOT NULL only if source is NOT NULL and profiling proves no invalid/null rows; otherwise staged nullable,"null-count, distinct-count, min/max/length and deterministic transformed-value hash for candidates.remarks",CONFIRMED source / PROPOSED target
candidates,replacement_remarks,text,YES,NULL,text DEFAULT NULL,candidate.candidates,replacement_remarks,text,Preserve bytes/text semantically; file-like JSON handled by document migration.,NOT NULL only if source is NOT NULL and profiling proves no invalid/null rows; otherwise staged nullable,"null-count, distinct-count, min/max/length and deterministic transformed-value hash for candidates.replacement_remarks",CONFIRMED source / PROPOSED target
candidates,admission_payment_id,int(11),YES,NULL,int(11) DEFAULT NULL,candidate.candidates,admission_payment_id,bigint,Cast signed/unsigned identifier; resolve through legacy_key_map when relational.,NOT NULL only if source is NOT NULL and profiling proves no invalid/null rows; otherwise staged nullable,"null-count, distinct-count, min/max/length and deterministic transformed-value hash for candidates.admission_payment_id",CONFIRMED source / PROPOSED target
candidates,final_group_payment_id,int(11),YES,NULL,int(11) DEFAULT NULL,candidate.candidates,final_group_payment_id,bigint,Cast signed/unsigned identifier; resolve through legacy_key_map when relational.,NOT NULL only if source is NOT NULL and profiling proves no invalid/null rows; otherwise staged nullable,"null-count, distinct-count, min/max/length and deterministic transformed-value hash for candidates.final_group_payment_id",CONFIRMED source / PROPOSED target
candidates,medical_fee_payment_id,int(11),YES,NULL,int(11) DEFAULT NULL,candidate.candidates,medical_fee_payment_id,bigint,Cast signed/unsigned identifier; resolve through legacy_key_map when relational.,NOT NULL only if source is NOT NULL and profiling proves no invalid/null rows; otherwise staged nullable,"null-count, distinct-count, min/max/length and deterministic transformed-value hash for candidates.medical_fee_payment_id",CONFIRMED source / PROPOSED target
candidates,abroad_ex,int(11),YES,0,int(11) DEFAULT 0,candidate.candidates,abroad_ex,integer,Exact integer cast; range-check unsigned values.,NOT NULL only if source is NOT NULL and profiling proves no invalid/null rows; otherwise staged nullable,"null-count, distinct-count, min/max/length and deterministic transformed-value hash for candidates.abroad_ex",CONFIRMED source / PROPOSED target
candidates,local_ex,int(11),YES,0,int(11) DEFAULT 0,candidate.candidates,local_ex,integer,Exact integer cast; range-check unsigned values.,NOT NULL only if source is NOT NULL and profiling proves no invalid/null rows; otherwise staged nullable,"null-count, distinct-count, min/max/length and deterministic transformed-value hash for candidates.local_ex",CONFIRMED source / PROPOSED target
candidates,drive_link,varchar(250),YES,NULL,varchar(250) DEFAULT NULL,candidate.candidates,drive_link,text,Preserve exact value initially; normalize only through approved lookup mapping.,NOT NULL only if source is NOT NULL and profiling proves no invalid/null rows; otherwise staged nullable,"null-count, distinct-count, min/max/length and deterministic transformed-value hash for candidates.drive_link",CONFIRMED source / PROPOSED target
candidates,facebook_link,varchar(250),YES,NULL,varchar(250) DEFAULT NULL,candidate.candidates,facebook_link,text,Preserve exact value initially; normalize only through approved lookup mapping.,NOT NULL only if source is NOT NULL and profiling proves no invalid/null rows; otherwise staged nullable,"null-count, distinct-count, min/max/length and deterministic transformed-value hash for candidates.facebook_link",CONFIRMED source / PROPOSED target
candidates,youtube_link,varchar(250),YES,NULL,varchar(250) DEFAULT NULL,candidate.candidates,youtube_link,text,Preserve exact value initially; normalize only through approved lookup mapping.,NOT NULL only if source is NOT NULL and profiling proves no invalid/null rows; otherwise staged nullable,"null-count, distinct-count, min/max/length and deterministic transformed-value hash for candidates.youtube_link",CONFIRMED source / PROPOSED target
candidates,linkedin_link,varbinary(250),YES,NULL,varbinary(250) DEFAULT NULL,candidate.candidates,linkedin_link,text,UNVERIFIED mapping: preserve source lexical value pending type-specific review.,NOT NULL only if source is NOT NULL and profiling proves no invalid/null rows; otherwise staged nullable,"null-count, distinct-count, min/max/length and deterministic transformed-value hash for candidates.linkedin_link",CONFIRMED source / PROPOSED target
candidates,twitter_link,varchar(250),YES,NULL,varchar(250) DEFAULT NULL,candidate.candidates,twitter_link,text,Preserve exact value initially; normalize only through approved lookup mapping.,NOT NULL only if source is NOT NULL and profiling proves no invalid/null rows; otherwise staged nullable,"null-count, distinct-count, min/max/length and deterministic transformed-value hash for candidates.twitter_link",CONFIRMED source / PROPOSED target
candidates,instagram_link,varchar(250),YES,NULL,varchar(250) DEFAULT NULL,candidate.candidates,instagram_link,text,Preserve exact value initially; normalize only through approved lookup mapping.,NOT NULL only if source is NOT NULL and profiling proves no invalid/null rows; otherwise staged nullable,"null-count, distinct-count, min/max/length and deterministic transformed-value hash for candidates.instagram_link",CONFIRMED source / PROPOSED target
candidates,position,varchar(250),YES,NULL,varchar(250) DEFAULT NULL,candidate.candidates,position,text,Preserve exact value initially; normalize only through approved lookup mapping.,NOT NULL only if source is NOT NULL and profiling proves no invalid/null rows; otherwise staged nullable,"null-count, distinct-count, min/max/length and deterministic transformed-value hash for candidates.position",CONFIRMED source / PROPOSED target
candidates,skill_certificate_file_path,longtext,YES,NULL,longtext DEFAULT NULL,candidate.candidates,skill_certificate_file_id,text,Preserve bytes/text semantically; file-like JSON handled by document migration.,NOT NULL only if source is NOT NULL and profiling proves no invalid/null rows; otherwise staged nullable,"null-count, distinct-count, min/max/length and deterministic transformed-value hash for candidates.skill_certificate_file_path",CONFIRMED source / PROPOSED target
candidates,height,varchar(100),YES,'0',varchar(100) DEFAULT '0',candidate.candidates,height,text,Preserve exact value initially; normalize only through approved lookup mapping.,NOT NULL only if source is NOT NULL and profiling proves no invalid/null rows; otherwise staged nullable,"null-count, distinct-count, min/max/length and deterministic transformed-value hash for candidates.height",CONFIRMED source / PROPOSED target
candidates,weight,varchar(100),YES,'0',varchar(100) DEFAULT '0',candidate.candidates,weight,text,Preserve exact value initially; normalize only through approved lookup mapping.,NOT NULL only if source is NOT NULL and profiling proves no invalid/null rows; otherwise staged nullable,"null-count, distinct-count, min/max/length and deterministic transformed-value hash for candidates.weight",CONFIRMED source / PROPOSED target
candidates,marital_status,varchar(100),YES,NULL,varchar(100) DEFAULT NULL,candidate.candidates,marital_status,text,Preserve exact value initially; normalize only through approved lookup mapping.,NOT NULL only if source is NOT NULL and profiling proves no invalid/null rows; otherwise staged nullable,"null-count, distinct-count, min/max/length and deterministic transformed-value hash for candidates.marital_status",CONFIRMED source / PROPOSED target
candidates,expertise,longtext,YES,NULL,longtext DEFAULT NULL,candidate.candidates,expertise,text,Preserve bytes/text semantically; file-like JSON handled by document migration.,NOT NULL only if source is NOT NULL and profiling proves no invalid/null rows; otherwise staged nullable,"null-count, distinct-count, min/max/length and deterministic transformed-value hash for candidates.expertise",CONFIRMED source / PROPOSED target
candidates,skills,longtext,YES,NULL,longtext DEFAULT NULL,candidate.candidates,skills,text,Preserve bytes/text semantically; file-like JSON handled by document migration.,NOT NULL only if source is NOT NULL and profiling proves no invalid/null rows; otherwise staged nullable,"null-count, distinct-count, min/max/length and deterministic transformed-value hash for candidates.skills",CONFIRMED source / PROPOSED target
candidates,extra_curricular,longtext,YES,NULL,longtext DEFAULT NULL,candidate.candidates,extra_curricular,text,Preserve bytes/text semantically; file-like JSON handled by document migration.,NOT NULL only if source is NOT NULL and profiling proves no invalid/null rows; otherwise staged nullable,"null-count, distinct-count, min/max/length and deterministic transformed-value hash for candidates.extra_curricular",CONFIRMED source / PROPOSED target
candidates,interest,longtext,YES,NULL,longtext DEFAULT NULL,candidate.candidates,interest,text,Preserve bytes/text semantically; file-like JSON handled by document migration.,NOT NULL only if source is NOT NULL and profiling proves no invalid/null rows; otherwise staged nullable,"null-count, distinct-count, min/max/length and deterministic transformed-value hash for candidates.interest",CONFIRMED source / PROPOSED target
candidates,attribute,longtext,YES,NULL,longtext DEFAULT NULL,candidate.candidates,attribute,text,Preserve bytes/text semantically; file-like JSON handled by document migration.,NOT NULL only if source is NOT NULL and profiling proves no invalid/null rows; otherwise staged nullable,"null-count, distinct-count, min/max/length and deterministic transformed-value hash for candidates.attribute",CONFIRMED source / PROPOSED target
candidates,companier_id,int(11),YES,NULL,int(11) DEFAULT NULL,candidate.candidates,companier_id,bigint,Cast signed/unsigned identifier; resolve through legacy_key_map when relational.,NOT NULL only if source is NOT NULL and profiling proves no invalid/null rows; otherwise staged nullable,"null-count, distinct-count, min/max/length and deterministic transformed-value hash for candidates.companier_id",CONFIRMED source / PROPOSED target
candidates,agencier_id,int(11),YES,NULL,int(11) DEFAULT NULL,candidate.candidates,agencier_id,bigint,Cast signed/unsigned identifier; resolve through legacy_key_map when relational.,NOT NULL only if source is NOT NULL and profiling proves no invalid/null rows; otherwise staged nullable,"null-count, distinct-count, min/max/length and deterministic transformed-value hash for candidates.agencier_id",CONFIRMED source / PROPOSED target
candidates,stamp_file_path,longtext,YES,NULL,longtext DEFAULT NULL,candidate.candidates,stamp_file_id,text,Preserve bytes/text semantically; file-like JSON handled by document migration.,NOT NULL only if source is NOT NULL and profiling proves no invalid/null rows; otherwise staged nullable,"null-count, distinct-count, min/max/length and deterministic transformed-value hash for candidates.stamp_file_path",CONFIRMED source / PROPOSED target
candidates,position_id,int(11),YES,NULL,int(11) DEFAULT NULL,candidate.candidates,position_id,bigint,Cast signed/unsigned identifier; resolve through legacy_key_map when relational.,NOT NULL only if source is NOT NULL and profiling proves no invalid/null rows; otherwise staged nullable,"null-count, distinct-count, min/max/length and deterministic transformed-value hash for candidates.position_id",CONFIRMED source / PROPOSED target
candidates,company_status,varchar(200),YES,'ACTIVE',varchar(200) DEFAULT 'ACTIVE',candidate.candidates,company_status,text,Preserve exact value initially; normalize only through approved lookup mapping.,NOT NULL only if source is NOT NULL and profiling proves no invalid/null rows; otherwise staged nullable,"null-count, distinct-count, min/max/length and deterministic transformed-value hash for candidates.company_status",CONFIRMED source / PROPOSED target
candidates,sub_agent_id,int(11),YES,NULL,int(11) DEFAULT NULL,candidate.candidates,sub_agent_id,bigint,Cast signed/unsigned identifier; resolve through legacy_key_map when relational.,NOT NULL only if source is NOT NULL and profiling proves no invalid/null rows; otherwise staged nullable,"null-count, distinct-count, min/max/length and deterministic transformed-value hash for candidates.sub_agent_id",CONFIRMED source / PROPOSED target
candidates,country_id,int(11),YES,NULL,int(11) DEFAULT NULL,candidate.candidates,country_id,bigint,Cast signed/unsigned identifier; resolve through legacy_key_map when relational.,NOT NULL only if source is NOT NULL and profiling proves no invalid/null rows; otherwise staged nullable,"null-count, distinct-count, min/max/length and deterministic transformed-value hash for candidates.country_id",CONFIRMED source / PROPOSED target
candidates,replaced_by_candidate_id,bigint(20) UNSIGNED,YES,NULL,bigint(20) UNSIGNED DEFAULT NULL,candidate.candidates,replaced_by_candidate_id,bigint,Cast signed/unsigned identifier; resolve through legacy_key_map when relational.,NOT NULL only if source is NOT NULL and profiling proves no invalid/null rows; otherwise staged nullable,"null-count, distinct-count, min/max/length and deterministic transformed-value hash for candidates.replaced_by_candidate_id",CONFIRMED source / PROPOSED target
categories,id,int(10) UNSIGNED,NO,NO DEFAULT,int(10) UNSIGNED NOT NULL,legacy_platform.categories,id,bigint,Cast signed/unsigned identifier; resolve through legacy_key_map when relational.,NOT NULL only if source is NOT NULL and profiling proves no invalid/null rows; otherwise staged nullable,"null-count, distinct-count, min/max/length and deterministic transformed-value hash for categories.id",CONFIRMED source / PROPOSED target
categories,parent_id,int(10) UNSIGNED,YES,NULL,int(10) UNSIGNED DEFAULT NULL,legacy_platform.categories,parent_id,bigint,Cast signed/unsigned identifier; resolve through legacy_key_map when relational.,NOT NULL only if source is NOT NULL and profiling proves no invalid/null rows; otherwise staged nullable,"null-count, distinct-count, min/max/length and deterministic transformed-value hash for categories.parent_id",CONFIRMED source / PROPOSED target
categories,order,int(11),NO,1,int(11) NOT NULL DEFAULT 1,legacy_platform.categories,order,integer,Exact integer cast; range-check unsigned values.,NOT NULL only if source is NOT NULL and profiling proves no invalid/null rows; otherwise staged nullable,"null-count, distinct-count, min/max/length and deterministic transformed-value hash for categories.order",CONFIRMED source / PROPOSED target
categories,name,varchar(255),NO,NO DEFAULT,varchar(255) NOT NULL,legacy_platform.categories,name,text,Preserve exact value initially; normalize only through approved lookup mapping.,NOT NULL only if source is NOT NULL and profiling proves no invalid/null rows; otherwise staged nullable,"null-count, distinct-count, min/max/length and deterministic transformed-value hash for categories.name",CONFIRMED source / PROPOSED target
categories,slug,varchar(255),NO,NO DEFAULT,varchar(255) NOT NULL,legacy_platform.categories,slug,text,Preserve exact value initially; normalize only through approved lookup mapping.,NOT NULL only if source is NOT NULL and profiling proves no invalid/null rows; otherwise staged nullable,"null-count, distinct-count, min/max/length and deterministic transformed-value hash for categories.slug",CONFIRMED source / PROPOSED target
categories,created_at,timestamp,YES,NULL,timestamp NULL DEFAULT NULL,legacy_platform.categories,created_at,timestamptz,"Interpret using approved legacy application timezone, convert to UTC; UNVERIFIED until timezone approval.",NOT NULL only if source is NOT NULL and profiling proves no invalid/null rows; otherwise staged nullable,"null-count, distinct-count, min/max/length and deterministic transformed-value hash for categories.created_at",CONFIRMED source / PROPOSED target
categories,updated_at,timestamp,YES,NULL,timestamp NULL DEFAULT NULL,legacy_platform.categories,updated_at,timestamptz,"Interpret using approved legacy application timezone, convert to UTC; UNVERIFIED until timezone approval.",NOT NULL only if source is NOT NULL and profiling proves no invalid/null rows; otherwise staged nullable,"null-count, distinct-count, min/max/length and deterministic transformed-value hash for categories.updated_at",CONFIRMED source / PROPOSED target
class_groups,id,bigint(20),NO,NO DEFAULT,bigint(20) NOT NULL,operations.class_groups,id,bigint,Cast signed/unsigned identifier; resolve through legacy_key_map when relational.,NOT NULL only if source is NOT NULL and profiling proves no invalid/null rows; otherwise staged nullable,"null-count, distinct-count, min/max/length and deterministic transformed-value hash for class_groups.id",CONFIRMED source / PROPOSED target
class_groups,name,varchar(250),YES,NULL,varchar(250) DEFAULT NULL,operations.class_groups,name,text,Preserve exact value initially; normalize only through approved lookup mapping.,NOT NULL only if source is NOT NULL and profiling proves no invalid/null rows; otherwise staged nullable,"null-count, distinct-count, min/max/length and deterministic transformed-value hash for class_groups.name",CONFIRMED source / PROPOSED target
class_groups,description,varchar(250),YES,NULL,varchar(250) DEFAULT NULL,operations.class_groups,description,text,Preserve exact value initially; normalize only through approved lookup mapping.,NOT NULL only if source is NOT NULL and profiling proves no invalid/null rows; otherwise staged nullable,"null-count, distinct-count, min/max/length and deterministic transformed-value hash for class_groups.description",CONFIRMED source / PROPOSED target
class_groups,status,char(5),YES,'A',char(5) DEFAULT 'A',operations.class_groups,status,text,Preserve exact value initially; normalize only through approved lookup mapping.,NOT NULL only if source is NOT NULL and profiling proves no invalid/null rows; otherwise staged nullable,"null-count, distinct-count, min/max/length and deterministic transformed-value hash for class_groups.status",CONFIRMED source / PROPOSED target
class_groups,created_at,timestamp,YES,NULL,timestamp NULL DEFAULT NULL,operations.class_groups,created_at,timestamptz,"Interpret using approved legacy application timezone, convert to UTC; UNVERIFIED until timezone approval.",NOT NULL only if source is NOT NULL and profiling proves no invalid/null rows; otherwise staged nullable,"null-count, distinct-count, min/max/length and deterministic transformed-value hash for class_groups.created_at",CONFIRMED source / PROPOSED target
class_groups,updated_at,timestamp,YES,NULL,timestamp NULL DEFAULT NULL,operations.class_groups,updated_at,timestamptz,"Interpret using approved legacy application timezone, convert to UTC; UNVERIFIED until timezone approval.",NOT NULL only if source is NOT NULL and profiling proves no invalid/null rows; otherwise staged nullable,"null-count, distinct-count, min/max/length and deterministic transformed-value hash for class_groups.updated_at",CONFIRMED source / PROPOSED target
class_groups,created_by,bigint(20),YES,NULL,bigint(20) DEFAULT NULL,operations.class_groups,created_by,bigint,Exact integer cast; range-check unsigned values.,NOT NULL only if source is NOT NULL and profiling proves no invalid/null rows; otherwise staged nullable,"null-count, distinct-count, min/max/length and deterministic transformed-value hash for class_groups.created_by",CONFIRMED source / PROPOSED target
class_groups,updated_by,bigint(20),YES,NULL,bigint(20) DEFAULT NULL,operations.class_groups,updated_by,bigint,Exact integer cast; range-check unsigned values.,NOT NULL only if source is NOT NULL and profiling proves no invalid/null rows; otherwise staged nullable,"null-count, distinct-count, min/max/length and deterministic transformed-value hash for class_groups.updated_by",CONFIRMED source / PROPOSED target
class_groups,code,varchar(255),YES,NULL,varchar(255) DEFAULT NULL,operations.class_groups,code,text,Preserve exact value initially; normalize only through approved lookup mapping.,NOT NULL only if source is NOT NULL and profiling proves no invalid/null rows; otherwise staged nullable,"null-count, distinct-count, min/max/length and deterministic transformed-value hash for class_groups.code",CONFIRMED source / PROPOSED target
class_groups,fee_amount,float,YES,0,float DEFAULT 0,operations.class_groups,fee_amount,"numeric(20,6)",Parse decimal text exactly; no binary-float arithmetic; round only at posted transaction boundary.,NOT NULL only if source is NOT NULL and profiling proves no invalid/null rows; otherwise staged nullable,"null-count, distinct-count, min/max/length and deterministic transformed-value hash for class_groups.fee_amount",CONFIRMED source / PROPOSED target
class_schedules,id,int(10) UNSIGNED,NO,NO DEFAULT,int(10) UNSIGNED NOT NULL,operations.class_schedules,id,bigint,Cast signed/unsigned identifier; resolve through legacy_key_map when relational.,NOT NULL only if source is NOT NULL and profiling proves no invalid/null rows; otherwise staged nullable,"null-count, distinct-count, min/max/length and deterministic transformed-value hash for class_schedules.id",CONFIRMED source / PROPOSED target
class_schedules,teacher_id,int(11),YES,NULL,int(11) DEFAULT NULL,operations.class_schedules,teacher_id,bigint,Cast signed/unsigned identifier; resolve through legacy_key_map when relational.,NOT NULL only if source is NOT NULL and profiling proves no invalid/null rows; otherwise staged nullable,"null-count, distinct-count, min/max/length and deterministic transformed-value hash for class_schedules.teacher_id",CONFIRMED source / PROPOSED target
class_schedules,class_group_id,int(11),YES,NULL,int(11) DEFAULT NULL,operations.class_schedules,class_group_id,bigint,Cast signed/unsigned identifier; resolve through legacy_key_map when relational.,NOT NULL only if source is NOT NULL and profiling proves no invalid/null rows; otherwise staged nullable,"null-count, distinct-count, min/max/length and deterministic transformed-value hash for class_schedules.class_group_id",CONFIRMED source / PROPOSED target
class_schedules,subject,varchar(255),YES,NULL,varchar(255) DEFAULT NULL,operations.class_schedules,subject,text,Preserve exact value initially; normalize only through approved lookup mapping.,NOT NULL only if source is NOT NULL and profiling proves no invalid/null rows; otherwise staged nullable,"null-count, distinct-count, min/max/length and deterministic transformed-value hash for class_schedules.subject",CONFIRMED source / PROPOSED target
class_schedules,start_time,time,YES,NULL,time DEFAULT NULL,operations.class_schedules,start_time,time,Time-of-day only; retain no inferred timezone.,NOT NULL only if source is NOT NULL and profiling proves no invalid/null rows; otherwise staged nullable,"null-count, distinct-count, min/max/length and deterministic transformed-value hash for class_schedules.start_time",CONFIRMED source / PROPOSED target
class_schedules,end_time,time,YES,NULL,time DEFAULT NULL,operations.class_schedules,end_time,time,Time-of-day only; retain no inferred timezone.,NOT NULL only if source is NOT NULL and profiling proves no invalid/null rows; otherwise staged nullable,"null-count, distinct-count, min/max/length and deterministic transformed-value hash for class_schedules.end_time",CONFIRMED source / PROPOSED target
class_schedules,week_day,varchar(255),YES,NULL,varchar(255) DEFAULT NULL,operations.class_schedules,week_day,text,Preserve exact value initially; normalize only through approved lookup mapping.,NOT NULL only if source is NOT NULL and profiling proves no invalid/null rows; otherwise staged nullable,"null-count, distinct-count, min/max/length and deterministic transformed-value hash for class_schedules.week_day",CONFIRMED source / PROPOSED target
class_schedules,status,char(1),YES,'A',char(1) DEFAULT 'A',operations.class_schedules,status,text,Preserve exact value initially; normalize only through approved lookup mapping.,NOT NULL only if source is NOT NULL and profiling proves no invalid/null rows; otherwise staged nullable,"null-count, distinct-count, min/max/length and deterministic transformed-value hash for class_schedules.status",CONFIRMED source / PROPOSED target
class_schedules,created_at,timestamp,YES,NULL,timestamp NULL DEFAULT NULL,operations.class_schedules,created_at,timestamptz,"Interpret using approved legacy application timezone, convert to UTC; UNVERIFIED until timezone approval.",NOT NULL only if source is NOT NULL and profiling proves no invalid/null rows; otherwise staged nullable,"null-count, distinct-count, min/max/length and deterministic transformed-value hash for class_schedules.created_at",CONFIRMED source / PROPOSED target
class_schedules,created_by,int(11),YES,NULL,int(11) DEFAULT NULL,operations.class_schedules,created_by,integer,Exact integer cast; range-check unsigned values.,NOT NULL only if source is NOT NULL and profiling proves no invalid/null rows; otherwise staged nullable,"null-count, distinct-count, min/max/length and deterministic transformed-value hash for class_schedules.created_by",CONFIRMED source / PROPOSED target
class_schedules,updated_at,timestamp,YES,NULL,timestamp NULL DEFAULT NULL,operations.class_schedules,updated_at,timestamptz,"Interpret using approved legacy application timezone, convert to UTC; UNVERIFIED until timezone approval.",NOT NULL only if source is NOT NULL and profiling proves no invalid/null rows; otherwise staged nullable,"null-count, distinct-count, min/max/length and deterministic transformed-value hash for class_schedules.updated_at",CONFIRMED source / PROPOSED target
class_schedules,updated_by,int(11),YES,NULL,int(11) DEFAULT NULL,operations.class_schedules,updated_by,integer,Exact integer cast; range-check unsigned values.,NOT NULL only if source is NOT NULL and profiling proves no invalid/null rows; otherwise staged nullable,"null-count, distinct-count, min/max/length and deterministic transformed-value hash for class_schedules.updated_by",CONFIRMED source / PROPOSED target
companiers,id,int(10) UNSIGNED,NO,NO DEFAULT,int(10) UNSIGNED NOT NULL,partners.companies,id,bigint,Cast signed/unsigned identifier; resolve through legacy_key_map when relational.,NOT NULL only if source is NOT NULL and profiling proves no invalid/null rows; otherwise staged nullable,"null-count, distinct-count, min/max/length and deterministic transformed-value hash for companiers.id",CONFIRMED source / PROPOSED target
companiers,code,varchar(100),YES,NULL,varchar(100) DEFAULT NULL,partners.companies,code,text,Preserve exact value initially; normalize only through approved lookup mapping.,NOT NULL only if source is NOT NULL and profiling proves no invalid/null rows; otherwise staged nullable,"null-count, distinct-count, min/max/length and deterministic transformed-value hash for companiers.code",CONFIRMED source / PROPOSED target
companiers,name,varchar(255),YES,NULL,varchar(255) DEFAULT NULL,partners.companies,name,text,Preserve exact value initially; normalize only through approved lookup mapping.,NOT NULL only if source is NOT NULL and profiling proves no invalid/null rows; otherwise staged nullable,"null-count, distinct-count, min/max/length and deterministic transformed-value hash for companiers.name",CONFIRMED source / PROPOSED target
companiers,email,varchar(255),YES,NULL,varchar(255) DEFAULT NULL,partners.companies,email,text,Preserve exact value initially; normalize only through approved lookup mapping.,NOT NULL only if source is NOT NULL and profiling proves no invalid/null rows; otherwise staged nullable,"null-count, distinct-count, min/max/length and deterministic transformed-value hash for companiers.email",CONFIRMED source / PROPOSED target
companiers,mobile,varchar(255),YES,NULL,varchar(255) DEFAULT NULL,partners.companies,mobile,text,Preserve exact value initially; normalize only through approved lookup mapping.,NOT NULL only if source is NOT NULL and profiling proves no invalid/null rows; otherwise staged nullable,"null-count, distinct-count, min/max/length and deterministic transformed-value hash for companiers.mobile",CONFIRMED source / PROPOSED target
companiers,license_no,varchar(255),YES,NULL,varchar(255) DEFAULT NULL,partners.companies,license_no,text,Preserve exact value initially; normalize only through approved lookup mapping.,NOT NULL only if source is NOT NULL and profiling proves no invalid/null rows; otherwise staged nullable,"null-count, distinct-count, min/max/length and deterministic transformed-value hash for companiers.license_no",CONFIRMED source / PROPOSED target
companiers,vat_no,varchar(255),YES,NULL,varchar(255) DEFAULT NULL,partners.companies,vat_no,text,Preserve exact value initially; normalize only through approved lookup mapping.,NOT NULL only if source is NOT NULL and profiling proves no invalid/null rows; otherwise staged nullable,"null-count, distinct-count, min/max/length and deterministic transformed-value hash for companiers.vat_no",CONFIRMED source / PROPOSED target
companiers,address,varchar(255),YES,NULL,varchar(255) DEFAULT NULL,partners.companies,address,text,Preserve exact value initially; normalize only through approved lookup mapping.,NOT NULL only if source is NOT NULL and profiling proves no invalid/null rows; otherwise staged nullable,"null-count, distinct-count, min/max/length and deterministic transformed-value hash for companiers.address",CONFIRMED source / PROPOSED target
companiers,balance,float,YES,0,float DEFAULT 0,partners.companies,balance,"numeric(20,6)",Parse decimal text exactly; no binary-float arithmetic; round only at posted transaction boundary.,NOT NULL only if source is NOT NULL and profiling proves no invalid/null rows; otherwise staged nullable,"null-count, distinct-count, min/max/length and deterministic transformed-value hash for companiers.balance",CONFIRMED source / PROPOSED target
companiers,logo,longtext,YES,NULL,longtext DEFAULT NULL,partners.companies,logo_file_id,text,Preserve bytes/text semantically; file-like JSON handled by document migration.,NOT NULL only if source is NOT NULL and profiling proves no invalid/null rows; otherwise staged nullable,"null-count, distinct-count, min/max/length and deterministic transformed-value hash for companiers.logo",CONFIRMED source / PROPOSED target
companiers,status,char(5),YES,'A',char(5) DEFAULT 'A',partners.companies,status,text,Preserve exact value initially; normalize only through approved lookup mapping.,NOT NULL only if source is NOT NULL and profiling proves no invalid/null rows; otherwise staged nullable,"null-count, distinct-count, min/max/length and deterministic transformed-value hash for companiers.status",CONFIRMED source / PROPOSED target
companiers,country_id,bigint(20),YES,NULL,bigint(20) DEFAULT NULL,partners.companies,country_id,bigint,Cast signed/unsigned identifier; resolve through legacy_key_map when relational.,NOT NULL only if source is NOT NULL and profiling proves no invalid/null rows; otherwise staged nullable,"null-count, distinct-count, min/max/length and deterministic transformed-value hash for companiers.country_id",CONFIRMED source / PROPOSED target
companiers,owner_name,varchar(255),YES,NULL,varchar(255) DEFAULT NULL,partners.companies,owner_name,text,Preserve exact value initially; normalize only through approved lookup mapping.,NOT NULL only if source is NOT NULL and profiling proves no invalid/null rows; otherwise staged nullable,"null-count, distinct-count, min/max/length and deterministic transformed-value hash for companiers.owner_name",CONFIRMED source / PROPOSED target
companiers,owner_mobile,varchar(255),YES,NULL,varchar(255) DEFAULT NULL,partners.companies,owner_mobile,text,Preserve exact value initially; normalize only through approved lookup mapping.,NOT NULL only if source is NOT NULL and profiling proves no invalid/null rows; otherwise staged nullable,"null-count, distinct-count, min/max/length and deterministic transformed-value hash for companiers.owner_mobile",CONFIRMED source / PROPOSED target
companiers,owner_email,varchar(255),YES,NULL,varchar(255) DEFAULT NULL,partners.companies,owner_email,text,Preserve exact value initially; normalize only through approved lookup mapping.,NOT NULL only if source is NOT NULL and profiling proves no invalid/null rows; otherwise staged nullable,"null-count, distinct-count, min/max/length and deterministic transformed-value hash for companiers.owner_email",CONFIRMED source / PROPOSED target
companiers,created_at,timestamp,YES,NULL,timestamp NULL DEFAULT NULL,partners.companies,created_at,timestamptz,"Interpret using approved legacy application timezone, convert to UTC; UNVERIFIED until timezone approval.",NOT NULL only if source is NOT NULL and profiling proves no invalid/null rows; otherwise staged nullable,"null-count, distinct-count, min/max/length and deterministic transformed-value hash for companiers.created_at",CONFIRMED source / PROPOSED target
companiers,updated_at,timestamp,YES,NULL,timestamp NULL DEFAULT NULL,partners.companies,updated_at,timestamptz,"Interpret using approved legacy application timezone, convert to UTC; UNVERIFIED until timezone approval.",NOT NULL only if source is NOT NULL and profiling proves no invalid/null rows; otherwise staged nullable,"null-count, distinct-count, min/max/length and deterministic transformed-value hash for companiers.updated_at",CONFIRMED source / PROPOSED target
companies,id,int(10) UNSIGNED,NO,NO DEFAULT,int(10) UNSIGNED NOT NULL,candidate.company_snapshots,id,bigint,Cast signed/unsigned identifier; resolve through legacy_key_map when relational.,NOT NULL only if source is NOT NULL and profiling proves no invalid/null rows; otherwise staged nullable,"null-count, distinct-count, min/max/length and deterministic transformed-value hash for companies.id",CONFIRMED source / PROPOSED target
companies,name,varchar(255),NO,NO DEFAULT,varchar(255) NOT NULL,candidate.company_snapshots,name,text,Preserve exact value initially; normalize only through approved lookup mapping.,NOT NULL only if source is NOT NULL and profiling proves no invalid/null rows; otherwise staged nullable,"null-count, distinct-count, min/max/length and deterministic transformed-value hash for companies.name",CONFIRMED source / PROPOSED target
companies,address,varchar(255),YES,NULL,varchar(255) DEFAULT NULL,candidate.company_snapshots,address,text,Preserve exact value initially; normalize only through approved lookup mapping.,NOT NULL only if source is NOT NULL and profiling proves no invalid/null rows; otherwise staged nullable,"null-count, distinct-count, min/max/length and deterministic transformed-value hash for companies.address",CONFIRMED source / PROPOSED target
companies,created_at,timestamp,YES,NULL,timestamp NULL DEFAULT NULL,candidate.company_snapshots,created_at,timestamptz,"Interpret using approved legacy application timezone, convert to UTC; UNVERIFIED until timezone approval.",NOT NULL only if source is NOT NULL and profiling proves no invalid/null rows; otherwise staged nullable,"null-count, distinct-count, min/max/length and deterministic transformed-value hash for companies.created_at",CONFIRMED source / PROPOSED target
companies,updated_at,timestamp,YES,NULL,timestamp NULL DEFAULT NULL,candidate.company_snapshots,updated_at,timestamptz,"Interpret using approved legacy application timezone, convert to UTC; UNVERIFIED until timezone approval.",NOT NULL only if source is NOT NULL and profiling proves no invalid/null rows; otherwise staged nullable,"null-count, distinct-count, min/max/length and deterministic transformed-value hash for companies.updated_at",CONFIRMED source / PROPOSED target
companies,candidate_id,int(11),YES,NULL,int(11) DEFAULT NULL,candidate.company_snapshots,candidate_id,bigint,Cast signed/unsigned identifier; resolve through legacy_key_map when relational.,NOT NULL only if source is NOT NULL and profiling proves no invalid/null rows; otherwise staged nullable,"null-count, distinct-count, min/max/length and deterministic transformed-value hash for companies.candidate_id",CONFIRMED source / PROPOSED target
countries,id,int(11),NO,NO DEFAULT,int(11) NOT NULL,operations.countries,id,bigint,Cast signed/unsigned identifier; resolve through legacy_key_map when relational.,NOT NULL only if source is NOT NULL and profiling proves no invalid/null rows; otherwise staged nullable,"null-count, distinct-count, min/max/length and deterministic transformed-value hash for countries.id",CONFIRMED source / PROPOSED target
countries,iso,char(2),NO,NO DEFAULT,char(2) NOT NULL,operations.countries,iso,text,Preserve exact value initially; normalize only through approved lookup mapping.,NOT NULL only if source is NOT NULL and profiling proves no invalid/null rows; otherwise staged nullable,"null-count, distinct-count, min/max/length and deterministic transformed-value hash for countries.iso",CONFIRMED source / PROPOSED target
countries,name,varchar(80),NO,NO DEFAULT,varchar(80) NOT NULL,operations.countries,name,text,Preserve exact value initially; normalize only through approved lookup mapping.,NOT NULL only if source is NOT NULL and profiling proves no invalid/null rows; otherwise staged nullable,"null-count, distinct-count, min/max/length and deterministic transformed-value hash for countries.name",CONFIRMED source / PROPOSED target
countries,code_name,varchar(80),NO,NO DEFAULT,varchar(80) NOT NULL,operations.countries,code_name,text,Preserve exact value initially; normalize only through approved lookup mapping.,NOT NULL only if source is NOT NULL and profiling proves no invalid/null rows; otherwise staged nullable,"null-count, distinct-count, min/max/length and deterministic transformed-value hash for countries.code_name",CONFIRMED source / PROPOSED target
countries,iso3,char(3),YES,NULL,char(3) DEFAULT NULL,operations.countries,iso3,text,Preserve exact value initially; normalize only through approved lookup mapping.,NOT NULL only if source is NOT NULL and profiling proves no invalid/null rows; otherwise staged nullable,"null-count, distinct-count, min/max/length and deterministic transformed-value hash for countries.iso3",CONFIRMED source / PROPOSED target
countries,num_code,smallint(6),YES,NULL,smallint(6) DEFAULT NULL,operations.countries,num_code,smallint,Exact integer cast.,NOT NULL only if source is NOT NULL and profiling proves no invalid/null rows; otherwise staged nullable,"null-count, distinct-count, min/max/length and deterministic transformed-value hash for countries.num_code",CONFIRMED source / PROPOSED target
countries,phone_code,int(11),NO,NO DEFAULT,int(11) NOT NULL,operations.countries,phone_code,integer,Exact integer cast; range-check unsigned values.,NOT NULL only if source is NOT NULL and profiling proves no invalid/null rows; otherwise staged nullable,"null-count, distinct-count, min/max/length and deterministic transformed-value hash for countries.phone_code",CONFIRMED source / PROPOSED target
currencies,id,int(10) UNSIGNED,NO,NO DEFAULT,int(10) UNSIGNED NOT NULL,operations.currencies,id,bigint,Cast signed/unsigned identifier; resolve through legacy_key_map when relational.,NOT NULL only if source is NOT NULL and profiling proves no invalid/null rows; otherwise staged nullable,"null-count, distinct-count, min/max/length and deterministic transformed-value hash for currencies.id",CONFIRMED source / PROPOSED target
currencies,full_name,varchar(255),NO,NO DEFAULT,varchar(255) NOT NULL,operations.currencies,full_name,text,Preserve exact value initially; normalize only through approved lookup mapping.,NOT NULL only if source is NOT NULL and profiling proves no invalid/null rows; otherwise staged nullable,"null-count, distinct-count, min/max/length and deterministic transformed-value hash for currencies.full_name",CONFIRMED source / PROPOSED target
currencies,status,char(1),YES,'A',char(1) DEFAULT 'A',operations.currencies,status,text,Preserve exact value initially; normalize only through approved lookup mapping.,NOT NULL only if source is NOT NULL and profiling proves no invalid/null rows; otherwise staged nullable,"null-count, distinct-count, min/max/length and deterministic transformed-value hash for currencies.status",CONFIRMED source / PROPOSED target
currencies,created_at,timestamp,YES,NULL,timestamp NULL DEFAULT NULL,operations.currencies,created_at,timestamptz,"Interpret using approved legacy application timezone, convert to UTC; UNVERIFIED until timezone approval.",NOT NULL only if source is NOT NULL and profiling proves no invalid/null rows; otherwise staged nullable,"null-count, distinct-count, min/max/length and deterministic transformed-value hash for currencies.created_at",CONFIRMED source / PROPOSED target
currencies,updated_at,timestamp,YES,NULL,timestamp NULL DEFAULT NULL,operations.currencies,updated_at,timestamptz,"Interpret using approved legacy application timezone, convert to UTC; UNVERIFIED until timezone approval.",NOT NULL only if source is NOT NULL and profiling proves no invalid/null rows; otherwise staged nullable,"null-count, distinct-count, min/max/length and deterministic transformed-value hash for currencies.updated_at",CONFIRMED source / PROPOSED target
currencies,short_name,varchar(255),YES,NULL,varchar(255) DEFAULT NULL,operations.currencies,short_name,text,Preserve exact value initially; normalize only through approved lookup mapping.,NOT NULL only if source is NOT NULL and profiling proves no invalid/null rows; otherwise staged nullable,"null-count, distinct-count, min/max/length and deterministic transformed-value hash for currencies.short_name",CONFIRMED source / PROPOSED target
currencies,symbol,varchar(255),YES,NULL,varchar(255) DEFAULT NULL,operations.currencies,symbol,text,Preserve exact value initially; normalize only through approved lookup mapping.,NOT NULL only if source is NOT NULL and profiling proves no invalid/null rows; otherwise staged nullable,"null-count, distinct-count, min/max/length and deterministic transformed-value hash for currencies.symbol",CONFIRMED source / PROPOSED target
currencies,position,varchar(255),YES,'A',varchar(255) DEFAULT 'A',operations.currencies,position,text,Preserve exact value initially; normalize only through approved lookup mapping.,NOT NULL only if source is NOT NULL and profiling proves no invalid/null rows; otherwise staged nullable,"null-count, distinct-count, min/max/length and deterministic transformed-value hash for currencies.position",CONFIRMED source / PROPOSED target
curricular_list,id,int(10) UNSIGNED,NO,NO DEFAULT,int(10) UNSIGNED NOT NULL,operations.curricular_list,id,bigint,Cast signed/unsigned identifier; resolve through legacy_key_map when relational.,NOT NULL only if source is NOT NULL and profiling proves no invalid/null rows; otherwise staged nullable,"null-count, distinct-count, min/max/length and deterministic transformed-value hash for curricular_list.id",CONFIRMED source / PROPOSED target
curricular_list,user_id,int(11),YES,NULL,int(11) DEFAULT NULL,operations.curricular_list,user_id,bigint,Cast signed/unsigned identifier; resolve through legacy_key_map when relational.,NOT NULL only if source is NOT NULL and profiling proves no invalid/null rows; otherwise staged nullable,"null-count, distinct-count, min/max/length and deterministic transformed-value hash for curricular_list.user_id",CONFIRMED source / PROPOSED target
curricular_list,curricular_name,varchar(255),YES,NULL,varchar(255) DEFAULT NULL,operations.curricular_list,curricular_name,text,Preserve exact value initially; normalize only through approved lookup mapping.,NOT NULL only if source is NOT NULL and profiling proves no invalid/null rows; otherwise staged nullable,"null-count, distinct-count, min/max/length and deterministic transformed-value hash for curricular_list.curricular_name",CONFIRMED source / PROPOSED target
curricular_list,created_at,timestamp,YES,NULL,timestamp NULL DEFAULT NULL,operations.curricular_list,created_at,timestamptz,"Interpret using approved legacy application timezone, convert to UTC; UNVERIFIED until timezone approval.",NOT NULL only if source is NOT NULL and profiling proves no invalid/null rows; otherwise staged nullable,"null-count, distinct-count, min/max/length and deterministic transformed-value hash for curricular_list.created_at",CONFIRMED source / PROPOSED target
curricular_list,updated_at,timestamp,YES,NULL,timestamp NULL DEFAULT NULL,operations.curricular_list,updated_at,timestamptz,"Interpret using approved legacy application timezone, convert to UTC; UNVERIFIED until timezone approval.",NOT NULL only if source is NOT NULL and profiling proves no invalid/null rows; otherwise staged nullable,"null-count, distinct-count, min/max/length and deterministic transformed-value hash for curricular_list.updated_at",CONFIRMED source / PROPOSED target
data_rows,id,int(10) UNSIGNED,NO,NO DEFAULT,int(10) UNSIGNED NOT NULL,legacy_platform.data_rows,id,bigint,Cast signed/unsigned identifier; resolve through legacy_key_map when relational.,NOT NULL only if source is NOT NULL and profiling proves no invalid/null rows; otherwise staged nullable,"null-count, distinct-count, min/max/length and deterministic transformed-value hash for data_rows.id",CONFIRMED source / PROPOSED target
data_rows,data_type_id,int(10) UNSIGNED,NO,NO DEFAULT,int(10) UNSIGNED NOT NULL,legacy_platform.data_rows,data_type_id,bigint,Cast signed/unsigned identifier; resolve through legacy_key_map when relational.,NOT NULL only if source is NOT NULL and profiling proves no invalid/null rows; otherwise staged nullable,"null-count, distinct-count, min/max/length and deterministic transformed-value hash for data_rows.data_type_id",CONFIRMED source / PROPOSED target
data_rows,field,varchar(255),NO,NO DEFAULT,varchar(255) NOT NULL,legacy_platform.data_rows,field,text,Preserve exact value initially; normalize only through approved lookup mapping.,NOT NULL only if source is NOT NULL and profiling proves no invalid/null rows; otherwise staged nullable,"null-count, distinct-count, min/max/length and deterministic transformed-value hash for data_rows.field",CONFIRMED source / PROPOSED target
data_rows,type,varchar(255),NO,NO DEFAULT,varchar(255) NOT NULL,legacy_platform.data_rows,type,text,Preserve exact value initially; normalize only through approved lookup mapping.,NOT NULL only if source is NOT NULL and profiling proves no invalid/null rows; otherwise staged nullable,"null-count, distinct-count, min/max/length and deterministic transformed-value hash for data_rows.type",CONFIRMED source / PROPOSED target
data_rows,display_name,varchar(255),NO,NO DEFAULT,varchar(255) NOT NULL,legacy_platform.data_rows,display_name,text,Preserve exact value initially; normalize only through approved lookup mapping.,NOT NULL only if source is NOT NULL and profiling proves no invalid/null rows; otherwise staged nullable,"null-count, distinct-count, min/max/length and deterministic transformed-value hash for data_rows.display_name",CONFIRMED source / PROPOSED target
data_rows,required,tinyint(1),NO,0,tinyint(1) NOT NULL DEFAULT 0,legacy_platform.data_rows,required,boolean,"Normalize 0/1; quarantine values outside {0,1,NULL}.",NOT NULL only if source is NOT NULL and profiling proves no invalid/null rows; otherwise staged nullable,"null-count, distinct-count, min/max/length and deterministic transformed-value hash for data_rows.required",CONFIRMED source / PROPOSED target
data_rows,browse,tinyint(1),NO,1,tinyint(1) NOT NULL DEFAULT 1,legacy_platform.data_rows,browse,boolean,"Normalize 0/1; quarantine values outside {0,1,NULL}.",NOT NULL only if source is NOT NULL and profiling proves no invalid/null rows; otherwise staged nullable,"null-count, distinct-count, min/max/length and deterministic transformed-value hash for data_rows.browse",CONFIRMED source / PROPOSED target
data_rows,read,tinyint(1),NO,1,tinyint(1) NOT NULL DEFAULT 1,legacy_platform.data_rows,read,boolean,"Normalize 0/1; quarantine values outside {0,1,NULL}.",NOT NULL only if source is NOT NULL and profiling proves no invalid/null rows; otherwise staged nullable,"null-count, distinct-count, min/max/length and deterministic transformed-value hash for data_rows.read",CONFIRMED source / PROPOSED target
data_rows,edit,tinyint(1),NO,1,tinyint(1) NOT NULL DEFAULT 1,legacy_platform.data_rows,edit,boolean,"Normalize 0/1; quarantine values outside {0,1,NULL}.",NOT NULL only if source is NOT NULL and profiling proves no invalid/null rows; otherwise staged nullable,"null-count, distinct-count, min/max/length and deterministic transformed-value hash for data_rows.edit",CONFIRMED source / PROPOSED target
data_rows,add,tinyint(1),NO,1,tinyint(1) NOT NULL DEFAULT 1,legacy_platform.data_rows,add,boolean,"Normalize 0/1; quarantine values outside {0,1,NULL}.",NOT NULL only if source is NOT NULL and profiling proves no invalid/null rows; otherwise staged nullable,"null-count, distinct-count, min/max/length and deterministic transformed-value hash for data_rows.add",CONFIRMED source / PROPOSED target
data_rows,delete,tinyint(1),NO,1,tinyint(1) NOT NULL DEFAULT 1,legacy_platform.data_rows,delete,boolean,"Normalize 0/1; quarantine values outside {0,1,NULL}.",NOT NULL only if source is NOT NULL and profiling proves no invalid/null rows; otherwise staged nullable,"null-count, distinct-count, min/max/length and deterministic transformed-value hash for data_rows.delete",CONFIRMED source / PROPOSED target
data_rows,details,text,YES,NULL,text DEFAULT NULL,legacy_platform.data_rows,details,text,Preserve bytes/text semantically; file-like JSON handled by document migration.,NOT NULL only if source is NOT NULL and profiling proves no invalid/null rows; otherwise staged nullable,"null-count, distinct-count, min/max/length and deterministic transformed-value hash for data_rows.details",CONFIRMED source / PROPOSED target
data_rows,order,int(11),NO,1,int(11) NOT NULL DEFAULT 1,legacy_platform.data_rows,order,integer,Exact integer cast; range-check unsigned values.,NOT NULL only if source is NOT NULL and profiling proves no invalid/null rows; otherwise staged nullable,"null-count, distinct-count, min/max/length and deterministic transformed-value hash for data_rows.order",CONFIRMED source / PROPOSED target
data_types,id,int(10) UNSIGNED,NO,NO DEFAULT,int(10) UNSIGNED NOT NULL,legacy_platform.data_types,id,bigint,Cast signed/unsigned identifier; resolve through legacy_key_map when relational.,NOT NULL only if source is NOT NULL and profiling proves no invalid/null rows; otherwise staged nullable,"null-count, distinct-count, min/max/length and deterministic transformed-value hash for data_types.id",CONFIRMED source / PROPOSED target
data_types,name,varchar(255),NO,NO DEFAULT,varchar(255) NOT NULL,legacy_platform.data_types,name,text,Preserve exact value initially; normalize only through approved lookup mapping.,NOT NULL only if source is NOT NULL and profiling proves no invalid/null rows; otherwise staged nullable,"null-count, distinct-count, min/max/length and deterministic transformed-value hash for data_types.name",CONFIRMED source / PROPOSED target
data_types,slug,varchar(255),NO,NO DEFAULT,varchar(255) NOT NULL,legacy_platform.data_types,slug,text,Preserve exact value initially; normalize only through approved lookup mapping.,NOT NULL only if source is NOT NULL and profiling proves no invalid/null rows; otherwise staged nullable,"null-count, distinct-count, min/max/length and deterministic transformed-value hash for data_types.slug",CONFIRMED source / PROPOSED target
data_types,display_name_singular,varchar(255),NO,NO DEFAULT,varchar(255) NOT NULL,legacy_platform.data_types,display_name_singular,text,Preserve exact value initially; normalize only through approved lookup mapping.,NOT NULL only if source is NOT NULL and profiling proves no invalid/null rows; otherwise staged nullable,"null-count, distinct-count, min/max/length and deterministic transformed-value hash for data_types.display_name_singular",CONFIRMED source / PROPOSED target
data_types,display_name_plural,varchar(255),NO,NO DEFAULT,varchar(255) NOT NULL,legacy_platform.data_types,display_name_plural,text,Preserve exact value initially; normalize only through approved lookup mapping.,NOT NULL only if source is NOT NULL and profiling proves no invalid/null rows; otherwise staged nullable,"null-count, distinct-count, min/max/length and deterministic transformed-value hash for data_types.display_name_plural",CONFIRMED source / PROPOSED target
data_types,icon,varchar(255),YES,NULL,varchar(255) DEFAULT NULL,legacy_platform.data_types,icon,text,Preserve exact value initially; normalize only through approved lookup mapping.,NOT NULL only if source is NOT NULL and profiling proves no invalid/null rows; otherwise staged nullable,"null-count, distinct-count, min/max/length and deterministic transformed-value hash for data_types.icon",CONFIRMED source / PROPOSED target
data_types,model_name,varchar(255),YES,NULL,varchar(255) DEFAULT NULL,legacy_platform.data_types,model_name,text,Preserve exact value initially; normalize only through approved lookup mapping.,NOT NULL only if source is NOT NULL and profiling proves no invalid/null rows; otherwise staged nullable,"null-count, distinct-count, min/max/length and deterministic transformed-value hash for data_types.model_name",CONFIRMED source / PROPOSED target
data_types,policy_name,varchar(255),YES,NULL,varchar(255) DEFAULT NULL,legacy_platform.data_types,policy_name,text,Preserve exact value initially; normalize only through approved lookup mapping.,NOT NULL only if source is NOT NULL and profiling proves no invalid/null rows; otherwise staged nullable,"null-count, distinct-count, min/max/length and deterministic transformed-value hash for data_types.policy_name",CONFIRMED source / PROPOSED target
data_types,controller,varchar(255),YES,NULL,varchar(255) DEFAULT NULL,legacy_platform.data_types,controller,text,Preserve exact value initially; normalize only through approved lookup mapping.,NOT NULL only if source is NOT NULL and profiling proves no invalid/null rows; otherwise staged nullable,"null-count, distinct-count, min/max/length and deterministic transformed-value hash for data_types.controller",CONFIRMED source / PROPOSED target
data_types,description,varchar(255),YES,NULL,varchar(255) DEFAULT NULL,legacy_platform.data_types,description,text,Preserve exact value initially; normalize only through approved lookup mapping.,NOT NULL only if source is NOT NULL and profiling proves no invalid/null rows; otherwise staged nullable,"null-count, distinct-count, min/max/length and deterministic transformed-value hash for data_types.description",CONFIRMED source / PROPOSED target
data_types,generate_permissions,tinyint(1),NO,0,tinyint(1) NOT NULL DEFAULT 0,legacy_platform.data_types,generate_permissions,boolean,"Normalize 0/1; quarantine values outside {0,1,NULL}.",NOT NULL only if source is NOT NULL and profiling proves no invalid/null rows; otherwise staged nullable,"null-count, distinct-count, min/max/length and deterministic transformed-value hash for data_types.generate_permissions",CONFIRMED source / PROPOSED target
data_types,server_side,tinyint(4),NO,0,tinyint(4) NOT NULL DEFAULT 0,legacy_platform.data_types,server_side,smallint,Exact integer cast.,NOT NULL only if source is NOT NULL and profiling proves no invalid/null rows; otherwise staged nullable,"null-count, distinct-count, min/max/length and deterministic transformed-value hash for data_types.server_side",CONFIRMED source / PROPOSED target
data_types,details,text,YES,NULL,text DEFAULT NULL,legacy_platform.data_types,details,text,Preserve bytes/text semantically; file-like JSON handled by document migration.,NOT NULL only if source is NOT NULL and profiling proves no invalid/null rows; otherwise staged nullable,"null-count, distinct-count, min/max/length and deterministic transformed-value hash for data_types.details",CONFIRMED source / PROPOSED target
data_types,created_at,timestamp,YES,NULL,timestamp NULL DEFAULT NULL,legacy_platform.data_types,created_at,timestamptz,"Interpret using approved legacy application timezone, convert to UTC; UNVERIFIED until timezone approval.",NOT NULL only if source is NOT NULL and profiling proves no invalid/null rows; otherwise staged nullable,"null-count, distinct-count, min/max/length and deterministic transformed-value hash for data_types.created_at",CONFIRMED source / PROPOSED target
data_types,updated_at,timestamp,YES,NULL,timestamp NULL DEFAULT NULL,legacy_platform.data_types,updated_at,timestamptz,"Interpret using approved legacy application timezone, convert to UTC; UNVERIFIED until timezone approval.",NOT NULL only if source is NOT NULL and profiling proves no invalid/null rows; otherwise staged nullable,"null-count, distinct-count, min/max/length and deterministic transformed-value hash for data_types.updated_at",CONFIRMED source / PROPOSED target
districts,id,int(11),NO,NO DEFAULT,int(11) NOT NULL,operations.districts,id,bigint,Cast signed/unsigned identifier; resolve through legacy_key_map when relational.,NOT NULL only if source is NOT NULL and profiling proves no invalid/null rows; otherwise staged nullable,"null-count, distinct-count, min/max/length and deterministic transformed-value hash for districts.id",CONFIRMED source / PROPOSED target
districts,division_id,int(11),NO,NO DEFAULT,int(11) NOT NULL,operations.districts,division_id,bigint,Cast signed/unsigned identifier; resolve through legacy_key_map when relational.,NOT NULL only if source is NOT NULL and profiling proves no invalid/null rows; otherwise staged nullable,"null-count, distinct-count, min/max/length and deterministic transformed-value hash for districts.division_id",CONFIRMED source / PROPOSED target
districts,name,varchar(25),NO,NO DEFAULT,varchar(25) NOT NULL,operations.districts,name,text,Preserve exact value initially; normalize only through approved lookup mapping.,NOT NULL only if source is NOT NULL and profiling proves no invalid/null rows; otherwise staged nullable,"null-count, distinct-count, min/max/length and deterministic transformed-value hash for districts.name",CONFIRMED source / PROPOSED target
districts,bn_name,varchar(25),NO,NO DEFAULT,varchar(25) NOT NULL,operations.districts,bn_name,text,Preserve exact value initially; normalize only through approved lookup mapping.,NOT NULL only if source is NOT NULL and profiling proves no invalid/null rows; otherwise staged nullable,"null-count, distinct-count, min/max/length and deterministic transformed-value hash for districts.bn_name",CONFIRMED source / PROPOSED target
districts,lat,varchar(15),YES,NULL,varchar(15) DEFAULT NULL,operations.districts,lat,text,Preserve exact value initially; normalize only through approved lookup mapping.,NOT NULL only if source is NOT NULL and profiling proves no invalid/null rows; otherwise staged nullable,"null-count, distinct-count, min/max/length and deterministic transformed-value hash for districts.lat",CONFIRMED source / PROPOSED target
districts,lon,varchar(15),YES,NULL,varchar(15) DEFAULT NULL,operations.districts,lon,text,Preserve exact value initially; normalize only through approved lookup mapping.,NOT NULL only if source is NOT NULL and profiling proves no invalid/null rows; otherwise staged nullable,"null-count, distinct-count, min/max/length and deterministic transformed-value hash for districts.lon",CONFIRMED source / PROPOSED target
districts,url,varchar(50),NO,NO DEFAULT,varchar(50) NOT NULL,operations.districts,url,text,Preserve exact value initially; normalize only through approved lookup mapping.,NOT NULL only if source is NOT NULL and profiling proves no invalid/null rows; otherwise staged nullable,"null-count, distinct-count, min/max/length and deterministic transformed-value hash for districts.url",CONFIRMED source / PROPOSED target
divisions,id,int(11),NO,NO DEFAULT,int(11) NOT NULL,operations.divisions,id,bigint,Cast signed/unsigned identifier; resolve through legacy_key_map when relational.,NOT NULL only if source is NOT NULL and profiling proves no invalid/null rows; otherwise staged nullable,"null-count, distinct-count, min/max/length and deterministic transformed-value hash for divisions.id",CONFIRMED source / PROPOSED target
divisions,name,varchar(25),NO,NO DEFAULT,varchar(25) NOT NULL,operations.divisions,name,text,Preserve exact value initially; normalize only through approved lookup mapping.,NOT NULL only if source is NOT NULL and profiling proves no invalid/null rows; otherwise staged nullable,"null-count, distinct-count, min/max/length and deterministic transformed-value hash for divisions.name",CONFIRMED source / PROPOSED target
divisions,bn_name,varchar(25),NO,NO DEFAULT,varchar(25) NOT NULL,operations.divisions,bn_name,text,Preserve exact value initially; normalize only through approved lookup mapping.,NOT NULL only if source is NOT NULL and profiling proves no invalid/null rows; otherwise staged nullable,"null-count, distinct-count, min/max/length and deterministic transformed-value hash for divisions.bn_name",CONFIRMED source / PROPOSED target
divisions,url,varchar(50),NO,NO DEFAULT,varchar(50) NOT NULL,operations.divisions,url,text,Preserve exact value initially; normalize only through approved lookup mapping.,NOT NULL only if source is NOT NULL and profiling proves no invalid/null rows; otherwise staged nullable,"null-count, distinct-count, min/max/length and deterministic transformed-value hash for divisions.url",CONFIRMED source / PROPOSED target
document_types,id,int(10) UNSIGNED,NO,NO DEFAULT,int(10) UNSIGNED NOT NULL,operations.document_types,id,bigint,Cast signed/unsigned identifier; resolve through legacy_key_map when relational.,NOT NULL only if source is NOT NULL and profiling proves no invalid/null rows; otherwise staged nullable,"null-count, distinct-count, min/max/length and deterministic transformed-value hash for document_types.id",CONFIRMED source / PROPOSED target
document_types,name,varchar(255),YES,NULL,varchar(255) DEFAULT NULL,operations.document_types,name,text,Preserve exact value initially; normalize only through approved lookup mapping.,NOT NULL only if source is NOT NULL and profiling proves no invalid/null rows; otherwise staged nullable,"null-count, distinct-count, min/max/length and deterministic transformed-value hash for document_types.name",CONFIRMED source / PROPOSED target
document_types,status,char(5),YES,'A',char(5) DEFAULT 'A',operations.document_types,status,text,Preserve exact value initially; normalize only through approved lookup mapping.,NOT NULL only if source is NOT NULL and profiling proves no invalid/null rows; otherwise staged nullable,"null-count, distinct-count, min/max/length and deterministic transformed-value hash for document_types.status",CONFIRMED source / PROPOSED target
document_types,created_at,timestamp,YES,NULL,timestamp NULL DEFAULT NULL,operations.document_types,created_at,timestamptz,"Interpret using approved legacy application timezone, convert to UTC; UNVERIFIED until timezone approval.",NOT NULL only if source is NOT NULL and profiling proves no invalid/null rows; otherwise staged nullable,"null-count, distinct-count, min/max/length and deterministic transformed-value hash for document_types.created_at",CONFIRMED source / PROPOSED target
document_types,updated_at,timestamp,YES,NULL,timestamp NULL DEFAULT NULL,operations.document_types,updated_at,timestamptz,"Interpret using approved legacy application timezone, convert to UTC; UNVERIFIED until timezone approval.",NOT NULL only if source is NOT NULL and profiling proves no invalid/null rows; otherwise staged nullable,"null-count, distinct-count, min/max/length and deterministic transformed-value hash for document_types.updated_at",CONFIRMED source / PROPOSED target
document_types,serial_no,int(11),YES,0,int(11) DEFAULT 0,operations.document_types,serial_no,integer,Exact integer cast; range-check unsigned values.,NOT NULL only if source is NOT NULL and profiling proves no invalid/null rows; otherwise staged nullable,"null-count, distinct-count, min/max/length and deterministic transformed-value hash for document_types.serial_no",CONFIRMED source / PROPOSED target
educations,id,bigint(20),NO,NO DEFAULT,bigint(20) NOT NULL,operations.educations,id,bigint,Cast signed/unsigned identifier; resolve through legacy_key_map when relational.,NOT NULL only if source is NOT NULL and profiling proves no invalid/null rows; otherwise staged nullable,"null-count, distinct-count, min/max/length and deterministic transformed-value hash for educations.id",CONFIRMED source / PROPOSED target
educations,user_id,bigint(20),NO,NO DEFAULT,bigint(20) NOT NULL,operations.educations,user_id,bigint,Cast signed/unsigned identifier; resolve through legacy_key_map when relational.,NOT NULL only if source is NOT NULL and profiling proves no invalid/null rows; otherwise staged nullable,"null-count, distinct-count, min/max/length and deterministic transformed-value hash for educations.user_id",CONFIRMED source / PROPOSED target
educations,exam_name,varchar(250),YES,NULL,varchar(250) DEFAULT NULL,operations.educations,exam_name,text,Preserve exact value initially; normalize only through approved lookup mapping.,NOT NULL only if source is NOT NULL and profiling proves no invalid/null rows; otherwise staged nullable,"null-count, distinct-count, min/max/length and deterministic transformed-value hash for educations.exam_name",CONFIRMED source / PROPOSED target
educations,institute_name,varchar(250),YES,NULL,varchar(250) DEFAULT NULL,operations.educations,institute_name,text,Preserve exact value initially; normalize only through approved lookup mapping.,NOT NULL only if source is NOT NULL and profiling proves no invalid/null rows; otherwise staged nullable,"null-count, distinct-count, min/max/length and deterministic transformed-value hash for educations.institute_name",CONFIRMED source / PROPOSED target
educations,subject_group_major,varchar(250),YES,NULL,varchar(250) DEFAULT NULL,operations.educations,subject_group_major,text,Preserve exact value initially; normalize only through approved lookup mapping.,NOT NULL only if source is NOT NULL and profiling proves no invalid/null rows; otherwise staged nullable,"null-count, distinct-count, min/max/length and deterministic transformed-value hash for educations.subject_group_major",CONFIRMED source / PROPOSED target
educations,education_label,varchar(250),YES,NULL,varchar(250) DEFAULT NULL,operations.educations,education_label,text,Preserve exact value initially; normalize only through approved lookup mapping.,NOT NULL only if source is NOT NULL and profiling proves no invalid/null rows; otherwise staged nullable,"null-count, distinct-count, min/max/length and deterministic transformed-value hash for educations.education_label",CONFIRMED source / PROPOSED target
educations,start_date,date,YES,NULL,date DEFAULT NULL,operations.educations,start_date,date,ISO date cast; reject zero/invalid dates.,NOT NULL only if source is NOT NULL and profiling proves no invalid/null rows; otherwise staged nullable,"null-count, distinct-count, min/max/length and deterministic transformed-value hash for educations.start_date",CONFIRMED source / PROPOSED target
educations,end_date,date,YES,NULL,date DEFAULT NULL,operations.educations,end_date,date,ISO date cast; reject zero/invalid dates.,NOT NULL only if source is NOT NULL and profiling proves no invalid/null rows; otherwise staged nullable,"null-count, distinct-count, min/max/length and deterministic transformed-value hash for educations.end_date",CONFIRMED source / PROPOSED target
educations,duration_year,int(11),YES,NULL,int(11) DEFAULT NULL,operations.educations,duration_year,integer,Exact integer cast; range-check unsigned values.,NOT NULL only if source is NOT NULL and profiling proves no invalid/null rows; otherwise staged nullable,"null-count, distinct-count, min/max/length and deterministic transformed-value hash for educations.duration_year",CONFIRMED source / PROPOSED target
educations,result_type,varchar(250),YES,NULL,varchar(250) DEFAULT NULL,operations.educations,result_type,text,Preserve exact value initially; normalize only through approved lookup mapping.,NOT NULL only if source is NOT NULL and profiling proves no invalid/null rows; otherwise staged nullable,"null-count, distinct-count, min/max/length and deterministic transformed-value hash for educations.result_type",CONFIRMED source / PROPOSED target
educations,result,varchar(250),YES,NULL,varchar(250) DEFAULT NULL,operations.educations,result,text,Preserve exact value initially; normalize only through approved lookup mapping.,NOT NULL only if source is NOT NULL and profiling proves no invalid/null rows; otherwise staged nullable,"null-count, distinct-count, min/max/length and deterministic transformed-value hash for educations.result",CONFIRMED source / PROPOSED target
educations,achievements,varchar(250),YES,NULL,varchar(250) DEFAULT NULL,operations.educations,achievements,text,Preserve exact value initially; normalize only through approved lookup mapping.,NOT NULL only if source is NOT NULL and profiling proves no invalid/null rows; otherwise staged nullable,"null-count, distinct-count, min/max/length and deterministic transformed-value hash for educations.achievements",CONFIRMED source / PROPOSED target
educations,certificate_file_path,varchar(250),YES,NULL,varchar(250) DEFAULT NULL,operations.educations,certificate_file_id,text,Preserve exact value initially; normalize only through approved lookup mapping.,NOT NULL only if source is NOT NULL and profiling proves no invalid/null rows; otherwise staged nullable,"null-count, distinct-count, min/max/length and deterministic transformed-value hash for educations.certificate_file_path",CONFIRMED source / PROPOSED target
educations,status,char(5),YES,'A',char(5) DEFAULT 'A',operations.educations,status,text,Preserve exact value initially; normalize only through approved lookup mapping.,NOT NULL only if source is NOT NULL and profiling proves no invalid/null rows; otherwise staged nullable,"null-count, distinct-count, min/max/length and deterministic transformed-value hash for educations.status",CONFIRMED source / PROPOSED target
educations,created_at,timestamp,YES,NULL,timestamp NULL DEFAULT NULL,operations.educations,created_at,timestamptz,"Interpret using approved legacy application timezone, convert to UTC; UNVERIFIED until timezone approval.",NOT NULL only if source is NOT NULL and profiling proves no invalid/null rows; otherwise staged nullable,"null-count, distinct-count, min/max/length and deterministic transformed-value hash for educations.created_at",CONFIRMED source / PROPOSED target
educations,updated_at,timestamp,YES,NULL,timestamp NULL DEFAULT NULL,operations.educations,updated_at,timestamptz,"Interpret using approved legacy application timezone, convert to UTC; UNVERIFIED until timezone approval.",NOT NULL only if source is NOT NULL and profiling proves no invalid/null rows; otherwise staged nullable,"null-count, distinct-count, min/max/length and deterministic transformed-value hash for educations.updated_at",CONFIRMED source / PROPOSED target
educations,created_by,bigint(20),YES,NULL,bigint(20) DEFAULT NULL,operations.educations,created_by,bigint,Exact integer cast; range-check unsigned values.,NOT NULL only if source is NOT NULL and profiling proves no invalid/null rows; otherwise staged nullable,"null-count, distinct-count, min/max/length and deterministic transformed-value hash for educations.created_by",CONFIRMED source / PROPOSED target
educations,updated_by,bigint(20),YES,NULL,bigint(20) DEFAULT NULL,operations.educations,updated_by,bigint,Exact integer cast; range-check unsigned values.,NOT NULL only if source is NOT NULL and profiling proves no invalid/null rows; otherwise staged nullable,"null-count, distinct-count, min/max/length and deterministic transformed-value hash for educations.updated_by",CONFIRMED source / PROPOSED target
educations,board_name,varchar(200),YES,NULL,varchar(200) DEFAULT NULL,operations.educations,board_name,text,Preserve exact value initially; normalize only through approved lookup mapping.,NOT NULL only if source is NOT NULL and profiling proves no invalid/null rows; otherwise staged nullable,"null-count, distinct-count, min/max/length and deterministic transformed-value hash for educations.board_name",CONFIRMED source / PROPOSED target
educations,scale,varchar(200),YES,NULL,varchar(200) DEFAULT NULL,operations.educations,scale,text,Preserve exact value initially; normalize only through approved lookup mapping.,NOT NULL only if source is NOT NULL and profiling proves no invalid/null rows; otherwise staged nullable,"null-count, distinct-count, min/max/length and deterministic transformed-value hash for educations.scale",CONFIRMED source / PROPOSED target
educations,passing_year,varchar(200),YES,NULL,varchar(200) DEFAULT NULL,operations.educations,passing_year,text,Preserve exact value initially; normalize only through approved lookup mapping.,NOT NULL only if source is NOT NULL and profiling proves no invalid/null rows; otherwise staged nullable,"null-count, distinct-count, min/max/length and deterministic transformed-value hash for educations.passing_year",CONFIRMED source / PROPOSED target
employees,id,bigint(20) UNSIGNED,NO,NO DEFAULT,bigint(20) UNSIGNED NOT NULL,operations.employees,id,bigint,Cast signed/unsigned identifier; resolve through legacy_key_map when relational.,NOT NULL only if source is NOT NULL and profiling proves no invalid/null rows; otherwise staged nullable,"null-count, distinct-count, min/max/length and deterministic transformed-value hash for employees.id",CONFIRMED source / PROPOSED target
employees,code,varchar(100),YES,NULL,varchar(100) DEFAULT NULL,operations.employees,code,text,Preserve exact value initially; normalize only through approved lookup mapping.,NOT NULL only if source is NOT NULL and profiling proves no invalid/null rows; otherwise staged nullable,"null-count, distinct-count, min/max/length and deterministic transformed-value hash for employees.code",CONFIRMED source / PROPOSED target
employees,name,varchar(250),YES,NULL,varchar(250) DEFAULT NULL,operations.employees,name,text,Preserve exact value initially; normalize only through approved lookup mapping.,NOT NULL only if source is NOT NULL and profiling proves no invalid/null rows; otherwise staged nullable,"null-count, distinct-count, min/max/length and deterministic transformed-value hash for employees.name",CONFIRMED source / PROPOSED target
employees,email,varchar(250),YES,NULL,varchar(250) DEFAULT NULL,operations.employees,email,text,Preserve exact value initially; normalize only through approved lookup mapping.,NOT NULL only if source is NOT NULL and profiling proves no invalid/null rows; otherwise staged nullable,"null-count, distinct-count, min/max/length and deterministic transformed-value hash for employees.email",CONFIRMED source / PROPOSED target
employees,mobile,varchar(255),YES,NULL,varchar(255) DEFAULT NULL,operations.employees,mobile,text,Preserve exact value initially; normalize only through approved lookup mapping.,NOT NULL only if source is NOT NULL and profiling proves no invalid/null rows; otherwise staged nullable,"null-count, distinct-count, min/max/length and deterministic transformed-value hash for employees.mobile",CONFIRMED source / PROPOSED target
employees,nid,varchar(255),YES,NULL,varchar(255) DEFAULT NULL,operations.employees,nid,text,Preserve exact value initially; normalize only through approved lookup mapping.,NOT NULL only if source is NOT NULL and profiling proves no invalid/null rows; otherwise staged nullable,"null-count, distinct-count, min/max/length and deterministic transformed-value hash for employees.nid",CONFIRMED source / PROPOSED target
employees,nid_file_path,varchar(255),YES,NULL,varchar(255) DEFAULT NULL,operations.employees,nid_file_id,text,Preserve exact value initially; normalize only through approved lookup mapping.,NOT NULL only if source is NOT NULL and profiling proves no invalid/null rows; otherwise staged nullable,"null-count, distinct-count, min/max/length and deterministic transformed-value hash for employees.nid_file_path",CONFIRMED source / PROPOSED target
employees,passport_no,varchar(255),YES,NULL,varchar(255) DEFAULT NULL,operations.employees,passport_no,text,Preserve exact value initially; normalize only through approved lookup mapping.,NOT NULL only if source is NOT NULL and profiling proves no invalid/null rows; otherwise staged nullable,"null-count, distinct-count, min/max/length and deterministic transformed-value hash for employees.passport_no",CONFIRMED source / PROPOSED target
employees,passport_issue_date,date,YES,NULL,date DEFAULT NULL,operations.employees,passport_issue_date,date,ISO date cast; reject zero/invalid dates.,NOT NULL only if source is NOT NULL and profiling proves no invalid/null rows; otherwise staged nullable,"null-count, distinct-count, min/max/length and deterministic transformed-value hash for employees.passport_issue_date",CONFIRMED source / PROPOSED target
employees,passport_expire_date,date,YES,NULL,date DEFAULT NULL,operations.employees,passport_expire_date,date,ISO date cast; reject zero/invalid dates.,NOT NULL only if source is NOT NULL and profiling proves no invalid/null rows; otherwise staged nullable,"null-count, distinct-count, min/max/length and deterministic transformed-value hash for employees.passport_expire_date",CONFIRMED source / PROPOSED target
employees,passport_file_path,varchar(255),YES,NULL,varchar(255) DEFAULT NULL,operations.employees,passport_file_id,text,Preserve exact value initially; normalize only through approved lookup mapping.,NOT NULL only if source is NOT NULL and profiling proves no invalid/null rows; otherwise staged nullable,"null-count, distinct-count, min/max/length and deterministic transformed-value hash for employees.passport_file_path",CONFIRMED source / PROPOSED target
employees,dob,date,YES,NULL,date DEFAULT NULL,operations.employees,dob,date,ISO date cast; reject zero/invalid dates.,NOT NULL only if source is NOT NULL and profiling proves no invalid/null rows; otherwise staged nullable,"null-count, distinct-count, min/max/length and deterministic transformed-value hash for employees.dob",CONFIRMED source / PROPOSED target
employees,full_photo_file_path,varchar(255),YES,NULL,varchar(255) DEFAULT NULL,operations.employees,full_photo_file_id,text,Preserve exact value initially; normalize only through approved lookup mapping.,NOT NULL only if source is NOT NULL and profiling proves no invalid/null rows; otherwise staged nullable,"null-count, distinct-count, min/max/length and deterministic transformed-value hash for employees.full_photo_file_path",CONFIRMED source / PROPOSED target
employees,half_photo_file_path,varchar(255),YES,NULL,varchar(255) DEFAULT NULL,operations.employees,half_photo_file_id,text,Preserve exact value initially; normalize only through approved lookup mapping.,NOT NULL only if source is NOT NULL and profiling proves no invalid/null rows; otherwise staged nullable,"null-count, distinct-count, min/max/length and deterministic transformed-value hash for employees.half_photo_file_path",CONFIRMED source / PROPOSED target
employees,father_name,varchar(255),YES,NULL,varchar(255) DEFAULT NULL,operations.employees,father_name,text,Preserve exact value initially; normalize only through approved lookup mapping.,NOT NULL only if source is NOT NULL and profiling proves no invalid/null rows; otherwise staged nullable,"null-count, distinct-count, min/max/length and deterministic transformed-value hash for employees.father_name",CONFIRMED source / PROPOSED target
employees,mother_name,varchar(255),YES,NULL,varchar(255) DEFAULT NULL,operations.employees,mother_name,text,Preserve exact value initially; normalize only through approved lookup mapping.,NOT NULL only if source is NOT NULL and profiling proves no invalid/null rows; otherwise staged nullable,"null-count, distinct-count, min/max/length and deterministic transformed-value hash for employees.mother_name",CONFIRMED source / PROPOSED target
employees,nationality,varchar(255),YES,NULL,varchar(255) DEFAULT NULL,operations.employees,nationality,text,Preserve exact value initially; normalize only through approved lookup mapping.,NOT NULL only if source is NOT NULL and profiling proves no invalid/null rows; otherwise staged nullable,"null-count, distinct-count, min/max/length and deterministic transformed-value hash for employees.nationality",CONFIRMED source / PROPOSED target
employees,gender,varchar(255),YES,NULL,varchar(255) DEFAULT NULL,operations.employees,gender,text,Preserve exact value initially; normalize only through approved lookup mapping.,NOT NULL only if source is NOT NULL and profiling proves no invalid/null rows; otherwise staged nullable,"null-count, distinct-count, min/max/length and deterministic transformed-value hash for employees.gender",CONFIRMED source / PROPOSED target
employees,blood_group,varchar(255),YES,NULL,varchar(255) DEFAULT NULL,operations.employees,blood_group,text,Preserve exact value initially; normalize only through approved lookup mapping.,NOT NULL only if source is NOT NULL and profiling proves no invalid/null rows; otherwise staged nullable,"null-count, distinct-count, min/max/length and deterministic transformed-value hash for employees.blood_group",CONFIRMED source / PROPOSED target
employees,present_address_house,varchar(200),YES,NULL,varchar(200) DEFAULT NULL,operations.employees,present_address_house,text,Preserve exact value initially; normalize only through approved lookup mapping.,NOT NULL only if source is NOT NULL and profiling proves no invalid/null rows; otherwise staged nullable,"null-count, distinct-count, min/max/length and deterministic transformed-value hash for employees.present_address_house",CONFIRMED source / PROPOSED target
employees,permanent_address_house,varchar(200),YES,NULL,varchar(200) DEFAULT NULL,operations.employees,permanent_address_house,text,Preserve exact value initially; normalize only through approved lookup mapping.,NOT NULL only if source is NOT NULL and profiling proves no invalid/null rows; otherwise staged nullable,"null-count, distinct-count, min/max/length and deterministic transformed-value hash for employees.permanent_address_house",CONFIRMED source / PROPOSED target
employees,cv_file_path,varchar(250),YES,NULL,varchar(250) DEFAULT NULL,operations.employees,cv_file_id,text,Preserve exact value initially; normalize only through approved lookup mapping.,NOT NULL only if source is NOT NULL and profiling proves no invalid/null rows; otherwise staged nullable,"null-count, distinct-count, min/max/length and deterministic transformed-value hash for employees.cv_file_path",CONFIRMED source / PROPOSED target
employees,status,char(5),YES,'A',char(5) DEFAULT 'A',operations.employees,status,text,Preserve exact value initially; normalize only through approved lookup mapping.,NOT NULL only if source is NOT NULL and profiling proves no invalid/null rows; otherwise staged nullable,"null-count, distinct-count, min/max/length and deterministic transformed-value hash for employees.status",CONFIRMED source / PROPOSED target
employees,created_at,timestamp,YES,NULL,timestamp NULL DEFAULT NULL,operations.employees,created_at,timestamptz,"Interpret using approved legacy application timezone, convert to UTC; UNVERIFIED until timezone approval.",NOT NULL only if source is NOT NULL and profiling proves no invalid/null rows; otherwise staged nullable,"null-count, distinct-count, min/max/length and deterministic transformed-value hash for employees.created_at",CONFIRMED source / PROPOSED target
employees,updated_at,timestamp,YES,NULL,timestamp NULL DEFAULT NULL,operations.employees,updated_at,timestamptz,"Interpret using approved legacy application timezone, convert to UTC; UNVERIFIED until timezone approval.",NOT NULL only if source is NOT NULL and profiling proves no invalid/null rows; otherwise staged nullable,"null-count, distinct-count, min/max/length and deterministic transformed-value hash for employees.updated_at",CONFIRMED source / PROPOSED target
employer_candidates,id,int(10) UNSIGNED,NO,NO DEFAULT,int(10) UNSIGNED NOT NULL,candidate.employer_candidates,id,bigint,Cast signed/unsigned identifier; resolve through legacy_key_map when relational.,NOT NULL only if source is NOT NULL and profiling proves no invalid/null rows; otherwise staged nullable,"null-count, distinct-count, min/max/length and deterministic transformed-value hash for employer_candidates.id",CONFIRMED source / PROPOSED target
employer_candidates,employer_id,int(11),YES,NULL,int(11) DEFAULT NULL,candidate.employer_candidates,employer_id,bigint,Cast signed/unsigned identifier; resolve through legacy_key_map when relational.,NOT NULL only if source is NOT NULL and profiling proves no invalid/null rows; otherwise staged nullable,"null-count, distinct-count, min/max/length and deterministic transformed-value hash for employer_candidates.employer_id",CONFIRMED source / PROPOSED target
employer_candidates,candidate_id,int(11),YES,NULL,int(11) DEFAULT NULL,candidate.employer_candidates,candidate_id,bigint,Cast signed/unsigned identifier; resolve through legacy_key_map when relational.,NOT NULL only if source is NOT NULL and profiling proves no invalid/null rows; otherwise staged nullable,"null-count, distinct-count, min/max/length and deterministic transformed-value hash for employer_candidates.candidate_id",CONFIRMED source / PROPOSED target
employer_candidates,purpose,varchar(100),YES,NULL,varchar(100) DEFAULT NULL,candidate.employer_candidates,purpose,text,Preserve exact value initially; normalize only through approved lookup mapping.,NOT NULL only if source is NOT NULL and profiling proves no invalid/null rows; otherwise staged nullable,"null-count, distinct-count, min/max/length and deterministic transformed-value hash for employer_candidates.purpose",CONFIRMED source / PROPOSED target
employer_candidates,created_at,timestamp,YES,NULL,timestamp NULL DEFAULT NULL,candidate.employer_candidates,created_at,timestamptz,"Interpret using approved legacy application timezone, convert to UTC; UNVERIFIED until timezone approval.",NOT NULL only if source is NOT NULL and profiling proves no invalid/null rows; otherwise staged nullable,"null-count, distinct-count, min/max/length and deterministic transformed-value hash for employer_candidates.created_at",CONFIRMED source / PROPOSED target
employer_candidates,updated_at,timestamp,YES,NULL,timestamp NULL DEFAULT NULL,candidate.employer_candidates,updated_at,timestamptz,"Interpret using approved legacy application timezone, convert to UTC; UNVERIFIED until timezone approval.",NOT NULL only if source is NOT NULL and profiling proves no invalid/null rows; otherwise staged nullable,"null-count, distinct-count, min/max/length and deterministic transformed-value hash for employer_candidates.updated_at",CONFIRMED source / PROPOSED target
employers,id,bigint(20) UNSIGNED,NO,NO DEFAULT,bigint(20) UNSIGNED NOT NULL,operations.employers,id,bigint,Cast signed/unsigned identifier; resolve through legacy_key_map when relational.,NOT NULL only if source is NOT NULL and profiling proves no invalid/null rows; otherwise staged nullable,"null-count, distinct-count, min/max/length and deterministic transformed-value hash for employers.id",CONFIRMED source / PROPOSED target
employers,code,varchar(100),YES,NULL,varchar(100) DEFAULT NULL,operations.employers,code,text,Preserve exact value initially; normalize only through approved lookup mapping.,NOT NULL only if source is NOT NULL and profiling proves no invalid/null rows; otherwise staged nullable,"null-count, distinct-count, min/max/length and deterministic transformed-value hash for employers.code",CONFIRMED source / PROPOSED target
employers,name,varchar(250),YES,NULL,varchar(250) DEFAULT NULL,operations.employers,name,text,Preserve exact value initially; normalize only through approved lookup mapping.,NOT NULL only if source is NOT NULL and profiling proves no invalid/null rows; otherwise staged nullable,"null-count, distinct-count, min/max/length and deterministic transformed-value hash for employers.name",CONFIRMED source / PROPOSED target
employers,email,varchar(250),YES,NULL,varchar(250) DEFAULT NULL,operations.employers,email,text,Preserve exact value initially; normalize only through approved lookup mapping.,NOT NULL only if source is NOT NULL and profiling proves no invalid/null rows; otherwise staged nullable,"null-count, distinct-count, min/max/length and deterministic transformed-value hash for employers.email",CONFIRMED source / PROPOSED target
employers,mobile,varchar(255),YES,NULL,varchar(255) DEFAULT NULL,operations.employers,mobile,text,Preserve exact value initially; normalize only through approved lookup mapping.,NOT NULL only if source is NOT NULL and profiling proves no invalid/null rows; otherwise staged nullable,"null-count, distinct-count, min/max/length and deterministic transformed-value hash for employers.mobile",CONFIRMED source / PROPOSED target
employers,nid,varchar(255),YES,NULL,varchar(255) DEFAULT NULL,operations.employers,nid,text,Preserve exact value initially; normalize only through approved lookup mapping.,NOT NULL only if source is NOT NULL and profiling proves no invalid/null rows; otherwise staged nullable,"null-count, distinct-count, min/max/length and deterministic transformed-value hash for employers.nid",CONFIRMED source / PROPOSED target
employers,nid_file_path,varchar(255),YES,NULL,varchar(255) DEFAULT NULL,operations.employers,nid_file_id,text,Preserve exact value initially; normalize only through approved lookup mapping.,NOT NULL only if source is NOT NULL and profiling proves no invalid/null rows; otherwise staged nullable,"null-count, distinct-count, min/max/length and deterministic transformed-value hash for employers.nid_file_path",CONFIRMED source / PROPOSED target
employers,passport_no,varchar(255),YES,NULL,varchar(255) DEFAULT NULL,operations.employers,passport_no,text,Preserve exact value initially; normalize only through approved lookup mapping.,NOT NULL only if source is NOT NULL and profiling proves no invalid/null rows; otherwise staged nullable,"null-count, distinct-count, min/max/length and deterministic transformed-value hash for employers.passport_no",CONFIRMED source / PROPOSED target
employers,passport_issue_date,date,YES,NULL,date DEFAULT NULL,operations.employers,passport_issue_date,date,ISO date cast; reject zero/invalid dates.,NOT NULL only if source is NOT NULL and profiling proves no invalid/null rows; otherwise staged nullable,"null-count, distinct-count, min/max/length and deterministic transformed-value hash for employers.passport_issue_date",CONFIRMED source / PROPOSED target
employers,passport_expire_date,date,YES,NULL,date DEFAULT NULL,operations.employers,passport_expire_date,date,ISO date cast; reject zero/invalid dates.,NOT NULL only if source is NOT NULL and profiling proves no invalid/null rows; otherwise staged nullable,"null-count, distinct-count, min/max/length and deterministic transformed-value hash for employers.passport_expire_date",CONFIRMED source / PROPOSED target
employers,passport_file_path,varchar(255),YES,NULL,varchar(255) DEFAULT NULL,operations.employers,passport_file_id,text,Preserve exact value initially; normalize only through approved lookup mapping.,NOT NULL only if source is NOT NULL and profiling proves no invalid/null rows; otherwise staged nullable,"null-count, distinct-count, min/max/length and deterministic transformed-value hash for employers.passport_file_path",CONFIRMED source / PROPOSED target
employers,dob,date,YES,NULL,date DEFAULT NULL,operations.employers,dob,date,ISO date cast; reject zero/invalid dates.,NOT NULL only if source is NOT NULL and profiling proves no invalid/null rows; otherwise staged nullable,"null-count, distinct-count, min/max/length and deterministic transformed-value hash for employers.dob",CONFIRMED source / PROPOSED target
employers,full_photo_file_path,varchar(255),YES,NULL,varchar(255) DEFAULT NULL,operations.employers,full_photo_file_id,text,Preserve exact value initially; normalize only through approved lookup mapping.,NOT NULL only if source is NOT NULL and profiling proves no invalid/null rows; otherwise staged nullable,"null-count, distinct-count, min/max/length and deterministic transformed-value hash for employers.full_photo_file_path",CONFIRMED source / PROPOSED target
employers,half_photo_file_path,varchar(255),YES,NULL,varchar(255) DEFAULT NULL,operations.employers,half_photo_file_id,text,Preserve exact value initially; normalize only through approved lookup mapping.,NOT NULL only if source is NOT NULL and profiling proves no invalid/null rows; otherwise staged nullable,"null-count, distinct-count, min/max/length and deterministic transformed-value hash for employers.half_photo_file_path",CONFIRMED source / PROPOSED target
employers,father_name,varchar(255),YES,NULL,varchar(255) DEFAULT NULL,operations.employers,father_name,text,Preserve exact value initially; normalize only through approved lookup mapping.,NOT NULL only if source is NOT NULL and profiling proves no invalid/null rows; otherwise staged nullable,"null-count, distinct-count, min/max/length and deterministic transformed-value hash for employers.father_name",CONFIRMED source / PROPOSED target
employers,mother_name,varchar(255),YES,NULL,varchar(255) DEFAULT NULL,operations.employers,mother_name,text,Preserve exact value initially; normalize only through approved lookup mapping.,NOT NULL only if source is NOT NULL and profiling proves no invalid/null rows; otherwise staged nullable,"null-count, distinct-count, min/max/length and deterministic transformed-value hash for employers.mother_name",CONFIRMED source / PROPOSED target
employers,nationality,varchar(255),YES,NULL,varchar(255) DEFAULT NULL,operations.employers,nationality,text,Preserve exact value initially; normalize only through approved lookup mapping.,NOT NULL only if source is NOT NULL and profiling proves no invalid/null rows; otherwise staged nullable,"null-count, distinct-count, min/max/length and deterministic transformed-value hash for employers.nationality",CONFIRMED source / PROPOSED target
employers,gender,varchar(255),YES,NULL,varchar(255) DEFAULT NULL,operations.employers,gender,text,Preserve exact value initially; normalize only through approved lookup mapping.,NOT NULL only if source is NOT NULL and profiling proves no invalid/null rows; otherwise staged nullable,"null-count, distinct-count, min/max/length and deterministic transformed-value hash for employers.gender",CONFIRMED source / PROPOSED target
employers,blood_group,varchar(255),YES,NULL,varchar(255) DEFAULT NULL,operations.employers,blood_group,text,Preserve exact value initially; normalize only through approved lookup mapping.,NOT NULL only if source is NOT NULL and profiling proves no invalid/null rows; otherwise staged nullable,"null-count, distinct-count, min/max/length and deterministic transformed-value hash for employers.blood_group",CONFIRMED source / PROPOSED target
employers,present_address_house,varchar(200),YES,NULL,varchar(200) DEFAULT NULL,operations.employers,present_address_house,text,Preserve exact value initially; normalize only through approved lookup mapping.,NOT NULL only if source is NOT NULL and profiling proves no invalid/null rows; otherwise staged nullable,"null-count, distinct-count, min/max/length and deterministic transformed-value hash for employers.present_address_house",CONFIRMED source / PROPOSED target
employers,permanent_address_house,varchar(200),YES,NULL,varchar(200) DEFAULT NULL,operations.employers,permanent_address_house,text,Preserve exact value initially; normalize only through approved lookup mapping.,NOT NULL only if source is NOT NULL and profiling proves no invalid/null rows; otherwise staged nullable,"null-count, distinct-count, min/max/length and deterministic transformed-value hash for employers.permanent_address_house",CONFIRMED source / PROPOSED target
employers,cv_file_path,varchar(250),YES,NULL,varchar(250) DEFAULT NULL,operations.employers,cv_file_id,text,Preserve exact value initially; normalize only through approved lookup mapping.,NOT NULL only if source is NOT NULL and profiling proves no invalid/null rows; otherwise staged nullable,"null-count, distinct-count, min/max/length and deterministic transformed-value hash for employers.cv_file_path",CONFIRMED source / PROPOSED target
employers,status,char(5),YES,'A',char(5) DEFAULT 'A',operations.employers,status,text,Preserve exact value initially; normalize only through approved lookup mapping.,NOT NULL only if source is NOT NULL and profiling proves no invalid/null rows; otherwise staged nullable,"null-count, distinct-count, min/max/length and deterministic transformed-value hash for employers.status",CONFIRMED source / PROPOSED target
employers,created_at,timestamp,YES,NULL,timestamp NULL DEFAULT NULL,operations.employers,created_at,timestamptz,"Interpret using approved legacy application timezone, convert to UTC; UNVERIFIED until timezone approval.",NOT NULL only if source is NOT NULL and profiling proves no invalid/null rows; otherwise staged nullable,"null-count, distinct-count, min/max/length and deterministic transformed-value hash for employers.created_at",CONFIRMED source / PROPOSED target
employers,updated_at,timestamp,YES,NULL,timestamp NULL DEFAULT NULL,operations.employers,updated_at,timestamptz,"Interpret using approved legacy application timezone, convert to UTC; UNVERIFIED until timezone approval.",NOT NULL only if source is NOT NULL and profiling proves no invalid/null rows; otherwise staged nullable,"null-count, distinct-count, min/max/length and deterministic transformed-value hash for employers.updated_at",CONFIRMED source / PROPOSED target
euro_to_bdt_rates,id,int(10) UNSIGNED,NO,NO DEFAULT,int(10) UNSIGNED NOT NULL,finance.euro_to_bdt_rates,id,bigint,Cast signed/unsigned identifier; resolve through legacy_key_map when relational.,NOT NULL only if source is NOT NULL and profiling proves no invalid/null rows; otherwise staged nullable,"null-count, distinct-count, min/max/length and deterministic transformed-value hash for euro_to_bdt_rates.id",CONFIRMED source / PROPOSED target
euro_to_bdt_rates,conversion_date,date,YES,NULL,date DEFAULT NULL,finance.euro_to_bdt_rates,conversion_date,date,ISO date cast; reject zero/invalid dates.,NOT NULL only if source is NOT NULL and profiling proves no invalid/null rows; otherwise staged nullable,"null-count, distinct-count, min/max/length and deterministic transformed-value hash for euro_to_bdt_rates.conversion_date",CONFIRMED source / PROPOSED target
euro_to_bdt_rates,euro_rate,float,YES,1,float DEFAULT 1,finance.euro_to_bdt_rates,euro_rate,"numeric(20,6)",Parse decimal text exactly; no binary-float arithmetic; round only at posted transaction boundary.,NOT NULL only if source is NOT NULL and profiling proves no invalid/null rows; otherwise staged nullable,"null-count, distinct-count, min/max/length and deterministic transformed-value hash for euro_to_bdt_rates.euro_rate",CONFIRMED source / PROPOSED target
euro_to_bdt_rates,updated_at,timestamp,YES,NULL,timestamp NULL DEFAULT NULL,finance.euro_to_bdt_rates,updated_at,timestamptz,"Interpret using approved legacy application timezone, convert to UTC; UNVERIFIED until timezone approval.",NOT NULL only if source is NOT NULL and profiling proves no invalid/null rows; otherwise staged nullable,"null-count, distinct-count, min/max/length and deterministic transformed-value hash for euro_to_bdt_rates.updated_at",CONFIRMED source / PROPOSED target
euro_to_bdt_rates,created_by,int(11),YES,NULL,int(11) DEFAULT NULL,finance.euro_to_bdt_rates,created_by,integer,Exact integer cast; range-check unsigned values.,NOT NULL only if source is NOT NULL and profiling proves no invalid/null rows; otherwise staged nullable,"null-count, distinct-count, min/max/length and deterministic transformed-value hash for euro_to_bdt_rates.created_by",CONFIRMED source / PROPOSED target
euro_to_bdt_rates,updated_by,int(11),YES,NULL,int(11) DEFAULT NULL,finance.euro_to_bdt_rates,updated_by,integer,Exact integer cast; range-check unsigned values.,NOT NULL only if source is NOT NULL and profiling proves no invalid/null rows; otherwise staged nullable,"null-count, distinct-count, min/max/length and deterministic transformed-value hash for euro_to_bdt_rates.updated_by",CONFIRMED source / PROPOSED target
euro_to_bdt_rates,created_at,timestamp,YES,NULL,timestamp NULL DEFAULT NULL,finance.euro_to_bdt_rates,created_at,timestamptz,"Interpret using approved legacy application timezone, convert to UTC; UNVERIFIED until timezone approval.",NOT NULL only if source is NOT NULL and profiling proves no invalid/null rows; otherwise staged nullable,"null-count, distinct-count, min/max/length and deterministic transformed-value hash for euro_to_bdt_rates.created_at",CONFIRMED source / PROPOSED target
euro_to_bdt_rates,ref_link,varchar(255),YES,NULL,varchar(255) DEFAULT NULL,finance.euro_to_bdt_rates,ref_link,text,Preserve exact value initially; normalize only through approved lookup mapping.,NOT NULL only if source is NOT NULL and profiling proves no invalid/null rows; otherwise staged nullable,"null-count, distinct-count, min/max/length and deterministic transformed-value hash for euro_to_bdt_rates.ref_link",CONFIRMED source / PROPOSED target
euro_to_bdt_rates,description,varchar(255),YES,NULL,varchar(255) DEFAULT NULL,finance.euro_to_bdt_rates,description,text,Preserve exact value initially; normalize only through approved lookup mapping.,NOT NULL only if source is NOT NULL and profiling proves no invalid/null rows; otherwise staged nullable,"null-count, distinct-count, min/max/length and deterministic transformed-value hash for euro_to_bdt_rates.description",CONFIRMED source / PROPOSED target
exam_results,id,int(10) UNSIGNED,NO,NO DEFAULT,int(10) UNSIGNED NOT NULL,operations.exam_results,id,bigint,Cast signed/unsigned identifier; resolve through legacy_key_map when relational.,NOT NULL only if source is NOT NULL and profiling proves no invalid/null rows; otherwise staged nullable,"null-count, distinct-count, min/max/length and deterministic transformed-value hash for exam_results.id",CONFIRMED source / PROPOSED target
exam_results,exam_id,int(11),YES,NULL,int(11) DEFAULT NULL,operations.exam_results,exam_id,bigint,Cast signed/unsigned identifier; resolve through legacy_key_map when relational.,NOT NULL only if source is NOT NULL and profiling proves no invalid/null rows; otherwise staged nullable,"null-count, distinct-count, min/max/length and deterministic transformed-value hash for exam_results.exam_id",CONFIRMED source / PROPOSED target
exam_results,candidate_id,int(11),YES,NULL,int(11) DEFAULT NULL,operations.exam_results,candidate_id,bigint,Cast signed/unsigned identifier; resolve through legacy_key_map when relational.,NOT NULL only if source is NOT NULL and profiling proves no invalid/null rows; otherwise staged nullable,"null-count, distinct-count, min/max/length and deterministic transformed-value hash for exam_results.candidate_id",CONFIRMED source / PROPOSED target
exam_results,abroad_ex,int(11),YES,0,int(11) DEFAULT 0,operations.exam_results,abroad_ex,integer,Exact integer cast; range-check unsigned values.,NOT NULL only if source is NOT NULL and profiling proves no invalid/null rows; otherwise staged nullable,"null-count, distinct-count, min/max/length and deterministic transformed-value hash for exam_results.abroad_ex",CONFIRMED source / PROPOSED target
exam_results,local_ex,int(11),YES,0,int(11) DEFAULT 0,operations.exam_results,local_ex,integer,Exact integer cast; range-check unsigned values.,NOT NULL only if source is NOT NULL and profiling proves no invalid/null rows; otherwise staged nullable,"null-count, distinct-count, min/max/length and deterministic transformed-value hash for exam_results.local_ex",CONFIRMED source / PROPOSED target
exam_results,bl,int(11),YES,0,int(11) DEFAULT 0,operations.exam_results,bl,integer,Exact integer cast; range-check unsigned values.,NOT NULL only if source is NOT NULL and profiling proves no invalid/null rows; otherwise staged nullable,"null-count, distinct-count, min/max/length and deterministic transformed-value hash for exam_results.bl",CONFIRMED source / PROPOSED target
exam_results,skill,int(11),YES,0,int(11) DEFAULT 0,operations.exam_results,skill,integer,Exact integer cast; range-check unsigned values.,NOT NULL only if source is NOT NULL and profiling proves no invalid/null rows; otherwise staged nullable,"null-count, distinct-count, min/max/length and deterministic transformed-value hash for exam_results.skill",CONFIRMED source / PROPOSED target
exam_results,english,int(11),YES,0,int(11) DEFAULT 0,operations.exam_results,english,integer,Exact integer cast; range-check unsigned values.,NOT NULL only if source is NOT NULL and profiling proves no invalid/null rows; otherwise staged nullable,"null-count, distinct-count, min/max/length and deterministic transformed-value hash for exam_results.english",CONFIRMED source / PROPOSED target
exam_results,class_group_id,varchar(200),YES,NULL,varchar(200) DEFAULT NULL,operations.exam_results,class_group_id,bigint,Cast signed/unsigned identifier; resolve through legacy_key_map when relational.,NOT NULL only if source is NOT NULL and profiling proves no invalid/null rows; otherwise staged nullable,"null-count, distinct-count, min/max/length and deterministic transformed-value hash for exam_results.class_group_id",CONFIRMED source / PROPOSED target
exam_results,result,char(5),YES,NULL,char(5) DEFAULT NULL,operations.exam_results,result,text,Preserve exact value initially; normalize only through approved lookup mapping.,NOT NULL only if source is NOT NULL and profiling proves no invalid/null rows; otherwise staged nullable,"null-count, distinct-count, min/max/length and deterministic transformed-value hash for exam_results.result",CONFIRMED source / PROPOSED target
exam_results,remarks,varchar(255),YES,NULL,varchar(255) DEFAULT NULL,operations.exam_results,remarks,text,Preserve exact value initially; normalize only through approved lookup mapping.,NOT NULL only if source is NOT NULL and profiling proves no invalid/null rows; otherwise staged nullable,"null-count, distinct-count, min/max/length and deterministic transformed-value hash for exam_results.remarks",CONFIRMED source / PROPOSED target
exam_results,status,char(5),YES,'A',char(5) DEFAULT 'A',operations.exam_results,status,text,Preserve exact value initially; normalize only through approved lookup mapping.,NOT NULL only if source is NOT NULL and profiling proves no invalid/null rows; otherwise staged nullable,"null-count, distinct-count, min/max/length and deterministic transformed-value hash for exam_results.status",CONFIRMED source / PROPOSED target
exam_results,created_at,timestamp,YES,NULL,timestamp NULL DEFAULT NULL,operations.exam_results,created_at,timestamptz,"Interpret using approved legacy application timezone, convert to UTC; UNVERIFIED until timezone approval.",NOT NULL only if source is NOT NULL and profiling proves no invalid/null rows; otherwise staged nullable,"null-count, distinct-count, min/max/length and deterministic transformed-value hash for exam_results.created_at",CONFIRMED source / PROPOSED target
exam_results,updated_at,timestamp,YES,NULL,timestamp NULL DEFAULT NULL,operations.exam_results,updated_at,timestamptz,"Interpret using approved legacy application timezone, convert to UTC; UNVERIFIED until timezone approval.",NOT NULL only if source is NOT NULL and profiling proves no invalid/null rows; otherwise staged nullable,"null-count, distinct-count, min/max/length and deterministic transformed-value hash for exam_results.updated_at",CONFIRMED source / PROPOSED target
exams,id,int(10) UNSIGNED,NO,NO DEFAULT,int(10) UNSIGNED NOT NULL,operations.exams,id,bigint,Cast signed/unsigned identifier; resolve through legacy_key_map when relational.,NOT NULL only if source is NOT NULL and profiling proves no invalid/null rows; otherwise staged nullable,"null-count, distinct-count, min/max/length and deterministic transformed-value hash for exams.id",CONFIRMED source / PROPOSED target
exams,name,text,YES,NULL,text DEFAULT NULL,operations.exams,name,text,Preserve bytes/text semantically; file-like JSON handled by document migration.,NOT NULL only if source is NOT NULL and profiling proves no invalid/null rows; otherwise staged nullable,"null-count, distinct-count, min/max/length and deterministic transformed-value hash for exams.name",CONFIRMED source / PROPOSED target
exams,exam_date,date,YES,NULL,date DEFAULT NULL,operations.exams,exam_date,date,ISO date cast; reject zero/invalid dates.,NOT NULL only if source is NOT NULL and profiling proves no invalid/null rows; otherwise staged nullable,"null-count, distinct-count, min/max/length and deterministic transformed-value hash for exams.exam_date",CONFIRMED source / PROPOSED target
exams,exam_time,time,YES,NULL,time DEFAULT NULL,operations.exams,exam_time,time,Time-of-day only; retain no inferred timezone.,NOT NULL only if source is NOT NULL and profiling proves no invalid/null rows; otherwise staged nullable,"null-count, distinct-count, min/max/length and deterministic transformed-value hash for exams.exam_time",CONFIRMED source / PROPOSED target
exams,class_group_id,varchar(200),YES,NULL,varchar(200) DEFAULT NULL,operations.exams,class_group_id,bigint,Cast signed/unsigned identifier; resolve through legacy_key_map when relational.,NOT NULL only if source is NOT NULL and profiling proves no invalid/null rows; otherwise staged nullable,"null-count, distinct-count, min/max/length and deterministic transformed-value hash for exams.class_group_id",CONFIRMED source / PROPOSED target
exams,status,char(5),YES,'A',char(5) DEFAULT 'A',operations.exams,status,text,Preserve exact value initially; normalize only through approved lookup mapping.,NOT NULL only if source is NOT NULL and profiling proves no invalid/null rows; otherwise staged nullable,"null-count, distinct-count, min/max/length and deterministic transformed-value hash for exams.status",CONFIRMED source / PROPOSED target
exams,remarks,longtext,YES,NULL,longtext DEFAULT NULL,operations.exams,remarks,text,Preserve bytes/text semantically; file-like JSON handled by document migration.,NOT NULL only if source is NOT NULL and profiling proves no invalid/null rows; otherwise staged nullable,"null-count, distinct-count, min/max/length and deterministic transformed-value hash for exams.remarks",CONFIRMED source / PROPOSED target
exams,created_by,int(11),YES,NULL,int(11) DEFAULT NULL,operations.exams,created_by,integer,Exact integer cast; range-check unsigned values.,NOT NULL only if source is NOT NULL and profiling proves no invalid/null rows; otherwise staged nullable,"null-count, distinct-count, min/max/length and deterministic transformed-value hash for exams.created_by",CONFIRMED source / PROPOSED target
exams,updated_by,int(11),YES,NULL,int(11) DEFAULT NULL,operations.exams,updated_by,integer,Exact integer cast; range-check unsigned values.,NOT NULL only if source is NOT NULL and profiling proves no invalid/null rows; otherwise staged nullable,"null-count, distinct-count, min/max/length and deterministic transformed-value hash for exams.updated_by",CONFIRMED source / PROPOSED target
exams,created_at,timestamp,YES,NULL,timestamp NULL DEFAULT NULL,operations.exams,created_at,timestamptz,"Interpret using approved legacy application timezone, convert to UTC; UNVERIFIED until timezone approval.",NOT NULL only if source is NOT NULL and profiling proves no invalid/null rows; otherwise staged nullable,"null-count, distinct-count, min/max/length and deterministic transformed-value hash for exams.created_at",CONFIRMED source / PROPOSED target
exams,updated_at,timestamp,YES,NULL,timestamp NULL DEFAULT NULL,operations.exams,updated_at,timestamptz,"Interpret using approved legacy application timezone, convert to UTC; UNVERIFIED until timezone approval.",NOT NULL only if source is NOT NULL and profiling proves no invalid/null rows; otherwise staged nullable,"null-count, distinct-count, min/max/length and deterministic transformed-value hash for exams.updated_at",CONFIRMED source / PROPOSED target
exams,exam_link,text,YES,NULL,text DEFAULT NULL,operations.exams,exam_link,text,Preserve bytes/text semantically; file-like JSON handled by document migration.,NOT NULL only if source is NOT NULL and profiling proves no invalid/null rows; otherwise staged nullable,"null-count, distinct-count, min/max/length and deterministic transformed-value hash for exams.exam_link",CONFIRMED source / PROPOSED target
experiences,id,bigint(20),NO,NO DEFAULT,bigint(20) NOT NULL,operations.experiences,id,bigint,Cast signed/unsigned identifier; resolve through legacy_key_map when relational.,NOT NULL only if source is NOT NULL and profiling proves no invalid/null rows; otherwise staged nullable,"null-count, distinct-count, min/max/length and deterministic transformed-value hash for experiences.id",CONFIRMED source / PROPOSED target
experiences,user_id,bigint(20),NO,NO DEFAULT,bigint(20) NOT NULL,operations.experiences,user_id,bigint,Cast signed/unsigned identifier; resolve through legacy_key_map when relational.,NOT NULL only if source is NOT NULL and profiling proves no invalid/null rows; otherwise staged nullable,"null-count, distinct-count, min/max/length and deterministic transformed-value hash for experiences.user_id",CONFIRMED source / PROPOSED target
experiences,company_name,varchar(250),YES,NULL,varchar(250) DEFAULT NULL,operations.experiences,company_name,text,Preserve exact value initially; normalize only through approved lookup mapping.,NOT NULL only if source is NOT NULL and profiling proves no invalid/null rows; otherwise staged nullable,"null-count, distinct-count, min/max/length and deterministic transformed-value hash for experiences.company_name",CONFIRMED source / PROPOSED target
experiences,company_address,varchar(250),YES,NULL,varchar(250) DEFAULT NULL,operations.experiences,company_address,text,Preserve exact value initially; normalize only through approved lookup mapping.,NOT NULL only if source is NOT NULL and profiling proves no invalid/null rows; otherwise staged nullable,"null-count, distinct-count, min/max/length and deterministic transformed-value hash for experiences.company_address",CONFIRMED source / PROPOSED target
experiences,country_id,varchar(250),YES,NULL,varchar(250) DEFAULT NULL,operations.experiences,country_id,bigint,Cast signed/unsigned identifier; resolve through legacy_key_map when relational.,NOT NULL only if source is NOT NULL and profiling proves no invalid/null rows; otherwise staged nullable,"null-count, distinct-count, min/max/length and deterministic transformed-value hash for experiences.country_id",CONFIRMED source / PROPOSED target
experiences,designation,varchar(250),YES,NULL,varchar(250) DEFAULT NULL,operations.experiences,designation,text,Preserve exact value initially; normalize only through approved lookup mapping.,NOT NULL only if source is NOT NULL and profiling proves no invalid/null rows; otherwise staged nullable,"null-count, distinct-count, min/max/length and deterministic transformed-value hash for experiences.designation",CONFIRMED source / PROPOSED target
experiences,department,varchar(250),YES,NULL,varchar(250) DEFAULT NULL,operations.experiences,department,text,Preserve exact value initially; normalize only through approved lookup mapping.,NOT NULL only if source is NOT NULL and profiling proves no invalid/null rows; otherwise staged nullable,"null-count, distinct-count, min/max/length and deterministic transformed-value hash for experiences.department",CONFIRMED source / PROPOSED target
experiences,start_date,date,YES,NULL,date DEFAULT NULL,operations.experiences,start_date,date,ISO date cast; reject zero/invalid dates.,NOT NULL only if source is NOT NULL and profiling proves no invalid/null rows; otherwise staged nullable,"null-count, distinct-count, min/max/length and deterministic transformed-value hash for experiences.start_date",CONFIRMED source / PROPOSED target
experiences,end_date,date,YES,NULL,date DEFAULT NULL,operations.experiences,end_date,date,ISO date cast; reject zero/invalid dates.,NOT NULL only if source is NOT NULL and profiling proves no invalid/null rows; otherwise staged nullable,"null-count, distinct-count, min/max/length and deterministic transformed-value hash for experiences.end_date",CONFIRMED source / PROPOSED target
experiences,responsibilities,longtext,YES,NULL,longtext DEFAULT NULL,operations.experiences,responsibilities,text,Preserve bytes/text semantically; file-like JSON handled by document migration.,NOT NULL only if source is NOT NULL and profiling proves no invalid/null rows; otherwise staged nullable,"null-count, distinct-count, min/max/length and deterministic transformed-value hash for experiences.responsibilities",CONFIRMED source / PROPOSED target
experiences,expertise,longtext,YES,NULL,longtext DEFAULT NULL,operations.experiences,expertise,text,Preserve bytes/text semantically; file-like JSON handled by document migration.,NOT NULL only if source is NOT NULL and profiling proves no invalid/null rows; otherwise staged nullable,"null-count, distinct-count, min/max/length and deterministic transformed-value hash for experiences.expertise",CONFIRMED source / PROPOSED target
experiences,descriptions,longtext,YES,NULL,longtext DEFAULT NULL,operations.experiences,descriptions,text,Preserve bytes/text semantically; file-like JSON handled by document migration.,NOT NULL only if source is NOT NULL and profiling proves no invalid/null rows; otherwise staged nullable,"null-count, distinct-count, min/max/length and deterministic transformed-value hash for experiences.descriptions",CONFIRMED source / PROPOSED target
experiences,achievements,varchar(250),YES,NULL,varchar(250) DEFAULT NULL,operations.experiences,achievements,text,Preserve exact value initially; normalize only through approved lookup mapping.,NOT NULL only if source is NOT NULL and profiling proves no invalid/null rows; otherwise staged nullable,"null-count, distinct-count, min/max/length and deterministic transformed-value hash for experiences.achievements",CONFIRMED source / PROPOSED target
experiences,status,char(5),YES,'A',char(5) DEFAULT 'A',operations.experiences,status,text,Preserve exact value initially; normalize only through approved lookup mapping.,NOT NULL only if source is NOT NULL and profiling proves no invalid/null rows; otherwise staged nullable,"null-count, distinct-count, min/max/length and deterministic transformed-value hash for experiences.status",CONFIRMED source / PROPOSED target
experiences,created_at,timestamp,YES,NULL,timestamp NULL DEFAULT NULL,operations.experiences,created_at,timestamptz,"Interpret using approved legacy application timezone, convert to UTC; UNVERIFIED until timezone approval.",NOT NULL only if source is NOT NULL and profiling proves no invalid/null rows; otherwise staged nullable,"null-count, distinct-count, min/max/length and deterministic transformed-value hash for experiences.created_at",CONFIRMED source / PROPOSED target
experiences,updated_at,timestamp,YES,NULL,timestamp NULL DEFAULT NULL,operations.experiences,updated_at,timestamptz,"Interpret using approved legacy application timezone, convert to UTC; UNVERIFIED until timezone approval.",NOT NULL only if source is NOT NULL and profiling proves no invalid/null rows; otherwise staged nullable,"null-count, distinct-count, min/max/length and deterministic transformed-value hash for experiences.updated_at",CONFIRMED source / PROPOSED target
experiences,created_by,bigint(20),YES,NULL,bigint(20) DEFAULT NULL,operations.experiences,created_by,bigint,Exact integer cast; range-check unsigned values.,NOT NULL only if source is NOT NULL and profiling proves no invalid/null rows; otherwise staged nullable,"null-count, distinct-count, min/max/length and deterministic transformed-value hash for experiences.created_by",CONFIRMED source / PROPOSED target
experiences,updated_by,bigint(20),YES,NULL,bigint(20) DEFAULT NULL,operations.experiences,updated_by,bigint,Exact integer cast; range-check unsigned values.,NOT NULL only if source is NOT NULL and profiling proves no invalid/null rows; otherwise staged nullable,"null-count, distinct-count, min/max/length and deterministic transformed-value hash for experiences.updated_by",CONFIRMED source / PROPOSED target
expertise_list,id,int(10) UNSIGNED,NO,NO DEFAULT,int(10) UNSIGNED NOT NULL,operations.expertise_list,id,bigint,Cast signed/unsigned identifier; resolve through legacy_key_map when relational.,NOT NULL only if source is NOT NULL and profiling proves no invalid/null rows; otherwise staged nullable,"null-count, distinct-count, min/max/length and deterministic transformed-value hash for expertise_list.id",CONFIRMED source / PROPOSED target
expertise_list,user_id,int(11),YES,NULL,int(11) DEFAULT NULL,operations.expertise_list,user_id,bigint,Cast signed/unsigned identifier; resolve through legacy_key_map when relational.,NOT NULL only if source is NOT NULL and profiling proves no invalid/null rows; otherwise staged nullable,"null-count, distinct-count, min/max/length and deterministic transformed-value hash for expertise_list.user_id",CONFIRMED source / PROPOSED target
expertise_list,expertise_name,varchar(255),YES,NULL,varchar(255) DEFAULT NULL,operations.expertise_list,expertise_name,text,Preserve exact value initially; normalize only through approved lookup mapping.,NOT NULL only if source is NOT NULL and profiling proves no invalid/null rows; otherwise staged nullable,"null-count, distinct-count, min/max/length and deterministic transformed-value hash for expertise_list.expertise_name",CONFIRMED source / PROPOSED target
expertise_list,created_at,timestamp,YES,NULL,timestamp NULL DEFAULT NULL,operations.expertise_list,created_at,timestamptz,"Interpret using approved legacy application timezone, convert to UTC; UNVERIFIED until timezone approval.",NOT NULL only if source is NOT NULL and profiling proves no invalid/null rows; otherwise staged nullable,"null-count, distinct-count, min/max/length and deterministic transformed-value hash for expertise_list.created_at",CONFIRMED source / PROPOSED target
expertise_list,updated_at,timestamp,YES,NULL,timestamp NULL DEFAULT NULL,operations.expertise_list,updated_at,timestamptz,"Interpret using approved legacy application timezone, convert to UTC; UNVERIFIED until timezone approval.",NOT NULL only if source is NOT NULL and profiling proves no invalid/null rows; otherwise staged nullable,"null-count, distinct-count, min/max/length and deterministic transformed-value hash for expertise_list.updated_at",CONFIRMED source / PROPOSED target
failed_jobs,id,bigint(20) UNSIGNED,NO,NO DEFAULT,bigint(20) UNSIGNED NOT NULL,legacy_platform.failed_jobs,id,bigint,Cast signed/unsigned identifier; resolve through legacy_key_map when relational.,NOT NULL only if source is NOT NULL and profiling proves no invalid/null rows; otherwise staged nullable,"null-count, distinct-count, min/max/length and deterministic transformed-value hash for failed_jobs.id",CONFIRMED source / PROPOSED target
failed_jobs,uuid,varchar(255),NO,NO DEFAULT,varchar(255) NOT NULL,legacy_platform.failed_jobs,uuid,text,Preserve exact value initially; normalize only through approved lookup mapping.,NOT NULL only if source is NOT NULL and profiling proves no invalid/null rows; otherwise staged nullable,"null-count, distinct-count, min/max/length and deterministic transformed-value hash for failed_jobs.uuid",CONFIRMED source / PROPOSED target
failed_jobs,connection,text,NO,NO DEFAULT,text NOT NULL,legacy_platform.failed_jobs,connection,text,Preserve bytes/text semantically; file-like JSON handled by document migration.,NOT NULL only if source is NOT NULL and profiling proves no invalid/null rows; otherwise staged nullable,"null-count, distinct-count, min/max/length and deterministic transformed-value hash for failed_jobs.connection",CONFIRMED source / PROPOSED target
failed_jobs,queue,text,NO,NO DEFAULT,text NOT NULL,legacy_platform.failed_jobs,queue,text,Preserve bytes/text semantically; file-like JSON handled by document migration.,NOT NULL only if source is NOT NULL and profiling proves no invalid/null rows; otherwise staged nullable,"null-count, distinct-count, min/max/length and deterministic transformed-value hash for failed_jobs.queue",CONFIRMED source / PROPOSED target
failed_jobs,payload,longtext,NO,NO DEFAULT,longtext NOT NULL,legacy_platform.failed_jobs,payload,text,Preserve bytes/text semantically; file-like JSON handled by document migration.,NOT NULL only if source is NOT NULL and profiling proves no invalid/null rows; otherwise staged nullable,"null-count, distinct-count, min/max/length and deterministic transformed-value hash for failed_jobs.payload",CONFIRMED source / PROPOSED target
failed_jobs,exception,longtext,NO,NO DEFAULT,longtext NOT NULL,legacy_platform.failed_jobs,exception,text,Preserve bytes/text semantically; file-like JSON handled by document migration.,NOT NULL only if source is NOT NULL and profiling proves no invalid/null rows; otherwise staged nullable,"null-count, distinct-count, min/max/length and deterministic transformed-value hash for failed_jobs.exception",CONFIRMED source / PROPOSED target
failed_jobs,failed_at,timestamp,NO,current_timestamp(),timestamp NOT NULL DEFAULT current_timestamp(),legacy_platform.failed_jobs,failed_at,timestamptz,"Interpret using approved legacy application timezone, convert to UTC; UNVERIFIED until timezone approval.",NOT NULL only if source is NOT NULL and profiling proves no invalid/null rows; otherwise staged nullable,"null-count, distinct-count, min/max/length and deterministic transformed-value hash for failed_jobs.failed_at",CONFIRMED source / PROPOSED target
flight_schedules,id,int(10) UNSIGNED,NO,NO DEFAULT,int(10) UNSIGNED NOT NULL,candidate.flight_schedules,id,bigint,Cast signed/unsigned identifier; resolve through legacy_key_map when relational.,NOT NULL only if source is NOT NULL and profiling proves no invalid/null rows; otherwise staged nullable,"null-count, distinct-count, min/max/length and deterministic transformed-value hash for flight_schedules.id",CONFIRMED source / PROPOSED target
flight_schedules,airlinece_name,varchar(255),YES,NULL,varchar(255) DEFAULT NULL,candidate.flight_schedules,airlinece_name,text,Preserve exact value initially; normalize only through approved lookup mapping.,NOT NULL only if source is NOT NULL and profiling proves no invalid/null rows; otherwise staged nullable,"null-count, distinct-count, min/max/length and deterministic transformed-value hash for flight_schedules.airlinece_name",CONFIRMED source / PROPOSED target
flight_schedules,flight_date,date,YES,NULL,date DEFAULT NULL,candidate.flight_schedules,flight_date,date,ISO date cast; reject zero/invalid dates.,NOT NULL only if source is NOT NULL and profiling proves no invalid/null rows; otherwise staged nullable,"null-count, distinct-count, min/max/length and deterministic transformed-value hash for flight_schedules.flight_date",CONFIRMED source / PROPOSED target
flight_schedules,flight_time,time,YES,NULL,time DEFAULT NULL,candidate.flight_schedules,flight_time,time,Time-of-day only; retain no inferred timezone.,NOT NULL only if source is NOT NULL and profiling proves no invalid/null rows; otherwise staged nullable,"null-count, distinct-count, min/max/length and deterministic transformed-value hash for flight_schedules.flight_time",CONFIRMED source / PROPOSED target
flight_schedules,ticket_file_path,varchar(255),YES,NULL,varchar(255) DEFAULT NULL,candidate.flight_schedules,ticket_file_id,text,Preserve exact value initially; normalize only through approved lookup mapping.,NOT NULL only if source is NOT NULL and profiling proves no invalid/null rows; otherwise staged nullable,"null-count, distinct-count, min/max/length and deterministic transformed-value hash for flight_schedules.ticket_file_path",CONFIRMED source / PROPOSED target
flight_schedules,arrival_seal_page_file_path,varchar(255),YES,NULL,varchar(255) DEFAULT NULL,candidate.flight_schedules,arrival_seal_page_file_id,text,Preserve exact value initially; normalize only through approved lookup mapping.,NOT NULL only if source is NOT NULL and profiling proves no invalid/null rows; otherwise staged nullable,"null-count, distinct-count, min/max/length and deterministic transformed-value hash for flight_schedules.arrival_seal_page_file_path",CONFIRMED source / PROPOSED target
flight_schedules,candidate_id,int(11),YES,NULL,int(11) DEFAULT NULL,candidate.flight_schedules,candidate_id,bigint,Cast signed/unsigned identifier; resolve through legacy_key_map when relational.,NOT NULL only if source is NOT NULL and profiling proves no invalid/null rows; otherwise staged nullable,"null-count, distinct-count, min/max/length and deterministic transformed-value hash for flight_schedules.candidate_id",CONFIRMED source / PROPOSED target
flight_schedules,created_at,timestamp,YES,NULL,timestamp NULL DEFAULT NULL,candidate.flight_schedules,created_at,timestamptz,"Interpret using approved legacy application timezone, convert to UTC; UNVERIFIED until timezone approval.",NOT NULL only if source is NOT NULL and profiling proves no invalid/null rows; otherwise staged nullable,"null-count, distinct-count, min/max/length and deterministic transformed-value hash for flight_schedules.created_at",CONFIRMED source / PROPOSED target
flight_schedules,updated_at,timestamp,YES,NULL,timestamp NULL DEFAULT NULL,candidate.flight_schedules,updated_at,timestamptz,"Interpret using approved legacy application timezone, convert to UTC; UNVERIFIED until timezone approval.",NOT NULL only if source is NOT NULL and profiling proves no invalid/null rows; otherwise staged nullable,"null-count, distinct-count, min/max/length and deterministic transformed-value hash for flight_schedules.updated_at",CONFIRMED source / PROPOSED target
flight_schedules,departure_time,time,YES,NULL,time DEFAULT NULL,candidate.flight_schedules,departure_time,time,Time-of-day only; retain no inferred timezone.,NOT NULL only if source is NOT NULL and profiling proves no invalid/null rows; otherwise staged nullable,"null-count, distinct-count, min/max/length and deterministic transformed-value hash for flight_schedules.departure_time",CONFIRMED source / PROPOSED target
flight_schedules,arrival_time,time,YES,NULL,time DEFAULT NULL,candidate.flight_schedules,arrival_time,time,Time-of-day only; retain no inferred timezone.,NOT NULL only if source is NOT NULL and profiling proves no invalid/null rows; otherwise staged nullable,"null-count, distinct-count, min/max/length and deterministic transformed-value hash for flight_schedules.arrival_time",CONFIRMED source / PROPOSED target
interest_list,id,int(10) UNSIGNED,NO,NO DEFAULT,int(10) UNSIGNED NOT NULL,operations.interest_list,id,bigint,Cast signed/unsigned identifier; resolve through legacy_key_map when relational.,NOT NULL only if source is NOT NULL and profiling proves no invalid/null rows; otherwise staged nullable,"null-count, distinct-count, min/max/length and deterministic transformed-value hash for interest_list.id",CONFIRMED source / PROPOSED target
interest_list,user_id,int(11),YES,NULL,int(11) DEFAULT NULL,operations.interest_list,user_id,bigint,Cast signed/unsigned identifier; resolve through legacy_key_map when relational.,NOT NULL only if source is NOT NULL and profiling proves no invalid/null rows; otherwise staged nullable,"null-count, distinct-count, min/max/length and deterministic transformed-value hash for interest_list.user_id",CONFIRMED source / PROPOSED target
interest_list,interest_name,varchar(255),YES,NULL,varchar(255) DEFAULT NULL,operations.interest_list,interest_name,text,Preserve exact value initially; normalize only through approved lookup mapping.,NOT NULL only if source is NOT NULL and profiling proves no invalid/null rows; otherwise staged nullable,"null-count, distinct-count, min/max/length and deterministic transformed-value hash for interest_list.interest_name",CONFIRMED source / PROPOSED target
interest_list,created_at,timestamp,YES,NULL,timestamp NULL DEFAULT NULL,operations.interest_list,created_at,timestamptz,"Interpret using approved legacy application timezone, convert to UTC; UNVERIFIED until timezone approval.",NOT NULL only if source is NOT NULL and profiling proves no invalid/null rows; otherwise staged nullable,"null-count, distinct-count, min/max/length and deterministic transformed-value hash for interest_list.created_at",CONFIRMED source / PROPOSED target
interest_list,updated_at,timestamp,YES,NULL,timestamp NULL DEFAULT NULL,operations.interest_list,updated_at,timestamptz,"Interpret using approved legacy application timezone, convert to UTC; UNVERIFIED until timezone approval.",NOT NULL only if source is NOT NULL and profiling proves no invalid/null rows; otherwise staged nullable,"null-count, distinct-count, min/max/length and deterministic transformed-value hash for interest_list.updated_at",CONFIRMED source / PROPOSED target
invoice_candidates,id,int(10) UNSIGNED,NO,NO DEFAULT,int(10) UNSIGNED NOT NULL,finance.invoice_candidates,id,bigint,Cast signed/unsigned identifier; resolve through legacy_key_map when relational.,NOT NULL only if source is NOT NULL and profiling proves no invalid/null rows; otherwise staged nullable,"null-count, distinct-count, min/max/length and deterministic transformed-value hash for invoice_candidates.id",CONFIRMED source / PROPOSED target
invoice_candidates,invoice_id,int(11),YES,NULL,int(11) DEFAULT NULL,finance.invoice_candidates,invoice_id,bigint,Cast signed/unsigned identifier; resolve through legacy_key_map when relational.,NOT NULL only if source is NOT NULL and profiling proves no invalid/null rows; otherwise staged nullable,"null-count, distinct-count, min/max/length and deterministic transformed-value hash for invoice_candidates.invoice_id",CONFIRMED source / PROPOSED target
invoice_candidates,candidate_id,int(11),YES,NULL,int(11) DEFAULT NULL,finance.invoice_candidates,candidate_id,bigint,Cast signed/unsigned identifier; resolve through legacy_key_map when relational.,NOT NULL only if source is NOT NULL and profiling proves no invalid/null rows; otherwise staged nullable,"null-count, distinct-count, min/max/length and deterministic transformed-value hash for invoice_candidates.candidate_id",CONFIRMED source / PROPOSED target
invoice_candidates,created_at,timestamp,YES,NULL,timestamp NULL DEFAULT NULL,finance.invoice_candidates,created_at,timestamptz,"Interpret using approved legacy application timezone, convert to UTC; UNVERIFIED until timezone approval.",NOT NULL only if source is NOT NULL and profiling proves no invalid/null rows; otherwise staged nullable,"null-count, distinct-count, min/max/length and deterministic transformed-value hash for invoice_candidates.created_at",CONFIRMED source / PROPOSED target
invoice_candidates,updated_at,timestamp,YES,NULL,timestamp NULL DEFAULT NULL,finance.invoice_candidates,updated_at,timestamptz,"Interpret using approved legacy application timezone, convert to UTC; UNVERIFIED until timezone approval.",NOT NULL only if source is NOT NULL and profiling proves no invalid/null rows; otherwise staged nullable,"null-count, distinct-count, min/max/length and deterministic transformed-value hash for invoice_candidates.updated_at",CONFIRMED source / PROPOSED target
invoice_heads,id,int(10) UNSIGNED,NO,NO DEFAULT,int(10) UNSIGNED NOT NULL,finance.invoice_heads,id,bigint,Cast signed/unsigned identifier; resolve through legacy_key_map when relational.,NOT NULL only if source is NOT NULL and profiling proves no invalid/null rows; otherwise staged nullable,"null-count, distinct-count, min/max/length and deterministic transformed-value hash for invoice_heads.id",CONFIRMED source / PROPOSED target
invoice_heads,description,varchar(100),YES,NULL,varchar(100) DEFAULT NULL,finance.invoice_heads,description,text,Preserve exact value initially; normalize only through approved lookup mapping.,NOT NULL only if source is NOT NULL and profiling proves no invalid/null rows; otherwise staged nullable,"null-count, distinct-count, min/max/length and deterministic transformed-value hash for invoice_heads.description",CONFIRMED source / PROPOSED target
invoice_heads,vat_rate,float,YES,0,float DEFAULT 0,finance.invoice_heads,vat_rate,"numeric(20,6)",Parse decimal text exactly; no binary-float arithmetic; round only at posted transaction boundary.,NOT NULL only if source is NOT NULL and profiling proves no invalid/null rows; otherwise staged nullable,"null-count, distinct-count, min/max/length and deterministic transformed-value hash for invoice_heads.vat_rate",CONFIRMED source / PROPOSED target
invoice_heads,status,char(5),YES,'A',char(5) DEFAULT 'A',finance.invoice_heads,status,text,Preserve exact value initially; normalize only through approved lookup mapping.,NOT NULL only if source is NOT NULL and profiling proves no invalid/null rows; otherwise staged nullable,"null-count, distinct-count, min/max/length and deterministic transformed-value hash for invoice_heads.status",CONFIRMED source / PROPOSED target
invoice_heads,created_at,timestamp,YES,NULL,timestamp NULL DEFAULT NULL,finance.invoice_heads,created_at,timestamptz,"Interpret using approved legacy application timezone, convert to UTC; UNVERIFIED until timezone approval.",NOT NULL only if source is NOT NULL and profiling proves no invalid/null rows; otherwise staged nullable,"null-count, distinct-count, min/max/length and deterministic transformed-value hash for invoice_heads.created_at",CONFIRMED source / PROPOSED target
invoice_heads,updated_at,timestamp,YES,NULL,timestamp NULL DEFAULT NULL,finance.invoice_heads,updated_at,timestamptz,"Interpret using approved legacy application timezone, convert to UTC; UNVERIFIED until timezone approval.",NOT NULL only if source is NOT NULL and profiling proves no invalid/null rows; otherwise staged nullable,"null-count, distinct-count, min/max/length and deterministic transformed-value hash for invoice_heads.updated_at",CONFIRMED source / PROPOSED target
invoice_lines,id,int(10) UNSIGNED,NO,NO DEFAULT,int(10) UNSIGNED NOT NULL,finance.invoice_lines,id,bigint,Cast signed/unsigned identifier; resolve through legacy_key_map when relational.,NOT NULL only if source is NOT NULL and profiling proves no invalid/null rows; otherwise staged nullable,"null-count, distinct-count, min/max/length and deterministic transformed-value hash for invoice_lines.id",CONFIRMED source / PROPOSED target
invoice_lines,invoice_id,int(11),YES,NULL,int(11) DEFAULT NULL,finance.invoice_lines,invoice_id,bigint,Cast signed/unsigned identifier; resolve through legacy_key_map when relational.,NOT NULL only if source is NOT NULL and profiling proves no invalid/null rows; otherwise staged nullable,"null-count, distinct-count, min/max/length and deterministic transformed-value hash for invoice_lines.invoice_id",CONFIRMED source / PROPOSED target
invoice_lines,invoice_head_id,int(11),YES,NULL,int(11) DEFAULT NULL,finance.invoice_lines,invoice_head_id,bigint,Cast signed/unsigned identifier; resolve through legacy_key_map when relational.,NOT NULL only if source is NOT NULL and profiling proves no invalid/null rows; otherwise staged nullable,"null-count, distinct-count, min/max/length and deterministic transformed-value hash for invoice_lines.invoice_head_id",CONFIRMED source / PROPOSED target
invoice_lines,description,varchar(100),YES,NULL,varchar(100) DEFAULT NULL,finance.invoice_lines,description,text,Preserve exact value initially; normalize only through approved lookup mapping.,NOT NULL only if source is NOT NULL and profiling proves no invalid/null rows; otherwise staged nullable,"null-count, distinct-count, min/max/length and deterministic transformed-value hash for invoice_lines.description",CONFIRMED source / PROPOSED target
invoice_lines,quantity,int(11),YES,NULL,int(11) DEFAULT NULL,finance.invoice_lines,quantity,integer,Exact integer cast; range-check unsigned values.,NOT NULL only if source is NOT NULL and profiling proves no invalid/null rows; otherwise staged nullable,"null-count, distinct-count, min/max/length and deterministic transformed-value hash for invoice_lines.quantity",CONFIRMED source / PROPOSED target
invoice_lines,unit_price,float,YES,0,float DEFAULT 0,finance.invoice_lines,unit_price,"numeric(20,6)",Parse decimal text exactly; no binary-float arithmetic; round only at posted transaction boundary.,NOT NULL only if source is NOT NULL and profiling proves no invalid/null rows; otherwise staged nullable,"null-count, distinct-count, min/max/length and deterministic transformed-value hash for invoice_lines.unit_price",CONFIRMED source / PROPOSED target
invoice_lines,sub_total_amount,float,YES,0,float DEFAULT 0,finance.invoice_lines,sub_total_amount,"numeric(20,6)",Parse decimal text exactly; no binary-float arithmetic; round only at posted transaction boundary.,NOT NULL only if source is NOT NULL and profiling proves no invalid/null rows; otherwise staged nullable,"null-count, distinct-count, min/max/length and deterministic transformed-value hash for invoice_lines.sub_total_amount",CONFIRMED source / PROPOSED target
invoice_lines,vat_rate,float,YES,0,float DEFAULT 0,finance.invoice_lines,vat_rate,"numeric(20,6)",Parse decimal text exactly; no binary-float arithmetic; round only at posted transaction boundary.,NOT NULL only if source is NOT NULL and profiling proves no invalid/null rows; otherwise staged nullable,"null-count, distinct-count, min/max/length and deterministic transformed-value hash for invoice_lines.vat_rate",CONFIRMED source / PROPOSED target
invoice_lines,vat_amount,float,YES,0,float DEFAULT 0,finance.invoice_lines,vat_amount,"numeric(20,6)",Parse decimal text exactly; no binary-float arithmetic; round only at posted transaction boundary.,NOT NULL only if source is NOT NULL and profiling proves no invalid/null rows; otherwise staged nullable,"null-count, distinct-count, min/max/length and deterministic transformed-value hash for invoice_lines.vat_amount",CONFIRMED source / PROPOSED target
invoice_lines,created_at,timestamp,YES,NULL,timestamp NULL DEFAULT NULL,finance.invoice_lines,created_at,timestamptz,"Interpret using approved legacy application timezone, convert to UTC; UNVERIFIED until timezone approval.",NOT NULL only if source is NOT NULL and profiling proves no invalid/null rows; otherwise staged nullable,"null-count, distinct-count, min/max/length and deterministic transformed-value hash for invoice_lines.created_at",CONFIRMED source / PROPOSED target
invoice_lines,updated_at,timestamp,YES,NULL,timestamp NULL DEFAULT NULL,finance.invoice_lines,updated_at,timestamptz,"Interpret using approved legacy application timezone, convert to UTC; UNVERIFIED until timezone approval.",NOT NULL only if source is NOT NULL and profiling proves no invalid/null rows; otherwise staged nullable,"null-count, distinct-count, min/max/length and deterministic transformed-value hash for invoice_lines.updated_at",CONFIRMED source / PROPOSED target
invoice_lines,total_amount,float,YES,0,float DEFAULT 0,finance.invoice_lines,total_amount,"numeric(20,6)",Parse decimal text exactly; no binary-float arithmetic; round only at posted transaction boundary.,NOT NULL only if source is NOT NULL and profiling proves no invalid/null rows; otherwise staged nullable,"null-count, distinct-count, min/max/length and deterministic transformed-value hash for invoice_lines.total_amount",CONFIRMED source / PROPOSED target
invoice_money_receipts,id,int(10) UNSIGNED,NO,NO DEFAULT,int(10) UNSIGNED NOT NULL,finance.invoice_money_receipts,id,bigint,Cast signed/unsigned identifier; resolve through legacy_key_map when relational.,NOT NULL only if source is NOT NULL and profiling proves no invalid/null rows; otherwise staged nullable,"null-count, distinct-count, min/max/length and deterministic transformed-value hash for invoice_money_receipts.id",CONFIRMED source / PROPOSED target
invoice_money_receipts,invoice_id,int(11),YES,NULL,int(11) DEFAULT NULL,finance.invoice_money_receipts,invoice_id,bigint,Cast signed/unsigned identifier; resolve through legacy_key_map when relational.,NOT NULL only if source is NOT NULL and profiling proves no invalid/null rows; otherwise staged nullable,"null-count, distinct-count, min/max/length and deterministic transformed-value hash for invoice_money_receipts.invoice_id",CONFIRMED source / PROPOSED target
invoice_money_receipts,receipt_no,varchar(100),YES,NULL,varchar(100) DEFAULT NULL,finance.invoice_money_receipts,receipt_no,text,Preserve exact value initially; normalize only through approved lookup mapping.,NOT NULL only if source is NOT NULL and profiling proves no invalid/null rows; otherwise staged nullable,"null-count, distinct-count, min/max/length and deterministic transformed-value hash for invoice_money_receipts.receipt_no",CONFIRMED source / PROPOSED target
invoice_money_receipts,received_from,varchar(255),YES,NULL,varchar(255) DEFAULT NULL,finance.invoice_money_receipts,received_from,text,Preserve exact value initially; normalize only through approved lookup mapping.,NOT NULL only if source is NOT NULL and profiling proves no invalid/null rows; otherwise staged nullable,"null-count, distinct-count, min/max/length and deterministic transformed-value hash for invoice_money_receipts.received_from",CONFIRMED source / PROPOSED target
invoice_money_receipts,hotel,varchar(255),YES,NULL,varchar(255) DEFAULT NULL,finance.invoice_money_receipts,hotel,text,Preserve exact value initially; normalize only through approved lookup mapping.,NOT NULL only if source is NOT NULL and profiling proves no invalid/null rows; otherwise staged nullable,"null-count, distinct-count, min/max/length and deterministic transformed-value hash for invoice_money_receipts.hotel",CONFIRMED source / PROPOSED target
invoice_money_receipts,amount,float,YES,0,float DEFAULT 0,finance.invoice_money_receipts,amount,"numeric(20,6)",Parse decimal text exactly; no binary-float arithmetic; round only at posted transaction boundary.,NOT NULL only if source is NOT NULL and profiling proves no invalid/null rows; otherwise staged nullable,"null-count, distinct-count, min/max/length and deterministic transformed-value hash for invoice_money_receipts.amount",CONFIRMED source / PROPOSED target
invoice_money_receipts,received_for,varchar(255),YES,NULL,varchar(255) DEFAULT NULL,finance.invoice_money_receipts,received_for,text,Preserve exact value initially; normalize only through approved lookup mapping.,NOT NULL only if source is NOT NULL and profiling proves no invalid/null rows; otherwise staged nullable,"null-count, distinct-count, min/max/length and deterministic transformed-value hash for invoice_money_receipts.received_for",CONFIRMED source / PROPOSED target
invoice_money_receipts,receipt_date,date,YES,NULL,date DEFAULT NULL,finance.invoice_money_receipts,receipt_date,date,ISO date cast; reject zero/invalid dates.,NOT NULL only if source is NOT NULL and profiling proves no invalid/null rows; otherwise staged nullable,"null-count, distinct-count, min/max/length and deterministic transformed-value hash for invoice_money_receipts.receipt_date",CONFIRMED source / PROPOSED target
invoice_money_receipts,recipient,varchar(255),YES,NULL,varchar(255) DEFAULT NULL,finance.invoice_money_receipts,recipient,text,Preserve exact value initially; normalize only through approved lookup mapping.,NOT NULL only if source is NOT NULL and profiling proves no invalid/null rows; otherwise staged nullable,"null-count, distinct-count, min/max/length and deterministic transformed-value hash for invoice_money_receipts.recipient",CONFIRMED source / PROPOSED target
invoice_money_receipts,created_at,timestamp,YES,NULL,timestamp NULL DEFAULT NULL,finance.invoice_money_receipts,created_at,timestamptz,"Interpret using approved legacy application timezone, convert to UTC; UNVERIFIED until timezone approval.",NOT NULL only if source is NOT NULL and profiling proves no invalid/null rows; otherwise staged nullable,"null-count, distinct-count, min/max/length and deterministic transformed-value hash for invoice_money_receipts.created_at",CONFIRMED source / PROPOSED target
invoice_money_receipts,updated_at,timestamp,YES,NULL,timestamp NULL DEFAULT NULL,finance.invoice_money_receipts,updated_at,timestamptz,"Interpret using approved legacy application timezone, convert to UTC; UNVERIFIED until timezone approval.",NOT NULL only if source is NOT NULL and profiling proves no invalid/null rows; otherwise staged nullable,"null-count, distinct-count, min/max/length and deterministic transformed-value hash for invoice_money_receipts.updated_at",CONFIRMED source / PROPOSED target
invoice_money_receipts,payment_method,varchar(255),YES,NULL,varchar(255) DEFAULT NULL,finance.invoice_money_receipts,payment_method,text,Preserve exact value initially; normalize only through approved lookup mapping.,NOT NULL only if source is NOT NULL and profiling proves no invalid/null rows; otherwise staged nullable,"null-count, distinct-count, min/max/length and deterministic transformed-value hash for invoice_money_receipts.payment_method",CONFIRMED source / PROPOSED target
invoice_money_receipts,transaction_no,varchar(255),YES,NULL,varchar(255) DEFAULT NULL,finance.invoice_money_receipts,transaction_no,text,Preserve exact value initially; normalize only through approved lookup mapping.,NOT NULL only if source is NOT NULL and profiling proves no invalid/null rows; otherwise staged nullable,"null-count, distinct-count, min/max/length and deterministic transformed-value hash for invoice_money_receipts.transaction_no",CONFIRMED source / PROPOSED target
invoices,id,int(10) UNSIGNED,NO,NO DEFAULT,int(10) UNSIGNED NOT NULL,finance.invoices,id,bigint,Cast signed/unsigned identifier; resolve through legacy_key_map when relational.,NOT NULL only if source is NOT NULL and profiling proves no invalid/null rows; otherwise staged nullable,"null-count, distinct-count, min/max/length and deterministic transformed-value hash for invoices.id",CONFIRMED source / PROPOSED target
invoices,invoice_no,varchar(100),YES,NULL,varchar(100) DEFAULT NULL,finance.invoices,invoice_no,text,Preserve exact value initially; normalize only through approved lookup mapping.,NOT NULL only if source is NOT NULL and profiling proves no invalid/null rows; otherwise staged nullable,"null-count, distinct-count, min/max/length and deterministic transformed-value hash for invoices.invoice_no",CONFIRMED source / PROPOSED target
invoices,issue_date,date,YES,NULL,date DEFAULT NULL,finance.invoices,issue_date,date,ISO date cast; reject zero/invalid dates.,NOT NULL only if source is NOT NULL and profiling proves no invalid/null rows; otherwise staged nullable,"null-count, distinct-count, min/max/length and deterministic transformed-value hash for invoices.issue_date",CONFIRMED source / PROPOSED target
invoices,agenciers_id,int(11),YES,NULL,int(11) DEFAULT NULL,finance.invoices,agenciers_id,bigint,Cast signed/unsigned identifier; resolve through legacy_key_map when relational.,NOT NULL only if source is NOT NULL and profiling proves no invalid/null rows; otherwise staged nullable,"null-count, distinct-count, min/max/length and deterministic transformed-value hash for invoices.agenciers_id",CONFIRMED source / PROPOSED target
invoices,companier_id,int(11),YES,NULL,int(11) DEFAULT NULL,finance.invoices,companier_id,bigint,Cast signed/unsigned identifier; resolve through legacy_key_map when relational.,NOT NULL only if source is NOT NULL and profiling proves no invalid/null rows; otherwise staged nullable,"null-count, distinct-count, min/max/length and deterministic transformed-value hash for invoices.companier_id",CONFIRMED source / PROPOSED target
invoices,service,varchar(100),YES,NULL,varchar(100) DEFAULT NULL,finance.invoices,service,text,Preserve exact value initially; normalize only through approved lookup mapping.,NOT NULL only if source is NOT NULL and profiling proves no invalid/null rows; otherwise staged nullable,"null-count, distinct-count, min/max/length and deterministic transformed-value hash for invoices.service",CONFIRMED source / PROPOSED target
invoices,country_id,int(11),YES,NULL,int(11) DEFAULT NULL,finance.invoices,country_id,bigint,Cast signed/unsigned identifier; resolve through legacy_key_map when relational.,NOT NULL only if source is NOT NULL and profiling proves no invalid/null rows; otherwise staged nullable,"null-count, distinct-count, min/max/length and deterministic transformed-value hash for invoices.country_id",CONFIRMED source / PROPOSED target
invoices,created_at,timestamp,YES,NULL,timestamp NULL DEFAULT NULL,finance.invoices,created_at,timestamptz,"Interpret using approved legacy application timezone, convert to UTC; UNVERIFIED until timezone approval.",NOT NULL only if source is NOT NULL and profiling proves no invalid/null rows; otherwise staged nullable,"null-count, distinct-count, min/max/length and deterministic transformed-value hash for invoices.created_at",CONFIRMED source / PROPOSED target
invoices,updated_at,timestamp,YES,NULL,timestamp NULL DEFAULT NULL,finance.invoices,updated_at,timestamptz,"Interpret using approved legacy application timezone, convert to UTC; UNVERIFIED until timezone approval.",NOT NULL only if source is NOT NULL and profiling proves no invalid/null rows; otherwise staged nullable,"null-count, distinct-count, min/max/length and deterministic transformed-value hash for invoices.updated_at",CONFIRMED source / PROPOSED target
invoices,owner_name,varchar(255),YES,NULL,varchar(255) DEFAULT NULL,finance.invoices,owner_name,text,Preserve exact value initially; normalize only through approved lookup mapping.,NOT NULL only if source is NOT NULL and profiling proves no invalid/null rows; otherwise staged nullable,"null-count, distinct-count, min/max/length and deterministic transformed-value hash for invoices.owner_name",CONFIRMED source / PROPOSED target
invoices,status,char(5),YES,'A',char(5) DEFAULT 'A',finance.invoices,status,text,Preserve exact value initially; normalize only through approved lookup mapping.,NOT NULL only if source is NOT NULL and profiling proves no invalid/null rows; otherwise staged nullable,"null-count, distinct-count, min/max/length and deterministic transformed-value hash for invoices.status",CONFIRMED source / PROPOSED target
invoices,bank_account_name,varchar(250),YES,NULL,varchar(250) DEFAULT NULL,finance.invoices,bank_account_name,text,Preserve exact value initially; normalize only through approved lookup mapping.,NOT NULL only if source is NOT NULL and profiling proves no invalid/null rows; otherwise staged nullable,"null-count, distinct-count, min/max/length and deterministic transformed-value hash for invoices.bank_account_name",CONFIRMED source / PROPOSED target
invoices,bank_account_no,varchar(250),YES,NULL,varchar(250) DEFAULT NULL,finance.invoices,bank_account_no,text,Preserve exact value initially; normalize only through approved lookup mapping.,NOT NULL only if source is NOT NULL and profiling proves no invalid/null rows; otherwise staged nullable,"null-count, distinct-count, min/max/length and deterministic transformed-value hash for invoices.bank_account_no",CONFIRMED source / PROPOSED target
invoices,bank_name,varchar(250),YES,NULL,varchar(250) DEFAULT NULL,finance.invoices,bank_name,text,Preserve exact value initially; normalize only through approved lookup mapping.,NOT NULL only if source is NOT NULL and profiling proves no invalid/null rows; otherwise staged nullable,"null-count, distinct-count, min/max/length and deterministic transformed-value hash for invoices.bank_name",CONFIRMED source / PROPOSED target
invoices,bank_branch_name,varchar(250),YES,NULL,varchar(250) DEFAULT NULL,finance.invoices,bank_branch_name,text,Preserve exact value initially; normalize only through approved lookup mapping.,NOT NULL only if source is NOT NULL and profiling proves no invalid/null rows; otherwise staged nullable,"null-count, distinct-count, min/max/length and deterministic transformed-value hash for invoices.bank_branch_name",CONFIRMED source / PROPOSED target
invoices,bank_swift_no,varchar(250),YES,NULL,varchar(250) DEFAULT NULL,finance.invoices,bank_swift_no,text,Preserve exact value initially; normalize only through approved lookup mapping.,NOT NULL only if source is NOT NULL and profiling proves no invalid/null rows; otherwise staged nullable,"null-count, distinct-count, min/max/length and deterministic transformed-value hash for invoices.bank_swift_no",CONFIRMED source / PROPOSED target
invoices,bank_iban_no,varchar(250),YES,NULL,varchar(250) DEFAULT NULL,finance.invoices,bank_iban_no,text,Preserve exact value initially; normalize only through approved lookup mapping.,NOT NULL only if source is NOT NULL and profiling proves no invalid/null rows; otherwise staged nullable,"null-count, distinct-count, min/max/length and deterministic transformed-value hash for invoices.bank_iban_no",CONFIRMED source / PROPOSED target
invoices,old_invoice_no,varchar(200),YES,NULL,varchar(200) DEFAULT NULL,finance.invoices,old_invoice_no,text,Preserve exact value initially; normalize only through approved lookup mapping.,NOT NULL only if source is NOT NULL and profiling proves no invalid/null rows; otherwise staged nullable,"null-count, distinct-count, min/max/length and deterministic transformed-value hash for invoices.old_invoice_no",CONFIRMED source / PROPOSED target
labour_contracts,id,int(10) UNSIGNED,NO,NO DEFAULT,int(10) UNSIGNED NOT NULL,candidate.labour_contracts,id,bigint,Cast signed/unsigned identifier; resolve through legacy_key_map when relational.,NOT NULL only if source is NOT NULL and profiling proves no invalid/null rows; otherwise staged nullable,"null-count, distinct-count, min/max/length and deterministic transformed-value hash for labour_contracts.id",CONFIRMED source / PROPOSED target
labour_contracts,issue_date,date,YES,NULL,date DEFAULT NULL,candidate.labour_contracts,issue_date,date,ISO date cast; reject zero/invalid dates.,NOT NULL only if source is NOT NULL and profiling proves no invalid/null rows; otherwise staged nullable,"null-count, distinct-count, min/max/length and deterministic transformed-value hash for labour_contracts.issue_date",CONFIRMED source / PROPOSED target
labour_contracts,expire_date,date,YES,NULL,date DEFAULT NULL,candidate.labour_contracts,expire_date,date,ISO date cast; reject zero/invalid dates.,NOT NULL only if source is NOT NULL and profiling proves no invalid/null rows; otherwise staged nullable,"null-count, distinct-count, min/max/length and deterministic transformed-value hash for labour_contracts.expire_date",CONFIRMED source / PROPOSED target
labour_contracts,document_file_path,varchar(255),YES,NULL,varchar(255) DEFAULT NULL,candidate.labour_contracts,document_file_id,text,Preserve exact value initially; normalize only through approved lookup mapping.,NOT NULL only if source is NOT NULL and profiling proves no invalid/null rows; otherwise staged nullable,"null-count, distinct-count, min/max/length and deterministic transformed-value hash for labour_contracts.document_file_path",CONFIRMED source / PROPOSED target
labour_contracts,status,char(5),YES,NULL,char(5) DEFAULT NULL,candidate.labour_contracts,status,text,Preserve exact value initially; normalize only through approved lookup mapping.,NOT NULL only if source is NOT NULL and profiling proves no invalid/null rows; otherwise staged nullable,"null-count, distinct-count, min/max/length and deterministic transformed-value hash for labour_contracts.status",CONFIRMED source / PROPOSED target
labour_contracts,created_at,timestamp,YES,NULL,timestamp NULL DEFAULT NULL,candidate.labour_contracts,created_at,timestamptz,"Interpret using approved legacy application timezone, convert to UTC; UNVERIFIED until timezone approval.",NOT NULL only if source is NOT NULL and profiling proves no invalid/null rows; otherwise staged nullable,"null-count, distinct-count, min/max/length and deterministic transformed-value hash for labour_contracts.created_at",CONFIRMED source / PROPOSED target
labour_contracts,updated_at,timestamp,YES,NULL,timestamp NULL DEFAULT NULL,candidate.labour_contracts,updated_at,timestamptz,"Interpret using approved legacy application timezone, convert to UTC; UNVERIFIED until timezone approval.",NOT NULL only if source is NOT NULL and profiling proves no invalid/null rows; otherwise staged nullable,"null-count, distinct-count, min/max/length and deterministic transformed-value hash for labour_contracts.updated_at",CONFIRMED source / PROPOSED target
labour_contracts,candidate_id,int(11),YES,NULL,int(11) DEFAULT NULL,candidate.labour_contracts,candidate_id,bigint,Cast signed/unsigned identifier; resolve through legacy_key_map when relational.,NOT NULL only if source is NOT NULL and profiling proves no invalid/null rows; otherwise staged nullable,"null-count, distinct-count, min/max/length and deterministic transformed-value hash for labour_contracts.candidate_id",CONFIRMED source / PROPOSED target
language_list,id,int(10) UNSIGNED,NO,NO DEFAULT,int(10) UNSIGNED NOT NULL,operations.language_list,id,bigint,Cast signed/unsigned identifier; resolve through legacy_key_map when relational.,NOT NULL only if source is NOT NULL and profiling proves no invalid/null rows; otherwise staged nullable,"null-count, distinct-count, min/max/length and deterministic transformed-value hash for language_list.id",CONFIRMED source / PROPOSED target
language_list,user_id,int(11),YES,NULL,int(11) DEFAULT NULL,operations.language_list,user_id,bigint,Cast signed/unsigned identifier; resolve through legacy_key_map when relational.,NOT NULL only if source is NOT NULL and profiling proves no invalid/null rows; otherwise staged nullable,"null-count, distinct-count, min/max/length and deterministic transformed-value hash for language_list.user_id",CONFIRMED source / PROPOSED target
language_list,language_name,varchar(255),YES,NULL,varchar(255) DEFAULT NULL,operations.language_list,language_name,text,Preserve exact value initially; normalize only through approved lookup mapping.,NOT NULL only if source is NOT NULL and profiling proves no invalid/null rows; otherwise staged nullable,"null-count, distinct-count, min/max/length and deterministic transformed-value hash for language_list.language_name",CONFIRMED source / PROPOSED target
language_list,language_status,varchar(255),YES,NULL,varchar(255) DEFAULT NULL,operations.language_list,language_status,text,Preserve exact value initially; normalize only through approved lookup mapping.,NOT NULL only if source is NOT NULL and profiling proves no invalid/null rows; otherwise staged nullable,"null-count, distinct-count, min/max/length and deterministic transformed-value hash for language_list.language_status",CONFIRMED source / PROPOSED target
language_list,created_at,timestamp,YES,NULL,timestamp NULL DEFAULT NULL,operations.language_list,created_at,timestamptz,"Interpret using approved legacy application timezone, convert to UTC; UNVERIFIED until timezone approval.",NOT NULL only if source is NOT NULL and profiling proves no invalid/null rows; otherwise staged nullable,"null-count, distinct-count, min/max/length and deterministic transformed-value hash for language_list.created_at",CONFIRMED source / PROPOSED target
language_list,updated_at,timestamp,YES,NULL,timestamp NULL DEFAULT NULL,operations.language_list,updated_at,timestamptz,"Interpret using approved legacy application timezone, convert to UTC; UNVERIFIED until timezone approval.",NOT NULL only if source is NOT NULL and profiling proves no invalid/null rows; otherwise staged nullable,"null-count, distinct-count, min/max/length and deterministic transformed-value hash for language_list.updated_at",CONFIRMED source / PROPOSED target
license_positions,id,int(10) UNSIGNED,NO,NO DEFAULT,int(10) UNSIGNED NOT NULL,operations.license_positions,id,bigint,Cast signed/unsigned identifier; resolve through legacy_key_map when relational.,NOT NULL only if source is NOT NULL and profiling proves no invalid/null rows; otherwise staged nullable,"null-count, distinct-count, min/max/length and deterministic transformed-value hash for license_positions.id",CONFIRMED source / PROPOSED target
license_positions,license_id,int(11),NO,NO DEFAULT,int(11) NOT NULL,operations.license_positions,license_id,bigint,Cast signed/unsigned identifier; resolve through legacy_key_map when relational.,NOT NULL only if source is NOT NULL and profiling proves no invalid/null rows; otherwise staged nullable,"null-count, distinct-count, min/max/length and deterministic transformed-value hash for license_positions.license_id",CONFIRMED source / PROPOSED target
license_positions,position_id,int(11),NO,NO DEFAULT,int(11) NOT NULL,operations.license_positions,position_id,bigint,Cast signed/unsigned identifier; resolve through legacy_key_map when relational.,NOT NULL only if source is NOT NULL and profiling proves no invalid/null rows; otherwise staged nullable,"null-count, distinct-count, min/max/length and deterministic transformed-value hash for license_positions.position_id",CONFIRMED source / PROPOSED target
license_positions,quantity,int(11),YES,0,int(11) DEFAULT 0,operations.license_positions,quantity,integer,Exact integer cast; range-check unsigned values.,NOT NULL only if source is NOT NULL and profiling proves no invalid/null rows; otherwise staged nullable,"null-count, distinct-count, min/max/length and deterministic transformed-value hash for license_positions.quantity",CONFIRMED source / PROPOSED target
license_positions,created_at,timestamp,YES,NULL,timestamp NULL DEFAULT NULL,operations.license_positions,created_at,timestamptz,"Interpret using approved legacy application timezone, convert to UTC; UNVERIFIED until timezone approval.",NOT NULL only if source is NOT NULL and profiling proves no invalid/null rows; otherwise staged nullable,"null-count, distinct-count, min/max/length and deterministic transformed-value hash for license_positions.created_at",CONFIRMED source / PROPOSED target
license_positions,updated_at,timestamp,YES,NULL,timestamp NULL DEFAULT NULL,operations.license_positions,updated_at,timestamptz,"Interpret using approved legacy application timezone, convert to UTC; UNVERIFIED until timezone approval.",NOT NULL only if source is NOT NULL and profiling proves no invalid/null rows; otherwise staged nullable,"null-count, distinct-count, min/max/length and deterministic transformed-value hash for license_positions.updated_at",CONFIRMED source / PROPOSED target
licenses,id,int(10) UNSIGNED,NO,NO DEFAULT,int(10) UNSIGNED NOT NULL,operations.licenses,id,bigint,Cast signed/unsigned identifier; resolve through legacy_key_map when relational.,NOT NULL only if source is NOT NULL and profiling proves no invalid/null rows; otherwise staged nullable,"null-count, distinct-count, min/max/length and deterministic transformed-value hash for licenses.id",CONFIRMED source / PROPOSED target
licenses,license_no,varchar(255),NO,NO DEFAULT,varchar(255) NOT NULL,operations.licenses,license_no,text,Preserve exact value initially; normalize only through approved lookup mapping.,NOT NULL only if source is NOT NULL and profiling proves no invalid/null rows; otherwise staged nullable,"null-count, distinct-count, min/max/length and deterministic transformed-value hash for licenses.license_no",CONFIRMED source / PROPOSED target
licenses,status,char(5),YES,'A',char(5) DEFAULT 'A',operations.licenses,status,text,Preserve exact value initially; normalize only through approved lookup mapping.,NOT NULL only if source is NOT NULL and profiling proves no invalid/null rows; otherwise staged nullable,"null-count, distinct-count, min/max/length and deterministic transformed-value hash for licenses.status",CONFIRMED source / PROPOSED target
licenses,created_at,timestamp,YES,NULL,timestamp NULL DEFAULT NULL,operations.licenses,created_at,timestamptz,"Interpret using approved legacy application timezone, convert to UTC; UNVERIFIED until timezone approval.",NOT NULL only if source is NOT NULL and profiling proves no invalid/null rows; otherwise staged nullable,"null-count, distinct-count, min/max/length and deterministic transformed-value hash for licenses.created_at",CONFIRMED source / PROPOSED target
licenses,updated_at,timestamp,YES,NULL,timestamp NULL DEFAULT NULL,operations.licenses,updated_at,timestamptz,"Interpret using approved legacy application timezone, convert to UTC; UNVERIFIED until timezone approval.",NOT NULL only if source is NOT NULL and profiling proves no invalid/null rows; otherwise staged nullable,"null-count, distinct-count, min/max/length and deterministic transformed-value hash for licenses.updated_at",CONFIRMED source / PROPOSED target
licenses,companier_id,int(11),YES,NULL,int(11) DEFAULT NULL,operations.licenses,companier_id,bigint,Cast signed/unsigned identifier; resolve through legacy_key_map when relational.,NOT NULL only if source is NOT NULL and profiling proves no invalid/null rows; otherwise staged nullable,"null-count, distinct-count, min/max/length and deterministic transformed-value hash for licenses.companier_id",CONFIRMED source / PROPOSED target
licenses,license_start_date,date,YES,NULL,date DEFAULT NULL,operations.licenses,license_start_date,date,ISO date cast; reject zero/invalid dates.,NOT NULL only if source is NOT NULL and profiling proves no invalid/null rows; otherwise staged nullable,"null-count, distinct-count, min/max/length and deterministic transformed-value hash for licenses.license_start_date",CONFIRMED source / PROPOSED target
licenses,license_expire_date,date,YES,NULL,date DEFAULT NULL,operations.licenses,license_expire_date,date,ISO date cast; reject zero/invalid dates.,NOT NULL only if source is NOT NULL and profiling proves no invalid/null rows; otherwise staged nullable,"null-count, distinct-count, min/max/length and deterministic transformed-value hash for licenses.license_expire_date",CONFIRMED source / PROPOSED target
licenses,license_file_path,longtext,YES,NULL,longtext DEFAULT NULL,operations.licenses,license_file_id,text,Preserve bytes/text semantically; file-like JSON handled by document migration.,NOT NULL only if source is NOT NULL and profiling proves no invalid/null rows; otherwise staged nullable,"null-count, distinct-count, min/max/length and deterministic transformed-value hash for licenses.license_file_path",CONFIRMED source / PROPOSED target
live_status,id,int(10) UNSIGNED,NO,NO DEFAULT,int(10) UNSIGNED NOT NULL,operations.live_status,id,bigint,Cast signed/unsigned identifier; resolve through legacy_key_map when relational.,NOT NULL only if source is NOT NULL and profiling proves no invalid/null rows; otherwise staged nullable,"null-count, distinct-count, min/max/length and deterministic transformed-value hash for live_status.id",CONFIRMED source / PROPOSED target
live_status,name,varchar(255),YES,NULL,varchar(255) DEFAULT NULL,operations.live_status,name,text,Preserve exact value initially; normalize only through approved lookup mapping.,NOT NULL only if source is NOT NULL and profiling proves no invalid/null rows; otherwise staged nullable,"null-count, distinct-count, min/max/length and deterministic transformed-value hash for live_status.name",CONFIRMED source / PROPOSED target
live_status,description,varchar(255),YES,NULL,varchar(255) DEFAULT NULL,operations.live_status,description,text,Preserve exact value initially; normalize only through approved lookup mapping.,NOT NULL only if source is NOT NULL and profiling proves no invalid/null rows; otherwise staged nullable,"null-count, distinct-count, min/max/length and deterministic transformed-value hash for live_status.description",CONFIRMED source / PROPOSED target
live_status,step_no,int(11),YES,NULL,int(11) DEFAULT NULL,operations.live_status,step_no,integer,Exact integer cast; range-check unsigned values.,NOT NULL only if source is NOT NULL and profiling proves no invalid/null rows; otherwise staged nullable,"null-count, distinct-count, min/max/length and deterministic transformed-value hash for live_status.step_no",CONFIRMED source / PROPOSED target
live_status,status,char(5),YES,NULL,char(5) DEFAULT NULL,operations.live_status,status,text,Preserve exact value initially; normalize only through approved lookup mapping.,NOT NULL only if source is NOT NULL and profiling proves no invalid/null rows; otherwise staged nullable,"null-count, distinct-count, min/max/length and deterministic transformed-value hash for live_status.status",CONFIRMED source / PROPOSED target
live_status,created_at,timestamp,YES,NULL,timestamp NULL DEFAULT NULL,operations.live_status,created_at,timestamptz,"Interpret using approved legacy application timezone, convert to UTC; UNVERIFIED until timezone approval.",NOT NULL only if source is NOT NULL and profiling proves no invalid/null rows; otherwise staged nullable,"null-count, distinct-count, min/max/length and deterministic transformed-value hash for live_status.created_at",CONFIRMED source / PROPOSED target
live_status,updated_at,timestamp,YES,NULL,timestamp NULL DEFAULT NULL,operations.live_status,updated_at,timestamptz,"Interpret using approved legacy application timezone, convert to UTC; UNVERIFIED until timezone approval.",NOT NULL only if source is NOT NULL and profiling proves no invalid/null rows; otherwise staged nullable,"null-count, distinct-count, min/max/length and deterministic transformed-value hash for live_status.updated_at",CONFIRMED source / PROPOSED target
manpower_trainings,id,bigint(20),NO,NO DEFAULT,bigint(20) NOT NULL,workflow.manpower_training_events,id,bigint,Cast signed/unsigned identifier; resolve through legacy_key_map when relational.,NOT NULL only if source is NOT NULL and profiling proves no invalid/null rows; otherwise staged nullable,"null-count, distinct-count, min/max/length and deterministic transformed-value hash for manpower_trainings.id",CONFIRMED source / PROPOSED target
manpower_trainings,candidate_id,bigint(20),NO,NO DEFAULT,bigint(20) NOT NULL,workflow.manpower_training_events,candidate_id,bigint,Cast signed/unsigned identifier; resolve through legacy_key_map when relational.,NOT NULL only if source is NOT NULL and profiling proves no invalid/null rows; otherwise staged nullable,"null-count, distinct-count, min/max/length and deterministic transformed-value hash for manpower_trainings.candidate_id",CONFIRMED source / PROPOSED target
manpower_trainings,certificate_issue_date,date,YES,NULL,date DEFAULT NULL,workflow.manpower_training_events,certificate_issue_date,date,ISO date cast; reject zero/invalid dates.,NOT NULL only if source is NOT NULL and profiling proves no invalid/null rows; otherwise staged nullable,"null-count, distinct-count, min/max/length and deterministic transformed-value hash for manpower_trainings.certificate_issue_date",CONFIRMED source / PROPOSED target
manpower_trainings,certificate_expire_date,date,YES,NULL,date DEFAULT NULL,workflow.manpower_training_events,certificate_expire_date,date,ISO date cast; reject zero/invalid dates.,NOT NULL only if source is NOT NULL and profiling proves no invalid/null rows; otherwise staged nullable,"null-count, distinct-count, min/max/length and deterministic transformed-value hash for manpower_trainings.certificate_expire_date",CONFIRMED source / PROPOSED target
manpower_trainings,certificate_file_path,varchar(250),YES,NULL,varchar(250) DEFAULT NULL,workflow.manpower_training_events,certificate_file_id,text,Preserve exact value initially; normalize only through approved lookup mapping.,NOT NULL only if source is NOT NULL and profiling proves no invalid/null rows; otherwise staged nullable,"null-count, distinct-count, min/max/length and deterministic transformed-value hash for manpower_trainings.certificate_file_path",CONFIRMED source / PROPOSED target
manpower_trainings,manpower_file_path,varchar(250),YES,NULL,varchar(250) DEFAULT NULL,workflow.manpower_training_events,manpower_file_id,text,Preserve exact value initially; normalize only through approved lookup mapping.,NOT NULL only if source is NOT NULL and profiling proves no invalid/null rows; otherwise staged nullable,"null-count, distinct-count, min/max/length and deterministic transformed-value hash for manpower_trainings.manpower_file_path",CONFIRMED source / PROPOSED target
manpower_trainings,finger_print_file_path,varchar(250),YES,NULL,varchar(250) DEFAULT NULL,workflow.manpower_training_events,finger_print_file_id,text,Preserve exact value initially; normalize only through approved lookup mapping.,NOT NULL only if source is NOT NULL and profiling proves no invalid/null rows; otherwise staged nullable,"null-count, distinct-count, min/max/length and deterministic transformed-value hash for manpower_trainings.finger_print_file_path",CONFIRMED source / PROPOSED target
manpower_trainings,status,char(5),YES,'A',char(5) DEFAULT 'A',workflow.manpower_training_events,status,text,Preserve exact value initially; normalize only through approved lookup mapping.,NOT NULL only if source is NOT NULL and profiling proves no invalid/null rows; otherwise staged nullable,"null-count, distinct-count, min/max/length and deterministic transformed-value hash for manpower_trainings.status",CONFIRMED source / PROPOSED target
manpower_trainings,created_at,timestamp,YES,NULL,timestamp NULL DEFAULT NULL,workflow.manpower_training_events,created_at,timestamptz,"Interpret using approved legacy application timezone, convert to UTC; UNVERIFIED until timezone approval.",NOT NULL only if source is NOT NULL and profiling proves no invalid/null rows; otherwise staged nullable,"null-count, distinct-count, min/max/length and deterministic transformed-value hash for manpower_trainings.created_at",CONFIRMED source / PROPOSED target
manpower_trainings,updated_at,timestamp,YES,NULL,timestamp NULL DEFAULT NULL,workflow.manpower_training_events,updated_at,timestamptz,"Interpret using approved legacy application timezone, convert to UTC; UNVERIFIED until timezone approval.",NOT NULL only if source is NOT NULL and profiling proves no invalid/null rows; otherwise staged nullable,"null-count, distinct-count, min/max/length and deterministic transformed-value hash for manpower_trainings.updated_at",CONFIRMED source / PROPOSED target
manpower_trainings,created_by,bigint(20),YES,NULL,bigint(20) DEFAULT NULL,workflow.manpower_training_events,created_by,bigint,Exact integer cast; range-check unsigned values.,NOT NULL only if source is NOT NULL and profiling proves no invalid/null rows; otherwise staged nullable,"null-count, distinct-count, min/max/length and deterministic transformed-value hash for manpower_trainings.created_by",CONFIRMED source / PROPOSED target
manpower_trainings,updated_by,bigint(20),YES,NULL,bigint(20) DEFAULT NULL,workflow.manpower_training_events,updated_by,bigint,Exact integer cast; range-check unsigned values.,NOT NULL only if source is NOT NULL and profiling proves no invalid/null rows; otherwise staged nullable,"null-count, distinct-count, min/max/length and deterministic transformed-value hash for manpower_trainings.updated_by",CONFIRMED source / PROPOSED target
manpower_trainings,training_start_date,date,YES,NULL,date DEFAULT NULL,workflow.manpower_training_events,training_start_date,date,ISO date cast; reject zero/invalid dates.,NOT NULL only if source is NOT NULL and profiling proves no invalid/null rows; otherwise staged nullable,"null-count, distinct-count, min/max/length and deterministic transformed-value hash for manpower_trainings.training_start_date",CONFIRMED source / PROPOSED target
manpower_trainings,traininig_end_date,date,YES,NULL,date DEFAULT NULL,workflow.manpower_training_events,traininig_end_date,date,ISO date cast; reject zero/invalid dates.,NOT NULL only if source is NOT NULL and profiling proves no invalid/null rows; otherwise staged nullable,"null-count, distinct-count, min/max/length and deterministic transformed-value hash for manpower_trainings.traininig_end_date",CONFIRMED source / PROPOSED target
medicals,id,int(10) UNSIGNED,NO,NO DEFAULT,int(10) UNSIGNED NOT NULL,candidate.medicals,id,bigint,Cast signed/unsigned identifier; resolve through legacy_key_map when relational.,NOT NULL only if source is NOT NULL and profiling proves no invalid/null rows; otherwise staged nullable,"null-count, distinct-count, min/max/length and deterministic transformed-value hash for medicals.id",CONFIRMED source / PROPOSED target
medicals,issue_date,date,YES,NULL,date DEFAULT NULL,candidate.medicals,issue_date,date,ISO date cast; reject zero/invalid dates.,NOT NULL only if source is NOT NULL and profiling proves no invalid/null rows; otherwise staged nullable,"null-count, distinct-count, min/max/length and deterministic transformed-value hash for medicals.issue_date",CONFIRMED source / PROPOSED target
medicals,expire_date,date,YES,NULL,date DEFAULT NULL,candidate.medicals,expire_date,date,ISO date cast; reject zero/invalid dates.,NOT NULL only if source is NOT NULL and profiling proves no invalid/null rows; otherwise staged nullable,"null-count, distinct-count, min/max/length and deterministic transformed-value hash for medicals.expire_date",CONFIRMED source / PROPOSED target
medicals,status,char(5),YES,NULL,char(5) DEFAULT NULL,candidate.medicals,status,text,Preserve exact value initially; normalize only through approved lookup mapping.,NOT NULL only if source is NOT NULL and profiling proves no invalid/null rows; otherwise staged nullable,"null-count, distinct-count, min/max/length and deterministic transformed-value hash for medicals.status",CONFIRMED source / PROPOSED target
medicals,document_file_path,varchar(255),YES,NULL,varchar(255) DEFAULT NULL,candidate.medicals,document_file_id,text,Preserve exact value initially; normalize only through approved lookup mapping.,NOT NULL only if source is NOT NULL and profiling proves no invalid/null rows; otherwise staged nullable,"null-count, distinct-count, min/max/length and deterministic transformed-value hash for medicals.document_file_path",CONFIRMED source / PROPOSED target
medicals,candidate_id,int(11),YES,NULL,int(11) DEFAULT NULL,candidate.medicals,candidate_id,bigint,Cast signed/unsigned identifier; resolve through legacy_key_map when relational.,NOT NULL only if source is NOT NULL and profiling proves no invalid/null rows; otherwise staged nullable,"null-count, distinct-count, min/max/length and deterministic transformed-value hash for medicals.candidate_id",CONFIRMED source / PROPOSED target
medicals,updated_at,date,YES,NULL,date DEFAULT NULL,candidate.medicals,updated_at,date,ISO date cast; reject zero/invalid dates.,NOT NULL only if source is NOT NULL and profiling proves no invalid/null rows; otherwise staged nullable,"null-count, distinct-count, min/max/length and deterministic transformed-value hash for medicals.updated_at",CONFIRMED source / PROPOSED target
medicals,created_at,date,YES,NULL,date DEFAULT NULL,candidate.medicals,created_at,date,ISO date cast; reject zero/invalid dates.,NOT NULL only if source is NOT NULL and profiling proves no invalid/null rows; otherwise staged nullable,"null-count, distinct-count, min/max/length and deterministic transformed-value hash for medicals.created_at",CONFIRMED source / PROPOSED target
medicals,country_id,int(11),YES,NULL,int(11) DEFAULT NULL,candidate.medicals,country_id,bigint,Cast signed/unsigned identifier; resolve through legacy_key_map when relational.,NOT NULL only if source is NOT NULL and profiling proves no invalid/null rows; otherwise staged nullable,"null-count, distinct-count, min/max/length and deterministic transformed-value hash for medicals.country_id",CONFIRMED source / PROPOSED target
menu_items,id,int(10) UNSIGNED,NO,NO DEFAULT,int(10) UNSIGNED NOT NULL,legacy_platform.menu_items,id,bigint,Cast signed/unsigned identifier; resolve through legacy_key_map when relational.,NOT NULL only if source is NOT NULL and profiling proves no invalid/null rows; otherwise staged nullable,"null-count, distinct-count, min/max/length and deterministic transformed-value hash for menu_items.id",CONFIRMED source / PROPOSED target
menu_items,menu_id,int(10) UNSIGNED,YES,NULL,int(10) UNSIGNED DEFAULT NULL,legacy_platform.menu_items,menu_id,bigint,Cast signed/unsigned identifier; resolve through legacy_key_map when relational.,NOT NULL only if source is NOT NULL and profiling proves no invalid/null rows; otherwise staged nullable,"null-count, distinct-count, min/max/length and deterministic transformed-value hash for menu_items.menu_id",CONFIRMED source / PROPOSED target
menu_items,title,varchar(255),NO,NO DEFAULT,varchar(255) NOT NULL,legacy_platform.menu_items,title,text,Preserve exact value initially; normalize only through approved lookup mapping.,NOT NULL only if source is NOT NULL and profiling proves no invalid/null rows; otherwise staged nullable,"null-count, distinct-count, min/max/length and deterministic transformed-value hash for menu_items.title",CONFIRMED source / PROPOSED target
menu_items,url,varchar(255),NO,NO DEFAULT,varchar(255) NOT NULL,legacy_platform.menu_items,url,text,Preserve exact value initially; normalize only through approved lookup mapping.,NOT NULL only if source is NOT NULL and profiling proves no invalid/null rows; otherwise staged nullable,"null-count, distinct-count, min/max/length and deterministic transformed-value hash for menu_items.url",CONFIRMED source / PROPOSED target
menu_items,target,varchar(255),NO,'_self',varchar(255) NOT NULL DEFAULT '_self',legacy_platform.menu_items,target,text,Preserve exact value initially; normalize only through approved lookup mapping.,NOT NULL only if source is NOT NULL and profiling proves no invalid/null rows; otherwise staged nullable,"null-count, distinct-count, min/max/length and deterministic transformed-value hash for menu_items.target",CONFIRMED source / PROPOSED target
menu_items,icon_class,varchar(255),YES,NULL,varchar(255) DEFAULT NULL,legacy_platform.menu_items,icon_class,text,Preserve exact value initially; normalize only through approved lookup mapping.,NOT NULL only if source is NOT NULL and profiling proves no invalid/null rows; otherwise staged nullable,"null-count, distinct-count, min/max/length and deterministic transformed-value hash for menu_items.icon_class",CONFIRMED source / PROPOSED target
menu_items,color,varchar(255),YES,NULL,varchar(255) DEFAULT NULL,legacy_platform.menu_items,color,text,Preserve exact value initially; normalize only through approved lookup mapping.,NOT NULL only if source is NOT NULL and profiling proves no invalid/null rows; otherwise staged nullable,"null-count, distinct-count, min/max/length and deterministic transformed-value hash for menu_items.color",CONFIRMED source / PROPOSED target
menu_items,parent_id,int(11),YES,NULL,int(11) DEFAULT NULL,legacy_platform.menu_items,parent_id,bigint,Cast signed/unsigned identifier; resolve through legacy_key_map when relational.,NOT NULL only if source is NOT NULL and profiling proves no invalid/null rows; otherwise staged nullable,"null-count, distinct-count, min/max/length and deterministic transformed-value hash for menu_items.parent_id",CONFIRMED source / PROPOSED target
menu_items,order,int(11),NO,NO DEFAULT,int(11) NOT NULL,legacy_platform.menu_items,order,integer,Exact integer cast; range-check unsigned values.,NOT NULL only if source is NOT NULL and profiling proves no invalid/null rows; otherwise staged nullable,"null-count, distinct-count, min/max/length and deterministic transformed-value hash for menu_items.order",CONFIRMED source / PROPOSED target
menu_items,created_at,timestamp,YES,NULL,timestamp NULL DEFAULT NULL,legacy_platform.menu_items,created_at,timestamptz,"Interpret using approved legacy application timezone, convert to UTC; UNVERIFIED until timezone approval.",NOT NULL only if source is NOT NULL and profiling proves no invalid/null rows; otherwise staged nullable,"null-count, distinct-count, min/max/length and deterministic transformed-value hash for menu_items.created_at",CONFIRMED source / PROPOSED target
menu_items,updated_at,timestamp,YES,NULL,timestamp NULL DEFAULT NULL,legacy_platform.menu_items,updated_at,timestamptz,"Interpret using approved legacy application timezone, convert to UTC; UNVERIFIED until timezone approval.",NOT NULL only if source is NOT NULL and profiling proves no invalid/null rows; otherwise staged nullable,"null-count, distinct-count, min/max/length and deterministic transformed-value hash for menu_items.updated_at",CONFIRMED source / PROPOSED target
menu_items,route,varchar(255),YES,NULL,varchar(255) DEFAULT NULL,legacy_platform.menu_items,route,text,Preserve exact value initially; normalize only through approved lookup mapping.,NOT NULL only if source is NOT NULL and profiling proves no invalid/null rows; otherwise staged nullable,"null-count, distinct-count, min/max/length and deterministic transformed-value hash for menu_items.route",CONFIRMED source / PROPOSED target
menu_items,parameters,text,YES,NULL,text DEFAULT NULL,legacy_platform.menu_items,parameters,text,Preserve bytes/text semantically; file-like JSON handled by document migration.,NOT NULL only if source is NOT NULL and profiling proves no invalid/null rows; otherwise staged nullable,"null-count, distinct-count, min/max/length and deterministic transformed-value hash for menu_items.parameters",CONFIRMED source / PROPOSED target
menus,id,int(10) UNSIGNED,NO,NO DEFAULT,int(10) UNSIGNED NOT NULL,legacy_platform.menus,id,bigint,Cast signed/unsigned identifier; resolve through legacy_key_map when relational.,NOT NULL only if source is NOT NULL and profiling proves no invalid/null rows; otherwise staged nullable,"null-count, distinct-count, min/max/length and deterministic transformed-value hash for menus.id",CONFIRMED source / PROPOSED target
menus,name,varchar(255),NO,NO DEFAULT,varchar(255) NOT NULL,legacy_platform.menus,name,text,Preserve exact value initially; normalize only through approved lookup mapping.,NOT NULL only if source is NOT NULL and profiling proves no invalid/null rows; otherwise staged nullable,"null-count, distinct-count, min/max/length and deterministic transformed-value hash for menus.name",CONFIRMED source / PROPOSED target
menus,created_at,timestamp,YES,NULL,timestamp NULL DEFAULT NULL,legacy_platform.menus,created_at,timestamptz,"Interpret using approved legacy application timezone, convert to UTC; UNVERIFIED until timezone approval.",NOT NULL only if source is NOT NULL and profiling proves no invalid/null rows; otherwise staged nullable,"null-count, distinct-count, min/max/length and deterministic transformed-value hash for menus.created_at",CONFIRMED source / PROPOSED target
menus,updated_at,timestamp,YES,NULL,timestamp NULL DEFAULT NULL,legacy_platform.menus,updated_at,timestamptz,"Interpret using approved legacy application timezone, convert to UTC; UNVERIFIED until timezone approval.",NOT NULL only if source is NOT NULL and profiling proves no invalid/null rows; otherwise staged nullable,"null-count, distinct-count, min/max/length and deterministic transformed-value hash for menus.updated_at",CONFIRMED source / PROPOSED target
migrations,id,int(10) UNSIGNED,NO,NO DEFAULT,int(10) UNSIGNED NOT NULL,legacy_platform.migrations,id,bigint,Cast signed/unsigned identifier; resolve through legacy_key_map when relational.,NOT NULL only if source is NOT NULL and profiling proves no invalid/null rows; otherwise staged nullable,"null-count, distinct-count, min/max/length and deterministic transformed-value hash for migrations.id",CONFIRMED source / PROPOSED target
migrations,migration,varchar(255),NO,NO DEFAULT,varchar(255) NOT NULL,legacy_platform.migrations,migration,text,Preserve exact value initially; normalize only through approved lookup mapping.,NOT NULL only if source is NOT NULL and profiling proves no invalid/null rows; otherwise staged nullable,"null-count, distinct-count, min/max/length and deterministic transformed-value hash for migrations.migration",CONFIRMED source / PROPOSED target
migrations,batch,int(11),NO,NO DEFAULT,int(11) NOT NULL,legacy_platform.migrations,batch,integer,Exact integer cast; range-check unsigned values.,NOT NULL only if source is NOT NULL and profiling proves no invalid/null rows; otherwise staged nullable,"null-count, distinct-count, min/max/length and deterministic transformed-value hash for migrations.batch",CONFIRMED source / PROPOSED target
notification_class_groups,id,int(10) UNSIGNED,NO,NO DEFAULT,int(10) UNSIGNED NOT NULL,communications.notification_audiences,id,bigint,Cast signed/unsigned identifier; resolve through legacy_key_map when relational.,NOT NULL only if source is NOT NULL and profiling proves no invalid/null rows; otherwise staged nullable,"null-count, distinct-count, min/max/length and deterministic transformed-value hash for notification_class_groups.id",CONFIRMED source / PROPOSED target
notification_class_groups,notification_id,int(11),YES,NULL,int(11) DEFAULT NULL,communications.notification_audiences,notification_id,bigint,Cast signed/unsigned identifier; resolve through legacy_key_map when relational.,NOT NULL only if source is NOT NULL and profiling proves no invalid/null rows; otherwise staged nullable,"null-count, distinct-count, min/max/length and deterministic transformed-value hash for notification_class_groups.notification_id",CONFIRMED source / PROPOSED target
notification_class_groups,class_group_id,int(11),YES,NULL,int(11) DEFAULT NULL,communications.notification_audiences,class_group_id,bigint,Cast signed/unsigned identifier; resolve through legacy_key_map when relational.,NOT NULL only if source is NOT NULL and profiling proves no invalid/null rows; otherwise staged nullable,"null-count, distinct-count, min/max/length and deterministic transformed-value hash for notification_class_groups.class_group_id",CONFIRMED source / PROPOSED target
notification_class_groups,created_at,timestamp,YES,NULL,timestamp NULL DEFAULT NULL,communications.notification_audiences,created_at,timestamptz,"Interpret using approved legacy application timezone, convert to UTC; UNVERIFIED until timezone approval.",NOT NULL only if source is NOT NULL and profiling proves no invalid/null rows; otherwise staged nullable,"null-count, distinct-count, min/max/length and deterministic transformed-value hash for notification_class_groups.created_at",CONFIRMED source / PROPOSED target
notification_class_groups,updated_at,timestamp,YES,NULL,timestamp NULL DEFAULT NULL,communications.notification_audiences,updated_at,timestamptz,"Interpret using approved legacy application timezone, convert to UTC; UNVERIFIED until timezone approval.",NOT NULL only if source is NOT NULL and profiling proves no invalid/null rows; otherwise staged nullable,"null-count, distinct-count, min/max/length and deterministic transformed-value hash for notification_class_groups.updated_at",CONFIRMED source / PROPOSED target
notifications,id,int(10) UNSIGNED,NO,NO DEFAULT,int(10) UNSIGNED NOT NULL,communications.notifications,id,bigint,Cast signed/unsigned identifier; resolve through legacy_key_map when relational.,NOT NULL only if source is NOT NULL and profiling proves no invalid/null rows; otherwise staged nullable,"null-count, distinct-count, min/max/length and deterministic transformed-value hash for notifications.id",CONFIRMED source / PROPOSED target
notifications,user_id,int(11),YES,NULL,int(11) DEFAULT NULL,communications.notifications,user_id,bigint,Cast signed/unsigned identifier; resolve through legacy_key_map when relational.,NOT NULL only if source is NOT NULL and profiling proves no invalid/null rows; otherwise staged nullable,"null-count, distinct-count, min/max/length and deterministic transformed-value hash for notifications.user_id",CONFIRMED source / PROPOSED target
notifications,title,text,YES,NULL,text DEFAULT NULL,communications.notifications,title,text,Preserve bytes/text semantically; file-like JSON handled by document migration.,NOT NULL only if source is NOT NULL and profiling proves no invalid/null rows; otherwise staged nullable,"null-count, distinct-count, min/max/length and deterministic transformed-value hash for notifications.title",CONFIRMED source / PROPOSED target
notifications,message,longtext,YES,NULL,longtext DEFAULT NULL,communications.notifications,message,text,Preserve bytes/text semantically; file-like JSON handled by document migration.,NOT NULL only if source is NOT NULL and profiling proves no invalid/null rows; otherwise staged nullable,"null-count, distinct-count, min/max/length and deterministic transformed-value hash for notifications.message",CONFIRMED source / PROPOSED target
notifications,redirect_url,varchar(255),YES,NULL,varchar(255) DEFAULT NULL,communications.notifications,redirect_url,text,Preserve exact value initially; normalize only through approved lookup mapping.,NOT NULL only if source is NOT NULL and profiling proves no invalid/null rows; otherwise staged nullable,"null-count, distinct-count, min/max/length and deterministic transformed-value hash for notifications.redirect_url",CONFIRMED source / PROPOSED target
notifications,is_seen,char(5),YES,'N',char(5) DEFAULT 'N',communications.notifications,is_seen,text,Preserve exact value initially; normalize only through approved lookup mapping.,NOT NULL only if source is NOT NULL and profiling proves no invalid/null rows; otherwise staged nullable,"null-count, distinct-count, min/max/length and deterministic transformed-value hash for notifications.is_seen",CONFIRMED source / PROPOSED target
notifications,group_id,int(11),YES,NULL,int(11) DEFAULT NULL,communications.notifications,group_id,bigint,Cast signed/unsigned identifier; resolve through legacy_key_map when relational.,NOT NULL only if source is NOT NULL and profiling proves no invalid/null rows; otherwise staged nullable,"null-count, distinct-count, min/max/length and deterministic transformed-value hash for notifications.group_id",CONFIRMED source / PROPOSED target
notifications,code,varchar(255),YES,NULL,varchar(255) DEFAULT NULL,communications.notifications,code,text,Preserve exact value initially; normalize only through approved lookup mapping.,NOT NULL only if source is NOT NULL and profiling proves no invalid/null rows; otherwise staged nullable,"null-count, distinct-count, min/max/length and deterministic transformed-value hash for notifications.code",CONFIRMED source / PROPOSED target
notifications,created_at,timestamp,YES,NULL,timestamp NULL DEFAULT NULL,communications.notifications,created_at,timestamptz,"Interpret using approved legacy application timezone, convert to UTC; UNVERIFIED until timezone approval.",NOT NULL only if source is NOT NULL and profiling proves no invalid/null rows; otherwise staged nullable,"null-count, distinct-count, min/max/length and deterministic transformed-value hash for notifications.created_at",CONFIRMED source / PROPOSED target
notifications,updated_at,timestamp,YES,NULL,timestamp NULL DEFAULT NULL,communications.notifications,updated_at,timestamptz,"Interpret using approved legacy application timezone, convert to UTC; UNVERIFIED until timezone approval.",NOT NULL only if source is NOT NULL and profiling proves no invalid/null rows; otherwise staged nullable,"null-count, distinct-count, min/max/length and deterministic transformed-value hash for notifications.updated_at",CONFIRMED source / PROPOSED target
pages,id,int(10) UNSIGNED,NO,NO DEFAULT,int(10) UNSIGNED NOT NULL,legacy_platform.pages,id,bigint,Cast signed/unsigned identifier; resolve through legacy_key_map when relational.,NOT NULL only if source is NOT NULL and profiling proves no invalid/null rows; otherwise staged nullable,"null-count, distinct-count, min/max/length and deterministic transformed-value hash for pages.id",CONFIRMED source / PROPOSED target
pages,author_id,int(11),NO,NO DEFAULT,int(11) NOT NULL,legacy_platform.pages,author_id,bigint,Cast signed/unsigned identifier; resolve through legacy_key_map when relational.,NOT NULL only if source is NOT NULL and profiling proves no invalid/null rows; otherwise staged nullable,"null-count, distinct-count, min/max/length and deterministic transformed-value hash for pages.author_id",CONFIRMED source / PROPOSED target
pages,title,varchar(255),NO,NO DEFAULT,varchar(255) NOT NULL,legacy_platform.pages,title,text,Preserve exact value initially; normalize only through approved lookup mapping.,NOT NULL only if source is NOT NULL and profiling proves no invalid/null rows; otherwise staged nullable,"null-count, distinct-count, min/max/length and deterministic transformed-value hash for pages.title",CONFIRMED source / PROPOSED target
pages,excerpt,text,YES,NULL,text DEFAULT NULL,legacy_platform.pages,excerpt,text,Preserve bytes/text semantically; file-like JSON handled by document migration.,NOT NULL only if source is NOT NULL and profiling proves no invalid/null rows; otherwise staged nullable,"null-count, distinct-count, min/max/length and deterministic transformed-value hash for pages.excerpt",CONFIRMED source / PROPOSED target
pages,body,text,YES,NULL,text DEFAULT NULL,legacy_platform.pages,body,text,Preserve bytes/text semantically; file-like JSON handled by document migration.,NOT NULL only if source is NOT NULL and profiling proves no invalid/null rows; otherwise staged nullable,"null-count, distinct-count, min/max/length and deterministic transformed-value hash for pages.body",CONFIRMED source / PROPOSED target
pages,image,varchar(255),YES,NULL,varchar(255) DEFAULT NULL,legacy_platform.pages,image,text,Preserve exact value initially; normalize only through approved lookup mapping.,NOT NULL only if source is NOT NULL and profiling proves no invalid/null rows; otherwise staged nullable,"null-count, distinct-count, min/max/length and deterministic transformed-value hash for pages.image",CONFIRMED source / PROPOSED target
pages,slug,varchar(255),NO,NO DEFAULT,varchar(255) NOT NULL,legacy_platform.pages,slug,text,Preserve exact value initially; normalize only through approved lookup mapping.,NOT NULL only if source is NOT NULL and profiling proves no invalid/null rows; otherwise staged nullable,"null-count, distinct-count, min/max/length and deterministic transformed-value hash for pages.slug",CONFIRMED source / PROPOSED target
pages,meta_description,text,YES,NULL,text DEFAULT NULL,legacy_platform.pages,meta_description,text,Preserve bytes/text semantically; file-like JSON handled by document migration.,NOT NULL only if source is NOT NULL and profiling proves no invalid/null rows; otherwise staged nullable,"null-count, distinct-count, min/max/length and deterministic transformed-value hash for pages.meta_description",CONFIRMED source / PROPOSED target
pages,meta_keywords,text,YES,NULL,text DEFAULT NULL,legacy_platform.pages,meta_keywords,text,Preserve bytes/text semantically; file-like JSON handled by document migration.,NOT NULL only if source is NOT NULL and profiling proves no invalid/null rows; otherwise staged nullable,"null-count, distinct-count, min/max/length and deterministic transformed-value hash for pages.meta_keywords",CONFIRMED source / PROPOSED target
pages,status,"enum('ACTIVE','INACTIVE')",NO,'INACTIVE',"enum('ACTIVE','INACTIVE') NOT NULL DEFAULT 'INACTIVE'",legacy_platform.pages,status,text,Preserve exact value initially; normalize only through approved lookup mapping.,NOT NULL only if source is NOT NULL and profiling proves no invalid/null rows; otherwise staged nullable,"null-count, distinct-count, min/max/length and deterministic transformed-value hash for pages.status",CONFIRMED source / PROPOSED target
pages,created_at,timestamp,YES,NULL,timestamp NULL DEFAULT NULL,legacy_platform.pages,created_at,timestamptz,"Interpret using approved legacy application timezone, convert to UTC; UNVERIFIED until timezone approval.",NOT NULL only if source is NOT NULL and profiling proves no invalid/null rows; otherwise staged nullable,"null-count, distinct-count, min/max/length and deterministic transformed-value hash for pages.created_at",CONFIRMED source / PROPOSED target
pages,updated_at,timestamp,YES,NULL,timestamp NULL DEFAULT NULL,legacy_platform.pages,updated_at,timestamptz,"Interpret using approved legacy application timezone, convert to UTC; UNVERIFIED until timezone approval.",NOT NULL only if source is NOT NULL and profiling proves no invalid/null rows; otherwise staged nullable,"null-count, distinct-count, min/max/length and deterministic transformed-value hash for pages.updated_at",CONFIRMED source / PROPOSED target
password_resets,email,varchar(255),NO,NO DEFAULT,varchar(255) NOT NULL,legacy_platform.password_resets,email,text,Preserve exact value initially; normalize only through approved lookup mapping.,NOT NULL only if source is NOT NULL and profiling proves no invalid/null rows; otherwise staged nullable,"null-count, distinct-count, min/max/length and deterministic transformed-value hash for password_resets.email",CONFIRMED source / PROPOSED target
password_resets,token,varchar(255),NO,NO DEFAULT,varchar(255) NOT NULL,legacy_platform.password_resets,token,text,Preserve exact value initially; normalize only through approved lookup mapping.,NOT NULL only if source is NOT NULL and profiling proves no invalid/null rows; otherwise staged nullable,"null-count, distinct-count, min/max/length and deterministic transformed-value hash for password_resets.token",CONFIRMED source / PROPOSED target
password_resets,created_at,timestamp,YES,NULL,timestamp NULL DEFAULT NULL,legacy_platform.password_resets,created_at,timestamptz,"Interpret using approved legacy application timezone, convert to UTC; UNVERIFIED until timezone approval.",NOT NULL only if source is NOT NULL and profiling proves no invalid/null rows; otherwise staged nullable,"null-count, distinct-count, min/max/length and deterministic transformed-value hash for password_resets.created_at",CONFIRMED source / PROPOSED target
payment_requests,id,int(10) UNSIGNED,NO,NO DEFAULT,int(10) UNSIGNED NOT NULL,finance.payment_requests,id,bigint,Cast signed/unsigned identifier; resolve through legacy_key_map when relational.,NOT NULL only if source is NOT NULL and profiling proves no invalid/null rows; otherwise staged nullable,"null-count, distinct-count, min/max/length and deterministic transformed-value hash for payment_requests.id",CONFIRMED source / PROPOSED target
payment_requests,bill_title,varchar(255),YES,NULL,varchar(255) DEFAULT NULL,finance.payment_requests,bill_title,text,Preserve exact value initially; normalize only through approved lookup mapping.,NOT NULL only if source is NOT NULL and profiling proves no invalid/null rows; otherwise staged nullable,"null-count, distinct-count, min/max/length and deterministic transformed-value hash for payment_requests.bill_title",CONFIRMED source / PROPOSED target
payment_requests,agent_id,int(11),YES,NULL,int(11) DEFAULT NULL,finance.payment_requests,agent_id,bigint,Cast signed/unsigned identifier; resolve through legacy_key_map when relational.,NOT NULL only if source is NOT NULL and profiling proves no invalid/null rows; otherwise staged nullable,"null-count, distinct-count, min/max/length and deterministic transformed-value hash for payment_requests.agent_id",CONFIRMED source / PROPOSED target
payment_requests,group_id,int(11),YES,NULL,int(11) DEFAULT NULL,finance.payment_requests,group_id,bigint,Cast signed/unsigned identifier; resolve through legacy_key_map when relational.,NOT NULL only if source is NOT NULL and profiling proves no invalid/null rows; otherwise staged nullable,"null-count, distinct-count, min/max/length and deterministic transformed-value hash for payment_requests.group_id",CONFIRMED source / PROPOSED target
payment_requests,candidate_id,int(11),YES,NULL,int(11) DEFAULT NULL,finance.payment_requests,candidate_id,bigint,Cast signed/unsigned identifier; resolve through legacy_key_map when relational.,NOT NULL only if source is NOT NULL and profiling proves no invalid/null rows; otherwise staged nullable,"null-count, distinct-count, min/max/length and deterministic transformed-value hash for payment_requests.candidate_id",CONFIRMED source / PROPOSED target
payment_requests,amount,float,YES,0,float DEFAULT 0,finance.payment_requests,amount,"numeric(20,6)",Parse decimal text exactly; no binary-float arithmetic; round only at posted transaction boundary.,NOT NULL only if source is NOT NULL and profiling proves no invalid/null rows; otherwise staged nullable,"null-count, distinct-count, min/max/length and deterministic transformed-value hash for payment_requests.amount",CONFIRMED source / PROPOSED target
payment_requests,status,char(5),YES,'P',char(5) DEFAULT 'P',finance.payment_requests,status,text,Preserve exact value initially; normalize only through approved lookup mapping.,NOT NULL only if source is NOT NULL and profiling proves no invalid/null rows; otherwise staged nullable,"null-count, distinct-count, min/max/length and deterministic transformed-value hash for payment_requests.status",CONFIRMED source / PROPOSED target
payment_requests,payment_id,int(11),YES,NULL,int(11) DEFAULT NULL,finance.payment_requests,payment_id,bigint,Cast signed/unsigned identifier; resolve through legacy_key_map when relational.,NOT NULL only if source is NOT NULL and profiling proves no invalid/null rows; otherwise staged nullable,"null-count, distinct-count, min/max/length and deterministic transformed-value hash for payment_requests.payment_id",CONFIRMED source / PROPOSED target
payment_requests,remarks,varchar(255),YES,NULL,varchar(255) DEFAULT NULL,finance.payment_requests,remarks,text,Preserve exact value initially; normalize only through approved lookup mapping.,NOT NULL only if source is NOT NULL and profiling proves no invalid/null rows; otherwise staged nullable,"null-count, distinct-count, min/max/length and deterministic transformed-value hash for payment_requests.remarks",CONFIRMED source / PROPOSED target
payment_requests,created_at,timestamp,YES,NULL,timestamp NULL DEFAULT NULL,finance.payment_requests,created_at,timestamptz,"Interpret using approved legacy application timezone, convert to UTC; UNVERIFIED until timezone approval.",NOT NULL only if source is NOT NULL and profiling proves no invalid/null rows; otherwise staged nullable,"null-count, distinct-count, min/max/length and deterministic transformed-value hash for payment_requests.created_at",CONFIRMED source / PROPOSED target
payment_requests,updated_at,timestamp,YES,NULL,timestamp NULL DEFAULT NULL,finance.payment_requests,updated_at,timestamptz,"Interpret using approved legacy application timezone, convert to UTC; UNVERIFIED until timezone approval.",NOT NULL only if source is NOT NULL and profiling proves no invalid/null rows; otherwise staged nullable,"null-count, distinct-count, min/max/length and deterministic transformed-value hash for payment_requests.updated_at",CONFIRMED source / PROPOSED target
payment_requests_backup_01072026,id,int(10) UNSIGNED,NO,0,int(10) UNSIGNED NOT NULL DEFAULT 0,archive.payment_requests_backup_01072026,id,bigint,Cast signed/unsigned identifier; resolve through legacy_key_map when relational.,NOT NULL only if source is NOT NULL and profiling proves no invalid/null rows; otherwise staged nullable,"null-count, distinct-count, min/max/length and deterministic transformed-value hash for payment_requests_backup_01072026.id",CONFIRMED source / PROPOSED target
payment_requests_backup_01072026,bill_title,varchar(255),YES,NULL,varchar(255) DEFAULT NULL,archive.payment_requests_backup_01072026,bill_title,text,Preserve exact value initially; normalize only through approved lookup mapping.,NOT NULL only if source is NOT NULL and profiling proves no invalid/null rows; otherwise staged nullable,"null-count, distinct-count, min/max/length and deterministic transformed-value hash for payment_requests_backup_01072026.bill_title",CONFIRMED source / PROPOSED target
payment_requests_backup_01072026,agent_id,int(11),YES,NULL,int(11) DEFAULT NULL,archive.payment_requests_backup_01072026,agent_id,bigint,Cast signed/unsigned identifier; resolve through legacy_key_map when relational.,NOT NULL only if source is NOT NULL and profiling proves no invalid/null rows; otherwise staged nullable,"null-count, distinct-count, min/max/length and deterministic transformed-value hash for payment_requests_backup_01072026.agent_id",CONFIRMED source / PROPOSED target
payment_requests_backup_01072026,group_id,int(11),YES,NULL,int(11) DEFAULT NULL,archive.payment_requests_backup_01072026,group_id,bigint,Cast signed/unsigned identifier; resolve through legacy_key_map when relational.,NOT NULL only if source is NOT NULL and profiling proves no invalid/null rows; otherwise staged nullable,"null-count, distinct-count, min/max/length and deterministic transformed-value hash for payment_requests_backup_01072026.group_id",CONFIRMED source / PROPOSED target
payment_requests_backup_01072026,candidate_id,int(11),YES,NULL,int(11) DEFAULT NULL,archive.payment_requests_backup_01072026,candidate_id,bigint,Cast signed/unsigned identifier; resolve through legacy_key_map when relational.,NOT NULL only if source is NOT NULL and profiling proves no invalid/null rows; otherwise staged nullable,"null-count, distinct-count, min/max/length and deterministic transformed-value hash for payment_requests_backup_01072026.candidate_id",CONFIRMED source / PROPOSED target
payment_requests_backup_01072026,amount,float,YES,0,float DEFAULT 0,archive.payment_requests_backup_01072026,amount,"numeric(20,6)",Parse decimal text exactly; no binary-float arithmetic; round only at posted transaction boundary.,NOT NULL only if source is NOT NULL and profiling proves no invalid/null rows; otherwise staged nullable,"null-count, distinct-count, min/max/length and deterministic transformed-value hash for payment_requests_backup_01072026.amount",CONFIRMED source / PROPOSED target
payment_requests_backup_01072026,status,char(5),YES,'P',char(5) DEFAULT 'P',archive.payment_requests_backup_01072026,status,text,Preserve exact value initially; normalize only through approved lookup mapping.,NOT NULL only if source is NOT NULL and profiling proves no invalid/null rows; otherwise staged nullable,"null-count, distinct-count, min/max/length and deterministic transformed-value hash for payment_requests_backup_01072026.status",CONFIRMED source / PROPOSED target
payment_requests_backup_01072026,payment_id,int(11),YES,NULL,int(11) DEFAULT NULL,archive.payment_requests_backup_01072026,payment_id,bigint,Cast signed/unsigned identifier; resolve through legacy_key_map when relational.,NOT NULL only if source is NOT NULL and profiling proves no invalid/null rows; otherwise staged nullable,"null-count, distinct-count, min/max/length and deterministic transformed-value hash for payment_requests_backup_01072026.payment_id",CONFIRMED source / PROPOSED target
payment_requests_backup_01072026,remarks,varchar(255),YES,NULL,varchar(255) DEFAULT NULL,archive.payment_requests_backup_01072026,remarks,text,Preserve exact value initially; normalize only through approved lookup mapping.,NOT NULL only if source is NOT NULL and profiling proves no invalid/null rows; otherwise staged nullable,"null-count, distinct-count, min/max/length and deterministic transformed-value hash for payment_requests_backup_01072026.remarks",CONFIRMED source / PROPOSED target
payment_requests_backup_01072026,created_at,timestamp,YES,NULL,timestamp NULL DEFAULT NULL,archive.payment_requests_backup_01072026,created_at,timestamptz,"Interpret using approved legacy application timezone, convert to UTC; UNVERIFIED until timezone approval.",NOT NULL only if source is NOT NULL and profiling proves no invalid/null rows; otherwise staged nullable,"null-count, distinct-count, min/max/length and deterministic transformed-value hash for payment_requests_backup_01072026.created_at",CONFIRMED source / PROPOSED target
payment_requests_backup_01072026,updated_at,timestamp,YES,NULL,timestamp NULL DEFAULT NULL,archive.payment_requests_backup_01072026,updated_at,timestamptz,"Interpret using approved legacy application timezone, convert to UTC; UNVERIFIED until timezone approval.",NOT NULL only if source is NOT NULL and profiling proves no invalid/null rows; otherwise staged nullable,"null-count, distinct-count, min/max/length and deterministic transformed-value hash for payment_requests_backup_01072026.updated_at",CONFIRMED source / PROPOSED target
payments,id,int(10) UNSIGNED,NO,NO DEFAULT,int(10) UNSIGNED NOT NULL,finance.ledger_entries,id,bigint,Cast signed/unsigned identifier; resolve through legacy_key_map when relational.,NOT NULL only if source is NOT NULL and profiling proves no invalid/null rows; otherwise staged nullable,"null-count, distinct-count, min/max/length and deterministic transformed-value hash for payments.id",CONFIRMED source / PROPOSED target
payments,title,varchar(250),YES,NULL,varchar(250) DEFAULT NULL,finance.ledger_entries,title,text,Preserve exact value initially; normalize only through approved lookup mapping.,NOT NULL only if source is NOT NULL and profiling proves no invalid/null rows; otherwise staged nullable,"null-count, distinct-count, min/max/length and deterministic transformed-value hash for payments.title",CONFIRMED source / PROPOSED target
payments,type,char(50),YES,NULL,char(50) DEFAULT NULL,finance.ledger_entries,type,text,Preserve exact value initially; normalize only through approved lookup mapping.,NOT NULL only if source is NOT NULL and profiling proves no invalid/null rows; otherwise staged nullable,"null-count, distinct-count, min/max/length and deterministic transformed-value hash for payments.type",CONFIRMED source / PROPOSED target
payments,agent_id,int(11),YES,0,int(11) DEFAULT 0,finance.ledger_entries,agent_id,bigint,Cast signed/unsigned identifier; resolve through legacy_key_map when relational.,NOT NULL only if source is NOT NULL and profiling proves no invalid/null rows; otherwise staged nullable,"null-count, distinct-count, min/max/length and deterministic transformed-value hash for payments.agent_id",CONFIRMED source / PROPOSED target
payments,sub_agent_id,bigint(20),YES,0,bigint(20) DEFAULT 0,finance.ledger_entries,sub_agent_id,bigint,Cast signed/unsigned identifier; resolve through legacy_key_map when relational.,NOT NULL only if source is NOT NULL and profiling proves no invalid/null rows; otherwise staged nullable,"null-count, distinct-count, min/max/length and deterministic transformed-value hash for payments.sub_agent_id",CONFIRMED source / PROPOSED target
payments,candidate_id,int(11),YES,0,int(11) DEFAULT 0,finance.ledger_entries,candidate_id,bigint,Cast signed/unsigned identifier; resolve through legacy_key_map when relational.,NOT NULL only if source is NOT NULL and profiling proves no invalid/null rows; otherwise staged nullable,"null-count, distinct-count, min/max/length and deterministic transformed-value hash for payments.candidate_id",CONFIRMED source / PROPOSED target
payments,teacher_id,int(11),YES,0,int(11) DEFAULT 0,finance.ledger_entries,teacher_id,bigint,Cast signed/unsigned identifier; resolve through legacy_key_map when relational.,NOT NULL only if source is NOT NULL and profiling proves no invalid/null rows; otherwise staged nullable,"null-count, distinct-count, min/max/length and deterministic transformed-value hash for payments.teacher_id",CONFIRMED source / PROPOSED target
payments,employee_id,int(11),YES,0,int(11) DEFAULT 0,finance.ledger_entries,employee_id,bigint,Cast signed/unsigned identifier; resolve through legacy_key_map when relational.,NOT NULL only if source is NOT NULL and profiling proves no invalid/null rows; otherwise staged nullable,"null-count, distinct-count, min/max/length and deterministic transformed-value hash for payments.employee_id",CONFIRMED source / PROPOSED target
payments,employer_id,int(11),YES,0,int(11) DEFAULT 0,finance.ledger_entries,employer_id,bigint,Cast signed/unsigned identifier; resolve through legacy_key_map when relational.,NOT NULL only if source is NOT NULL and profiling proves no invalid/null rows; otherwise staged nullable,"null-count, distinct-count, min/max/length and deterministic transformed-value hash for payments.employer_id",CONFIRMED source / PROPOSED target
payments,amount,"float(12,0)",YES,NULL,"float(12,0) DEFAULT NULL",finance.ledger_entries,amount,"numeric(20,6)",Parse decimal text exactly; no binary-float arithmetic; round only at posted transaction boundary.,NOT NULL only if source is NOT NULL and profiling proves no invalid/null rows; otherwise staged nullable,"null-count, distinct-count, min/max/length and deterministic transformed-value hash for payments.amount",CONFIRMED source / PROPOSED target
payments,payment_date,date,YES,NULL,date DEFAULT NULL,finance.ledger_entries,payment_date,date,ISO date cast; reject zero/invalid dates.,NOT NULL only if source is NOT NULL and profiling proves no invalid/null rows; otherwise staged nullable,"null-count, distinct-count, min/max/length and deterministic transformed-value hash for payments.payment_date",CONFIRMED source / PROPOSED target
payments,invoice_no,varchar(250),YES,NULL,varchar(250) DEFAULT NULL,finance.ledger_entries,invoice_no,text,Preserve exact value initially; normalize only through approved lookup mapping.,NOT NULL only if source is NOT NULL and profiling proves no invalid/null rows; otherwise staged nullable,"null-count, distinct-count, min/max/length and deterministic transformed-value hash for payments.invoice_no",CONFIRMED source / PROPOSED target
payments,bank_name,varchar(250),YES,NULL,varchar(250) DEFAULT NULL,finance.ledger_entries,bank_name,text,Preserve exact value initially; normalize only through approved lookup mapping.,NOT NULL only if source is NOT NULL and profiling proves no invalid/null rows; otherwise staged nullable,"null-count, distinct-count, min/max/length and deterministic transformed-value hash for payments.bank_name",CONFIRMED source / PROPOSED target
payments,acc_no,varchar(250),YES,NULL,varchar(250) DEFAULT NULL,finance.ledger_entries,acc_no,text,Preserve exact value initially; normalize only through approved lookup mapping.,NOT NULL only if source is NOT NULL and profiling proves no invalid/null rows; otherwise staged nullable,"null-count, distinct-count, min/max/length and deterministic transformed-value hash for payments.acc_no",CONFIRMED source / PROPOSED target
payments,trx_no,varchar(250),YES,NULL,varchar(250) DEFAULT NULL,finance.ledger_entries,trx_no,text,Preserve exact value initially; normalize only through approved lookup mapping.,NOT NULL only if source is NOT NULL and profiling proves no invalid/null rows; otherwise staged nullable,"null-count, distinct-count, min/max/length and deterministic transformed-value hash for payments.trx_no",CONFIRMED source / PROPOSED target
payments,created_by,int(11),YES,NULL,int(11) DEFAULT NULL,finance.ledger_entries,created_by,integer,Exact integer cast; range-check unsigned values.,NOT NULL only if source is NOT NULL and profiling proves no invalid/null rows; otherwise staged nullable,"null-count, distinct-count, min/max/length and deterministic transformed-value hash for payments.created_by",CONFIRMED source / PROPOSED target
payments,updated_by,int(11),YES,NULL,int(11) DEFAULT NULL,finance.ledger_entries,updated_by,integer,Exact integer cast; range-check unsigned values.,NOT NULL only if source is NOT NULL and profiling proves no invalid/null rows; otherwise staged nullable,"null-count, distinct-count, min/max/length and deterministic transformed-value hash for payments.updated_by",CONFIRMED source / PROPOSED target
payments,status,char(5),YES,NULL,char(5) DEFAULT NULL,finance.ledger_entries,status,text,Preserve exact value initially; normalize only through approved lookup mapping.,NOT NULL only if source is NOT NULL and profiling proves no invalid/null rows; otherwise staged nullable,"null-count, distinct-count, min/max/length and deterministic transformed-value hash for payments.status",CONFIRMED source / PROPOSED target
payments,created_at,timestamp,YES,NULL,timestamp NULL DEFAULT NULL,finance.ledger_entries,created_at,timestamptz,"Interpret using approved legacy application timezone, convert to UTC; UNVERIFIED until timezone approval.",NOT NULL only if source is NOT NULL and profiling proves no invalid/null rows; otherwise staged nullable,"null-count, distinct-count, min/max/length and deterministic transformed-value hash for payments.created_at",CONFIRMED source / PROPOSED target
payments,updated_at,timestamp,YES,NULL,timestamp NULL DEFAULT NULL,finance.ledger_entries,updated_at,timestamptz,"Interpret using approved legacy application timezone, convert to UTC; UNVERIFIED until timezone approval.",NOT NULL only if source is NOT NULL and profiling proves no invalid/null rows; otherwise staged nullable,"null-count, distinct-count, min/max/length and deterministic transformed-value hash for payments.updated_at",CONFIRMED source / PROPOSED target
payments,user_id,int(11),YES,NULL,int(11) DEFAULT NULL,finance.ledger_entries,user_id,bigint,Cast signed/unsigned identifier; resolve through legacy_key_map when relational.,NOT NULL only if source is NOT NULL and profiling proves no invalid/null rows; otherwise staged nullable,"null-count, distinct-count, min/max/length and deterministic transformed-value hash for payments.user_id",CONFIRMED source / PROPOSED target
payments,cheque_file_path,varchar(255),YES,NULL,varchar(255) DEFAULT NULL,finance.ledger_entries,cheque_file_id,text,Preserve exact value initially; normalize only through approved lookup mapping.,NOT NULL only if source is NOT NULL and profiling proves no invalid/null rows; otherwise staged nullable,"null-count, distinct-count, min/max/length and deterministic transformed-value hash for payments.cheque_file_path",CONFIRMED source / PROPOSED target
payments,remarks,varchar(255),YES,NULL,varchar(255) DEFAULT NULL,finance.ledger_entries,remarks,text,Preserve exact value initially; normalize only through approved lookup mapping.,NOT NULL only if source is NOT NULL and profiling proves no invalid/null rows; otherwise staged nullable,"null-count, distinct-count, min/max/length and deterministic transformed-value hash for payments.remarks",CONFIRMED source / PROPOSED target
payments,account_name,varchar(255),YES,NULL,varchar(255) DEFAULT NULL,finance.ledger_entries,account_name,text,Preserve exact value initially; normalize only through approved lookup mapping.,NOT NULL only if source is NOT NULL and profiling proves no invalid/null rows; otherwise staged nullable,"null-count, distinct-count, min/max/length and deterministic transformed-value hash for payments.account_name",CONFIRMED source / PROPOSED target
payments,currency_id,int(11),YES,1,int(11) DEFAULT 1,finance.ledger_entries,currency_id,bigint,Cast signed/unsigned identifier; resolve through legacy_key_map when relational.,NOT NULL only if source is NOT NULL and profiling proves no invalid/null rows; otherwise staged nullable,"null-count, distinct-count, min/max/length and deterministic transformed-value hash for payments.currency_id",CONFIRMED source / PROPOSED target
payments,exchange_rate,float,YES,1,float DEFAULT 1,finance.ledger_entries,exchange_rate,"numeric(20,6)",Parse decimal text exactly; no binary-float arithmetic; round only at posted transaction boundary.,NOT NULL only if source is NOT NULL and profiling proves no invalid/null rows; otherwise staged nullable,"null-count, distinct-count, min/max/length and deterministic transformed-value hash for payments.exchange_rate",CONFIRMED source / PROPOSED target
payments,payment_method,varchar(255),YES,NULL,varchar(255) DEFAULT NULL,finance.ledger_entries,payment_method,text,Preserve exact value initially; normalize only through approved lookup mapping.,NOT NULL only if source is NOT NULL and profiling proves no invalid/null rows; otherwise staged nullable,"null-count, distinct-count, min/max/length and deterministic transformed-value hash for payments.payment_method",CONFIRMED source / PROPOSED target
payments,payment_receiver,varchar(255),YES,NULL,varchar(255) DEFAULT NULL,finance.ledger_entries,payment_receiver,text,Preserve exact value initially; normalize only through approved lookup mapping.,NOT NULL only if source is NOT NULL and profiling proves no invalid/null rows; otherwise staged nullable,"null-count, distinct-count, min/max/length and deterministic transformed-value hash for payments.payment_receiver",CONFIRMED source / PROPOSED target
payments,payment_received_location,varchar(255),YES,NULL,varchar(255) DEFAULT NULL,finance.ledger_entries,payment_received_location,text,Preserve exact value initially; normalize only through approved lookup mapping.,NOT NULL only if source is NOT NULL and profiling proves no invalid/null rows; otherwise staged nullable,"null-count, distinct-count, min/max/length and deterministic transformed-value hash for payments.payment_received_location",CONFIRMED source / PROPOSED target
payments,payment_time,time,YES,NULL,time DEFAULT NULL,finance.ledger_entries,payment_time,time,Time-of-day only; retain no inferred timezone.,NOT NULL only if source is NOT NULL and profiling proves no invalid/null rows; otherwise staged nullable,"null-count, distinct-count, min/max/length and deterministic transformed-value hash for payments.payment_time",CONFIRMED source / PROPOSED target
payments,description,text,YES,NULL,text DEFAULT NULL,finance.ledger_entries,description,text,Preserve bytes/text semantically; file-like JSON handled by document migration.,NOT NULL only if source is NOT NULL and profiling proves no invalid/null rows; otherwise staged nullable,"null-count, distinct-count, min/max/length and deterministic transformed-value hash for payments.description",CONFIRMED source / PROPOSED target
payments,request_id,int(11),YES,NULL,int(11) DEFAULT NULL,finance.ledger_entries,request_id,bigint,Cast signed/unsigned identifier; resolve through legacy_key_map when relational.,NOT NULL only if source is NOT NULL and profiling proves no invalid/null rows; otherwise staged nullable,"null-count, distinct-count, min/max/length and deterministic transformed-value hash for payments.request_id",CONFIRMED source / PROPOSED target
payments,dev_remarks,varchar(250),YES,NULL,varchar(250) DEFAULT NULL,finance.ledger_entries,dev_remarks,text,Preserve exact value initially; normalize only through approved lookup mapping.,NOT NULL only if source is NOT NULL and profiling proves no invalid/null rows; otherwise staged nullable,"null-count, distinct-count, min/max/length and deterministic transformed-value hash for payments.dev_remarks",CONFIRMED source / PROPOSED target
payments_backup_01072026,id,int(10) UNSIGNED,NO,0,int(10) UNSIGNED NOT NULL DEFAULT 0,archive.payments_backup_01072026,id,bigint,Cast signed/unsigned identifier; resolve through legacy_key_map when relational.,NOT NULL only if source is NOT NULL and profiling proves no invalid/null rows; otherwise staged nullable,"null-count, distinct-count, min/max/length and deterministic transformed-value hash for payments_backup_01072026.id",CONFIRMED source / PROPOSED target
payments_backup_01072026,title,varchar(250),YES,NULL,varchar(250) DEFAULT NULL,archive.payments_backup_01072026,title,text,Preserve exact value initially; normalize only through approved lookup mapping.,NOT NULL only if source is NOT NULL and profiling proves no invalid/null rows; otherwise staged nullable,"null-count, distinct-count, min/max/length and deterministic transformed-value hash for payments_backup_01072026.title",CONFIRMED source / PROPOSED target
payments_backup_01072026,type,char(50),YES,NULL,char(50) DEFAULT NULL,archive.payments_backup_01072026,type,text,Preserve exact value initially; normalize only through approved lookup mapping.,NOT NULL only if source is NOT NULL and profiling proves no invalid/null rows; otherwise staged nullable,"null-count, distinct-count, min/max/length and deterministic transformed-value hash for payments_backup_01072026.type",CONFIRMED source / PROPOSED target
payments_backup_01072026,agent_id,int(11),YES,0,int(11) DEFAULT 0,archive.payments_backup_01072026,agent_id,bigint,Cast signed/unsigned identifier; resolve through legacy_key_map when relational.,NOT NULL only if source is NOT NULL and profiling proves no invalid/null rows; otherwise staged nullable,"null-count, distinct-count, min/max/length and deterministic transformed-value hash for payments_backup_01072026.agent_id",CONFIRMED source / PROPOSED target
payments_backup_01072026,sub_agent_id,bigint(20),YES,0,bigint(20) DEFAULT 0,archive.payments_backup_01072026,sub_agent_id,bigint,Cast signed/unsigned identifier; resolve through legacy_key_map when relational.,NOT NULL only if source is NOT NULL and profiling proves no invalid/null rows; otherwise staged nullable,"null-count, distinct-count, min/max/length and deterministic transformed-value hash for payments_backup_01072026.sub_agent_id",CONFIRMED source / PROPOSED target
payments_backup_01072026,candidate_id,int(11),YES,0,int(11) DEFAULT 0,archive.payments_backup_01072026,candidate_id,bigint,Cast signed/unsigned identifier; resolve through legacy_key_map when relational.,NOT NULL only if source is NOT NULL and profiling proves no invalid/null rows; otherwise staged nullable,"null-count, distinct-count, min/max/length and deterministic transformed-value hash for payments_backup_01072026.candidate_id",CONFIRMED source / PROPOSED target
payments_backup_01072026,teacher_id,int(11),YES,0,int(11) DEFAULT 0,archive.payments_backup_01072026,teacher_id,bigint,Cast signed/unsigned identifier; resolve through legacy_key_map when relational.,NOT NULL only if source is NOT NULL and profiling proves no invalid/null rows; otherwise staged nullable,"null-count, distinct-count, min/max/length and deterministic transformed-value hash for payments_backup_01072026.teacher_id",CONFIRMED source / PROPOSED target
payments_backup_01072026,employee_id,int(11),YES,0,int(11) DEFAULT 0,archive.payments_backup_01072026,employee_id,bigint,Cast signed/unsigned identifier; resolve through legacy_key_map when relational.,NOT NULL only if source is NOT NULL and profiling proves no invalid/null rows; otherwise staged nullable,"null-count, distinct-count, min/max/length and deterministic transformed-value hash for payments_backup_01072026.employee_id",CONFIRMED source / PROPOSED target
payments_backup_01072026,employer_id,int(11),YES,0,int(11) DEFAULT 0,archive.payments_backup_01072026,employer_id,bigint,Cast signed/unsigned identifier; resolve through legacy_key_map when relational.,NOT NULL only if source is NOT NULL and profiling proves no invalid/null rows; otherwise staged nullable,"null-count, distinct-count, min/max/length and deterministic transformed-value hash for payments_backup_01072026.employer_id",CONFIRMED source / PROPOSED target
payments_backup_01072026,amount,"float(12,0)",YES,NULL,"float(12,0) DEFAULT NULL",archive.payments_backup_01072026,amount,"numeric(20,6)",Parse decimal text exactly; no binary-float arithmetic; round only at posted transaction boundary.,NOT NULL only if source is NOT NULL and profiling proves no invalid/null rows; otherwise staged nullable,"null-count, distinct-count, min/max/length and deterministic transformed-value hash for payments_backup_01072026.amount",CONFIRMED source / PROPOSED target
payments_backup_01072026,payment_date,date,YES,NULL,date DEFAULT NULL,archive.payments_backup_01072026,payment_date,date,ISO date cast; reject zero/invalid dates.,NOT NULL only if source is NOT NULL and profiling proves no invalid/null rows; otherwise staged nullable,"null-count, distinct-count, min/max/length and deterministic transformed-value hash for payments_backup_01072026.payment_date",CONFIRMED source / PROPOSED target
payments_backup_01072026,invoice_no,varchar(250),YES,NULL,varchar(250) DEFAULT NULL,archive.payments_backup_01072026,invoice_no,text,Preserve exact value initially; normalize only through approved lookup mapping.,NOT NULL only if source is NOT NULL and profiling proves no invalid/null rows; otherwise staged nullable,"null-count, distinct-count, min/max/length and deterministic transformed-value hash for payments_backup_01072026.invoice_no",CONFIRMED source / PROPOSED target
payments_backup_01072026,bank_name,varchar(250),YES,NULL,varchar(250) DEFAULT NULL,archive.payments_backup_01072026,bank_name,text,Preserve exact value initially; normalize only through approved lookup mapping.,NOT NULL only if source is NOT NULL and profiling proves no invalid/null rows; otherwise staged nullable,"null-count, distinct-count, min/max/length and deterministic transformed-value hash for payments_backup_01072026.bank_name",CONFIRMED source / PROPOSED target
payments_backup_01072026,acc_no,varchar(250),YES,NULL,varchar(250) DEFAULT NULL,archive.payments_backup_01072026,acc_no,text,Preserve exact value initially; normalize only through approved lookup mapping.,NOT NULL only if source is NOT NULL and profiling proves no invalid/null rows; otherwise staged nullable,"null-count, distinct-count, min/max/length and deterministic transformed-value hash for payments_backup_01072026.acc_no",CONFIRMED source / PROPOSED target
payments_backup_01072026,trx_no,varchar(250),YES,NULL,varchar(250) DEFAULT NULL,archive.payments_backup_01072026,trx_no,text,Preserve exact value initially; normalize only through approved lookup mapping.,NOT NULL only if source is NOT NULL and profiling proves no invalid/null rows; otherwise staged nullable,"null-count, distinct-count, min/max/length and deterministic transformed-value hash for payments_backup_01072026.trx_no",CONFIRMED source / PROPOSED target
payments_backup_01072026,created_by,int(11),YES,NULL,int(11) DEFAULT NULL,archive.payments_backup_01072026,created_by,integer,Exact integer cast; range-check unsigned values.,NOT NULL only if source is NOT NULL and profiling proves no invalid/null rows; otherwise staged nullable,"null-count, distinct-count, min/max/length and deterministic transformed-value hash for payments_backup_01072026.created_by",CONFIRMED source / PROPOSED target
payments_backup_01072026,updated_by,int(11),YES,NULL,int(11) DEFAULT NULL,archive.payments_backup_01072026,updated_by,integer,Exact integer cast; range-check unsigned values.,NOT NULL only if source is NOT NULL and profiling proves no invalid/null rows; otherwise staged nullable,"null-count, distinct-count, min/max/length and deterministic transformed-value hash for payments_backup_01072026.updated_by",CONFIRMED source / PROPOSED target
payments_backup_01072026,status,char(5),YES,NULL,char(5) DEFAULT NULL,archive.payments_backup_01072026,status,text,Preserve exact value initially; normalize only through approved lookup mapping.,NOT NULL only if source is NOT NULL and profiling proves no invalid/null rows; otherwise staged nullable,"null-count, distinct-count, min/max/length and deterministic transformed-value hash for payments_backup_01072026.status",CONFIRMED source / PROPOSED target
payments_backup_01072026,created_at,timestamp,YES,NULL,timestamp NULL DEFAULT NULL,archive.payments_backup_01072026,created_at,timestamptz,"Interpret using approved legacy application timezone, convert to UTC; UNVERIFIED until timezone approval.",NOT NULL only if source is NOT NULL and profiling proves no invalid/null rows; otherwise staged nullable,"null-count, distinct-count, min/max/length and deterministic transformed-value hash for payments_backup_01072026.created_at",CONFIRMED source / PROPOSED target
payments_backup_01072026,updated_at,timestamp,YES,NULL,timestamp NULL DEFAULT NULL,archive.payments_backup_01072026,updated_at,timestamptz,"Interpret using approved legacy application timezone, convert to UTC; UNVERIFIED until timezone approval.",NOT NULL only if source is NOT NULL and profiling proves no invalid/null rows; otherwise staged nullable,"null-count, distinct-count, min/max/length and deterministic transformed-value hash for payments_backup_01072026.updated_at",CONFIRMED source / PROPOSED target
payments_backup_01072026,user_id,int(11),YES,NULL,int(11) DEFAULT NULL,archive.payments_backup_01072026,user_id,bigint,Cast signed/unsigned identifier; resolve through legacy_key_map when relational.,NOT NULL only if source is NOT NULL and profiling proves no invalid/null rows; otherwise staged nullable,"null-count, distinct-count, min/max/length and deterministic transformed-value hash for payments_backup_01072026.user_id",CONFIRMED source / PROPOSED target
payments_backup_01072026,cheque_file_path,varchar(255),YES,NULL,varchar(255) DEFAULT NULL,archive.payments_backup_01072026,cheque_file_id,text,Preserve exact value initially; normalize only through approved lookup mapping.,NOT NULL only if source is NOT NULL and profiling proves no invalid/null rows; otherwise staged nullable,"null-count, distinct-count, min/max/length and deterministic transformed-value hash for payments_backup_01072026.cheque_file_path",CONFIRMED source / PROPOSED target
payments_backup_01072026,remarks,varchar(255),YES,NULL,varchar(255) DEFAULT NULL,archive.payments_backup_01072026,remarks,text,Preserve exact value initially; normalize only through approved lookup mapping.,NOT NULL only if source is NOT NULL and profiling proves no invalid/null rows; otherwise staged nullable,"null-count, distinct-count, min/max/length and deterministic transformed-value hash for payments_backup_01072026.remarks",CONFIRMED source / PROPOSED target
payments_backup_01072026,account_name,varchar(255),YES,NULL,varchar(255) DEFAULT NULL,archive.payments_backup_01072026,account_name,text,Preserve exact value initially; normalize only through approved lookup mapping.,NOT NULL only if source is NOT NULL and profiling proves no invalid/null rows; otherwise staged nullable,"null-count, distinct-count, min/max/length and deterministic transformed-value hash for payments_backup_01072026.account_name",CONFIRMED source / PROPOSED target
payments_backup_01072026,currency_id,int(11),YES,1,int(11) DEFAULT 1,archive.payments_backup_01072026,currency_id,bigint,Cast signed/unsigned identifier; resolve through legacy_key_map when relational.,NOT NULL only if source is NOT NULL and profiling proves no invalid/null rows; otherwise staged nullable,"null-count, distinct-count, min/max/length and deterministic transformed-value hash for payments_backup_01072026.currency_id",CONFIRMED source / PROPOSED target
payments_backup_01072026,exchange_rate,float,YES,1,float DEFAULT 1,archive.payments_backup_01072026,exchange_rate,"numeric(20,6)",Parse decimal text exactly; no binary-float arithmetic; round only at posted transaction boundary.,NOT NULL only if source is NOT NULL and profiling proves no invalid/null rows; otherwise staged nullable,"null-count, distinct-count, min/max/length and deterministic transformed-value hash for payments_backup_01072026.exchange_rate",CONFIRMED source / PROPOSED target
payments_backup_01072026,payment_method,varchar(255),YES,NULL,varchar(255) DEFAULT NULL,archive.payments_backup_01072026,payment_method,text,Preserve exact value initially; normalize only through approved lookup mapping.,NOT NULL only if source is NOT NULL and profiling proves no invalid/null rows; otherwise staged nullable,"null-count, distinct-count, min/max/length and deterministic transformed-value hash for payments_backup_01072026.payment_method",CONFIRMED source / PROPOSED target
payments_backup_01072026,payment_receiver,varchar(255),YES,NULL,varchar(255) DEFAULT NULL,archive.payments_backup_01072026,payment_receiver,text,Preserve exact value initially; normalize only through approved lookup mapping.,NOT NULL only if source is NOT NULL and profiling proves no invalid/null rows; otherwise staged nullable,"null-count, distinct-count, min/max/length and deterministic transformed-value hash for payments_backup_01072026.payment_receiver",CONFIRMED source / PROPOSED target
payments_backup_01072026,payment_received_location,varchar(255),YES,NULL,varchar(255) DEFAULT NULL,archive.payments_backup_01072026,payment_received_location,text,Preserve exact value initially; normalize only through approved lookup mapping.,NOT NULL only if source is NOT NULL and profiling proves no invalid/null rows; otherwise staged nullable,"null-count, distinct-count, min/max/length and deterministic transformed-value hash for payments_backup_01072026.payment_received_location",CONFIRMED source / PROPOSED target
payments_backup_01072026,payment_time,time,YES,NULL,time DEFAULT NULL,archive.payments_backup_01072026,payment_time,time,Time-of-day only; retain no inferred timezone.,NOT NULL only if source is NOT NULL and profiling proves no invalid/null rows; otherwise staged nullable,"null-count, distinct-count, min/max/length and deterministic transformed-value hash for payments_backup_01072026.payment_time",CONFIRMED source / PROPOSED target
payments_backup_01072026,description,text,YES,NULL,text DEFAULT NULL,archive.payments_backup_01072026,description,text,Preserve bytes/text semantically; file-like JSON handled by document migration.,NOT NULL only if source is NOT NULL and profiling proves no invalid/null rows; otherwise staged nullable,"null-count, distinct-count, min/max/length and deterministic transformed-value hash for payments_backup_01072026.description",CONFIRMED source / PROPOSED target
payments_backup_01072026,request_id,int(11),YES,NULL,int(11) DEFAULT NULL,archive.payments_backup_01072026,request_id,bigint,Cast signed/unsigned identifier; resolve through legacy_key_map when relational.,NOT NULL only if source is NOT NULL and profiling proves no invalid/null rows; otherwise staged nullable,"null-count, distinct-count, min/max/length and deterministic transformed-value hash for payments_backup_01072026.request_id",CONFIRMED source / PROPOSED target
payments_backup_18062026,id,int(10) UNSIGNED,NO,NO DEFAULT,int(10) UNSIGNED NOT NULL,archive.payments_backup_18062026,id,bigint,Cast signed/unsigned identifier; resolve through legacy_key_map when relational.,NOT NULL only if source is NOT NULL and profiling proves no invalid/null rows; otherwise staged nullable,"null-count, distinct-count, min/max/length and deterministic transformed-value hash for payments_backup_18062026.id",CONFIRMED source / PROPOSED target
payments_backup_18062026,title,varchar(250),YES,NULL,varchar(250) DEFAULT NULL,archive.payments_backup_18062026,title,text,Preserve exact value initially; normalize only through approved lookup mapping.,NOT NULL only if source is NOT NULL and profiling proves no invalid/null rows; otherwise staged nullable,"null-count, distinct-count, min/max/length and deterministic transformed-value hash for payments_backup_18062026.title",CONFIRMED source / PROPOSED target
payments_backup_18062026,type,char(50),YES,NULL,char(50) DEFAULT NULL,archive.payments_backup_18062026,type,text,Preserve exact value initially; normalize only through approved lookup mapping.,NOT NULL only if source is NOT NULL and profiling proves no invalid/null rows; otherwise staged nullable,"null-count, distinct-count, min/max/length and deterministic transformed-value hash for payments_backup_18062026.type",CONFIRMED source / PROPOSED target
payments_backup_18062026,agent_id,int(11),YES,0,int(11) DEFAULT 0,archive.payments_backup_18062026,agent_id,bigint,Cast signed/unsigned identifier; resolve through legacy_key_map when relational.,NOT NULL only if source is NOT NULL and profiling proves no invalid/null rows; otherwise staged nullable,"null-count, distinct-count, min/max/length and deterministic transformed-value hash for payments_backup_18062026.agent_id",CONFIRMED source / PROPOSED target
payments_backup_18062026,sub_agent_id,bigint(20),YES,0,bigint(20) DEFAULT 0,archive.payments_backup_18062026,sub_agent_id,bigint,Cast signed/unsigned identifier; resolve through legacy_key_map when relational.,NOT NULL only if source is NOT NULL and profiling proves no invalid/null rows; otherwise staged nullable,"null-count, distinct-count, min/max/length and deterministic transformed-value hash for payments_backup_18062026.sub_agent_id",CONFIRMED source / PROPOSED target
payments_backup_18062026,candidate_id,int(11),YES,0,int(11) DEFAULT 0,archive.payments_backup_18062026,candidate_id,bigint,Cast signed/unsigned identifier; resolve through legacy_key_map when relational.,NOT NULL only if source is NOT NULL and profiling proves no invalid/null rows; otherwise staged nullable,"null-count, distinct-count, min/max/length and deterministic transformed-value hash for payments_backup_18062026.candidate_id",CONFIRMED source / PROPOSED target
payments_backup_18062026,teacher_id,int(11),YES,0,int(11) DEFAULT 0,archive.payments_backup_18062026,teacher_id,bigint,Cast signed/unsigned identifier; resolve through legacy_key_map when relational.,NOT NULL only if source is NOT NULL and profiling proves no invalid/null rows; otherwise staged nullable,"null-count, distinct-count, min/max/length and deterministic transformed-value hash for payments_backup_18062026.teacher_id",CONFIRMED source / PROPOSED target
payments_backup_18062026,employee_id,int(11),YES,0,int(11) DEFAULT 0,archive.payments_backup_18062026,employee_id,bigint,Cast signed/unsigned identifier; resolve through legacy_key_map when relational.,NOT NULL only if source is NOT NULL and profiling proves no invalid/null rows; otherwise staged nullable,"null-count, distinct-count, min/max/length and deterministic transformed-value hash for payments_backup_18062026.employee_id",CONFIRMED source / PROPOSED target
payments_backup_18062026,employer_id,int(11),YES,0,int(11) DEFAULT 0,archive.payments_backup_18062026,employer_id,bigint,Cast signed/unsigned identifier; resolve through legacy_key_map when relational.,NOT NULL only if source is NOT NULL and profiling proves no invalid/null rows; otherwise staged nullable,"null-count, distinct-count, min/max/length and deterministic transformed-value hash for payments_backup_18062026.employer_id",CONFIRMED source / PROPOSED target
payments_backup_18062026,amount,"float(12,0)",YES,NULL,"float(12,0) DEFAULT NULL",archive.payments_backup_18062026,amount,"numeric(20,6)",Parse decimal text exactly; no binary-float arithmetic; round only at posted transaction boundary.,NOT NULL only if source is NOT NULL and profiling proves no invalid/null rows; otherwise staged nullable,"null-count, distinct-count, min/max/length and deterministic transformed-value hash for payments_backup_18062026.amount",CONFIRMED source / PROPOSED target
payments_backup_18062026,payment_date,date,YES,NULL,date DEFAULT NULL,archive.payments_backup_18062026,payment_date,date,ISO date cast; reject zero/invalid dates.,NOT NULL only if source is NOT NULL and profiling proves no invalid/null rows; otherwise staged nullable,"null-count, distinct-count, min/max/length and deterministic transformed-value hash for payments_backup_18062026.payment_date",CONFIRMED source / PROPOSED target
payments_backup_18062026,invoice_no,varchar(250),YES,NULL,varchar(250) DEFAULT NULL,archive.payments_backup_18062026,invoice_no,text,Preserve exact value initially; normalize only through approved lookup mapping.,NOT NULL only if source is NOT NULL and profiling proves no invalid/null rows; otherwise staged nullable,"null-count, distinct-count, min/max/length and deterministic transformed-value hash for payments_backup_18062026.invoice_no",CONFIRMED source / PROPOSED target
payments_backup_18062026,bank_name,varchar(250),YES,NULL,varchar(250) DEFAULT NULL,archive.payments_backup_18062026,bank_name,text,Preserve exact value initially; normalize only through approved lookup mapping.,NOT NULL only if source is NOT NULL and profiling proves no invalid/null rows; otherwise staged nullable,"null-count, distinct-count, min/max/length and deterministic transformed-value hash for payments_backup_18062026.bank_name",CONFIRMED source / PROPOSED target
payments_backup_18062026,acc_no,varchar(250),YES,NULL,varchar(250) DEFAULT NULL,archive.payments_backup_18062026,acc_no,text,Preserve exact value initially; normalize only through approved lookup mapping.,NOT NULL only if source is NOT NULL and profiling proves no invalid/null rows; otherwise staged nullable,"null-count, distinct-count, min/max/length and deterministic transformed-value hash for payments_backup_18062026.acc_no",CONFIRMED source / PROPOSED target
payments_backup_18062026,trx_no,varchar(250),YES,NULL,varchar(250) DEFAULT NULL,archive.payments_backup_18062026,trx_no,text,Preserve exact value initially; normalize only through approved lookup mapping.,NOT NULL only if source is NOT NULL and profiling proves no invalid/null rows; otherwise staged nullable,"null-count, distinct-count, min/max/length and deterministic transformed-value hash for payments_backup_18062026.trx_no",CONFIRMED source / PROPOSED target
payments_backup_18062026,created_by,int(11),YES,NULL,int(11) DEFAULT NULL,archive.payments_backup_18062026,created_by,integer,Exact integer cast; range-check unsigned values.,NOT NULL only if source is NOT NULL and profiling proves no invalid/null rows; otherwise staged nullable,"null-count, distinct-count, min/max/length and deterministic transformed-value hash for payments_backup_18062026.created_by",CONFIRMED source / PROPOSED target
payments_backup_18062026,updated_by,int(11),YES,NULL,int(11) DEFAULT NULL,archive.payments_backup_18062026,updated_by,integer,Exact integer cast; range-check unsigned values.,NOT NULL only if source is NOT NULL and profiling proves no invalid/null rows; otherwise staged nullable,"null-count, distinct-count, min/max/length and deterministic transformed-value hash for payments_backup_18062026.updated_by",CONFIRMED source / PROPOSED target
payments_backup_18062026,status,char(5),YES,NULL,char(5) DEFAULT NULL,archive.payments_backup_18062026,status,text,Preserve exact value initially; normalize only through approved lookup mapping.,NOT NULL only if source is NOT NULL and profiling proves no invalid/null rows; otherwise staged nullable,"null-count, distinct-count, min/max/length and deterministic transformed-value hash for payments_backup_18062026.status",CONFIRMED source / PROPOSED target
payments_backup_18062026,created_at,timestamp,YES,NULL,timestamp NULL DEFAULT NULL,archive.payments_backup_18062026,created_at,timestamptz,"Interpret using approved legacy application timezone, convert to UTC; UNVERIFIED until timezone approval.",NOT NULL only if source is NOT NULL and profiling proves no invalid/null rows; otherwise staged nullable,"null-count, distinct-count, min/max/length and deterministic transformed-value hash for payments_backup_18062026.created_at",CONFIRMED source / PROPOSED target
payments_backup_18062026,updated_at,timestamp,YES,NULL,timestamp NULL DEFAULT NULL,archive.payments_backup_18062026,updated_at,timestamptz,"Interpret using approved legacy application timezone, convert to UTC; UNVERIFIED until timezone approval.",NOT NULL only if source is NOT NULL and profiling proves no invalid/null rows; otherwise staged nullable,"null-count, distinct-count, min/max/length and deterministic transformed-value hash for payments_backup_18062026.updated_at",CONFIRMED source / PROPOSED target
payments_backup_18062026,user_id,int(11),YES,NULL,int(11) DEFAULT NULL,archive.payments_backup_18062026,user_id,bigint,Cast signed/unsigned identifier; resolve through legacy_key_map when relational.,NOT NULL only if source is NOT NULL and profiling proves no invalid/null rows; otherwise staged nullable,"null-count, distinct-count, min/max/length and deterministic transformed-value hash for payments_backup_18062026.user_id",CONFIRMED source / PROPOSED target
payments_backup_18062026,cheque_file_path,varchar(255),YES,NULL,varchar(255) DEFAULT NULL,archive.payments_backup_18062026,cheque_file_id,text,Preserve exact value initially; normalize only through approved lookup mapping.,NOT NULL only if source is NOT NULL and profiling proves no invalid/null rows; otherwise staged nullable,"null-count, distinct-count, min/max/length and deterministic transformed-value hash for payments_backup_18062026.cheque_file_path",CONFIRMED source / PROPOSED target
payments_backup_18062026,remarks,varchar(255),YES,NULL,varchar(255) DEFAULT NULL,archive.payments_backup_18062026,remarks,text,Preserve exact value initially; normalize only through approved lookup mapping.,NOT NULL only if source is NOT NULL and profiling proves no invalid/null rows; otherwise staged nullable,"null-count, distinct-count, min/max/length and deterministic transformed-value hash for payments_backup_18062026.remarks",CONFIRMED source / PROPOSED target
payments_backup_18062026,account_name,varchar(255),YES,NULL,varchar(255) DEFAULT NULL,archive.payments_backup_18062026,account_name,text,Preserve exact value initially; normalize only through approved lookup mapping.,NOT NULL only if source is NOT NULL and profiling proves no invalid/null rows; otherwise staged nullable,"null-count, distinct-count, min/max/length and deterministic transformed-value hash for payments_backup_18062026.account_name",CONFIRMED source / PROPOSED target
payments_backup_18062026,currency_id,int(11),YES,1,int(11) DEFAULT 1,archive.payments_backup_18062026,currency_id,bigint,Cast signed/unsigned identifier; resolve through legacy_key_map when relational.,NOT NULL only if source is NOT NULL and profiling proves no invalid/null rows; otherwise staged nullable,"null-count, distinct-count, min/max/length and deterministic transformed-value hash for payments_backup_18062026.currency_id",CONFIRMED source / PROPOSED target
payments_backup_18062026,exchange_rate,float,YES,1,float DEFAULT 1,archive.payments_backup_18062026,exchange_rate,"numeric(20,6)",Parse decimal text exactly; no binary-float arithmetic; round only at posted transaction boundary.,NOT NULL only if source is NOT NULL and profiling proves no invalid/null rows; otherwise staged nullable,"null-count, distinct-count, min/max/length and deterministic transformed-value hash for payments_backup_18062026.exchange_rate",CONFIRMED source / PROPOSED target
payments_backup_18062026,payment_method,varchar(255),YES,NULL,varchar(255) DEFAULT NULL,archive.payments_backup_18062026,payment_method,text,Preserve exact value initially; normalize only through approved lookup mapping.,NOT NULL only if source is NOT NULL and profiling proves no invalid/null rows; otherwise staged nullable,"null-count, distinct-count, min/max/length and deterministic transformed-value hash for payments_backup_18062026.payment_method",CONFIRMED source / PROPOSED target
payments_backup_18062026,payment_receiver,varchar(255),YES,NULL,varchar(255) DEFAULT NULL,archive.payments_backup_18062026,payment_receiver,text,Preserve exact value initially; normalize only through approved lookup mapping.,NOT NULL only if source is NOT NULL and profiling proves no invalid/null rows; otherwise staged nullable,"null-count, distinct-count, min/max/length and deterministic transformed-value hash for payments_backup_18062026.payment_receiver",CONFIRMED source / PROPOSED target
payments_backup_18062026,payment_received_location,varchar(255),YES,NULL,varchar(255) DEFAULT NULL,archive.payments_backup_18062026,payment_received_location,text,Preserve exact value initially; normalize only through approved lookup mapping.,NOT NULL only if source is NOT NULL and profiling proves no invalid/null rows; otherwise staged nullable,"null-count, distinct-count, min/max/length and deterministic transformed-value hash for payments_backup_18062026.payment_received_location",CONFIRMED source / PROPOSED target
payments_backup_18062026,payment_time,time,YES,NULL,time DEFAULT NULL,archive.payments_backup_18062026,payment_time,time,Time-of-day only; retain no inferred timezone.,NOT NULL only if source is NOT NULL and profiling proves no invalid/null rows; otherwise staged nullable,"null-count, distinct-count, min/max/length and deterministic transformed-value hash for payments_backup_18062026.payment_time",CONFIRMED source / PROPOSED target
payments_backup_18062026,description,text,YES,NULL,text DEFAULT NULL,archive.payments_backup_18062026,description,text,Preserve bytes/text semantically; file-like JSON handled by document migration.,NOT NULL only if source is NOT NULL and profiling proves no invalid/null rows; otherwise staged nullable,"null-count, distinct-count, min/max/length and deterministic transformed-value hash for payments_backup_18062026.description",CONFIRMED source / PROPOSED target
payments_backup_18062026,request_id,int(11),YES,NULL,int(11) DEFAULT NULL,archive.payments_backup_18062026,request_id,bigint,Cast signed/unsigned identifier; resolve through legacy_key_map when relational.,NOT NULL only if source is NOT NULL and profiling proves no invalid/null rows; otherwise staged nullable,"null-count, distinct-count, min/max/length and deterministic transformed-value hash for payments_backup_18062026.request_id",CONFIRMED source / PROPOSED target
payments_backup_20260625_0214pm,id,int(10) UNSIGNED,NO,0,int(10) UNSIGNED NOT NULL DEFAULT 0,archive.payments_backup_20260625_0214pm,id,bigint,Cast signed/unsigned identifier; resolve through legacy_key_map when relational.,NOT NULL only if source is NOT NULL and profiling proves no invalid/null rows; otherwise staged nullable,"null-count, distinct-count, min/max/length and deterministic transformed-value hash for payments_backup_20260625_0214pm.id",CONFIRMED source / PROPOSED target
payments_backup_20260625_0214pm,title,varchar(250),YES,NULL,varchar(250) DEFAULT NULL,archive.payments_backup_20260625_0214pm,title,text,Preserve exact value initially; normalize only through approved lookup mapping.,NOT NULL only if source is NOT NULL and profiling proves no invalid/null rows; otherwise staged nullable,"null-count, distinct-count, min/max/length and deterministic transformed-value hash for payments_backup_20260625_0214pm.title",CONFIRMED source / PROPOSED target
payments_backup_20260625_0214pm,type,char(50),YES,NULL,char(50) DEFAULT NULL,archive.payments_backup_20260625_0214pm,type,text,Preserve exact value initially; normalize only through approved lookup mapping.,NOT NULL only if source is NOT NULL and profiling proves no invalid/null rows; otherwise staged nullable,"null-count, distinct-count, min/max/length and deterministic transformed-value hash for payments_backup_20260625_0214pm.type",CONFIRMED source / PROPOSED target
payments_backup_20260625_0214pm,agent_id,int(11),YES,0,int(11) DEFAULT 0,archive.payments_backup_20260625_0214pm,agent_id,bigint,Cast signed/unsigned identifier; resolve through legacy_key_map when relational.,NOT NULL only if source is NOT NULL and profiling proves no invalid/null rows; otherwise staged nullable,"null-count, distinct-count, min/max/length and deterministic transformed-value hash for payments_backup_20260625_0214pm.agent_id",CONFIRMED source / PROPOSED target
payments_backup_20260625_0214pm,sub_agent_id,bigint(20),YES,0,bigint(20) DEFAULT 0,archive.payments_backup_20260625_0214pm,sub_agent_id,bigint,Cast signed/unsigned identifier; resolve through legacy_key_map when relational.,NOT NULL only if source is NOT NULL and profiling proves no invalid/null rows; otherwise staged nullable,"null-count, distinct-count, min/max/length and deterministic transformed-value hash for payments_backup_20260625_0214pm.sub_agent_id",CONFIRMED source / PROPOSED target
payments_backup_20260625_0214pm,candidate_id,int(11),YES,0,int(11) DEFAULT 0,archive.payments_backup_20260625_0214pm,candidate_id,bigint,Cast signed/unsigned identifier; resolve through legacy_key_map when relational.,NOT NULL only if source is NOT NULL and profiling proves no invalid/null rows; otherwise staged nullable,"null-count, distinct-count, min/max/length and deterministic transformed-value hash for payments_backup_20260625_0214pm.candidate_id",CONFIRMED source / PROPOSED target
payments_backup_20260625_0214pm,teacher_id,int(11),YES,0,int(11) DEFAULT 0,archive.payments_backup_20260625_0214pm,teacher_id,bigint,Cast signed/unsigned identifier; resolve through legacy_key_map when relational.,NOT NULL only if source is NOT NULL and profiling proves no invalid/null rows; otherwise staged nullable,"null-count, distinct-count, min/max/length and deterministic transformed-value hash for payments_backup_20260625_0214pm.teacher_id",CONFIRMED source / PROPOSED target
payments_backup_20260625_0214pm,employee_id,int(11),YES,0,int(11) DEFAULT 0,archive.payments_backup_20260625_0214pm,employee_id,bigint,Cast signed/unsigned identifier; resolve through legacy_key_map when relational.,NOT NULL only if source is NOT NULL and profiling proves no invalid/null rows; otherwise staged nullable,"null-count, distinct-count, min/max/length and deterministic transformed-value hash for payments_backup_20260625_0214pm.employee_id",CONFIRMED source / PROPOSED target
payments_backup_20260625_0214pm,employer_id,int(11),YES,0,int(11) DEFAULT 0,archive.payments_backup_20260625_0214pm,employer_id,bigint,Cast signed/unsigned identifier; resolve through legacy_key_map when relational.,NOT NULL only if source is NOT NULL and profiling proves no invalid/null rows; otherwise staged nullable,"null-count, distinct-count, min/max/length and deterministic transformed-value hash for payments_backup_20260625_0214pm.employer_id",CONFIRMED source / PROPOSED target
payments_backup_20260625_0214pm,amount,"float(12,0)",YES,NULL,"float(12,0) DEFAULT NULL",archive.payments_backup_20260625_0214pm,amount,"numeric(20,6)",Parse decimal text exactly; no binary-float arithmetic; round only at posted transaction boundary.,NOT NULL only if source is NOT NULL and profiling proves no invalid/null rows; otherwise staged nullable,"null-count, distinct-count, min/max/length and deterministic transformed-value hash for payments_backup_20260625_0214pm.amount",CONFIRMED source / PROPOSED target
payments_backup_20260625_0214pm,payment_date,date,YES,NULL,date DEFAULT NULL,archive.payments_backup_20260625_0214pm,payment_date,date,ISO date cast; reject zero/invalid dates.,NOT NULL only if source is NOT NULL and profiling proves no invalid/null rows; otherwise staged nullable,"null-count, distinct-count, min/max/length and deterministic transformed-value hash for payments_backup_20260625_0214pm.payment_date",CONFIRMED source / PROPOSED target
payments_backup_20260625_0214pm,invoice_no,varchar(250),YES,NULL,varchar(250) DEFAULT NULL,archive.payments_backup_20260625_0214pm,invoice_no,text,Preserve exact value initially; normalize only through approved lookup mapping.,NOT NULL only if source is NOT NULL and profiling proves no invalid/null rows; otherwise staged nullable,"null-count, distinct-count, min/max/length and deterministic transformed-value hash for payments_backup_20260625_0214pm.invoice_no",CONFIRMED source / PROPOSED target
payments_backup_20260625_0214pm,bank_name,varchar(250),YES,NULL,varchar(250) DEFAULT NULL,archive.payments_backup_20260625_0214pm,bank_name,text,Preserve exact value initially; normalize only through approved lookup mapping.,NOT NULL only if source is NOT NULL and profiling proves no invalid/null rows; otherwise staged nullable,"null-count, distinct-count, min/max/length and deterministic transformed-value hash for payments_backup_20260625_0214pm.bank_name",CONFIRMED source / PROPOSED target
payments_backup_20260625_0214pm,acc_no,varchar(250),YES,NULL,varchar(250) DEFAULT NULL,archive.payments_backup_20260625_0214pm,acc_no,text,Preserve exact value initially; normalize only through approved lookup mapping.,NOT NULL only if source is NOT NULL and profiling proves no invalid/null rows; otherwise staged nullable,"null-count, distinct-count, min/max/length and deterministic transformed-value hash for payments_backup_20260625_0214pm.acc_no",CONFIRMED source / PROPOSED target
payments_backup_20260625_0214pm,trx_no,varchar(250),YES,NULL,varchar(250) DEFAULT NULL,archive.payments_backup_20260625_0214pm,trx_no,text,Preserve exact value initially; normalize only through approved lookup mapping.,NOT NULL only if source is NOT NULL and profiling proves no invalid/null rows; otherwise staged nullable,"null-count, distinct-count, min/max/length and deterministic transformed-value hash for payments_backup_20260625_0214pm.trx_no",CONFIRMED source / PROPOSED target
payments_backup_20260625_0214pm,created_by,int(11),YES,NULL,int(11) DEFAULT NULL,archive.payments_backup_20260625_0214pm,created_by,integer,Exact integer cast; range-check unsigned values.,NOT NULL only if source is NOT NULL and profiling proves no invalid/null rows; otherwise staged nullable,"null-count, distinct-count, min/max/length and deterministic transformed-value hash for payments_backup_20260625_0214pm.created_by",CONFIRMED source / PROPOSED target
payments_backup_20260625_0214pm,updated_by,int(11),YES,NULL,int(11) DEFAULT NULL,archive.payments_backup_20260625_0214pm,updated_by,integer,Exact integer cast; range-check unsigned values.,NOT NULL only if source is NOT NULL and profiling proves no invalid/null rows; otherwise staged nullable,"null-count, distinct-count, min/max/length and deterministic transformed-value hash for payments_backup_20260625_0214pm.updated_by",CONFIRMED source / PROPOSED target
payments_backup_20260625_0214pm,status,char(5),YES,NULL,char(5) DEFAULT NULL,archive.payments_backup_20260625_0214pm,status,text,Preserve exact value initially; normalize only through approved lookup mapping.,NOT NULL only if source is NOT NULL and profiling proves no invalid/null rows; otherwise staged nullable,"null-count, distinct-count, min/max/length and deterministic transformed-value hash for payments_backup_20260625_0214pm.status",CONFIRMED source / PROPOSED target
payments_backup_20260625_0214pm,created_at,timestamp,YES,NULL,timestamp NULL DEFAULT NULL,archive.payments_backup_20260625_0214pm,created_at,timestamptz,"Interpret using approved legacy application timezone, convert to UTC; UNVERIFIED until timezone approval.",NOT NULL only if source is NOT NULL and profiling proves no invalid/null rows; otherwise staged nullable,"null-count, distinct-count, min/max/length and deterministic transformed-value hash for payments_backup_20260625_0214pm.created_at",CONFIRMED source / PROPOSED target
payments_backup_20260625_0214pm,updated_at,timestamp,YES,NULL,timestamp NULL DEFAULT NULL,archive.payments_backup_20260625_0214pm,updated_at,timestamptz,"Interpret using approved legacy application timezone, convert to UTC; UNVERIFIED until timezone approval.",NOT NULL only if source is NOT NULL and profiling proves no invalid/null rows; otherwise staged nullable,"null-count, distinct-count, min/max/length and deterministic transformed-value hash for payments_backup_20260625_0214pm.updated_at",CONFIRMED source / PROPOSED target
payments_backup_20260625_0214pm,user_id,int(11),YES,NULL,int(11) DEFAULT NULL,archive.payments_backup_20260625_0214pm,user_id,bigint,Cast signed/unsigned identifier; resolve through legacy_key_map when relational.,NOT NULL only if source is NOT NULL and profiling proves no invalid/null rows; otherwise staged nullable,"null-count, distinct-count, min/max/length and deterministic transformed-value hash for payments_backup_20260625_0214pm.user_id",CONFIRMED source / PROPOSED target
payments_backup_20260625_0214pm,cheque_file_path,varchar(255),YES,NULL,varchar(255) DEFAULT NULL,archive.payments_backup_20260625_0214pm,cheque_file_id,text,Preserve exact value initially; normalize only through approved lookup mapping.,NOT NULL only if source is NOT NULL and profiling proves no invalid/null rows; otherwise staged nullable,"null-count, distinct-count, min/max/length and deterministic transformed-value hash for payments_backup_20260625_0214pm.cheque_file_path",CONFIRMED source / PROPOSED target
payments_backup_20260625_0214pm,remarks,varchar(255),YES,NULL,varchar(255) DEFAULT NULL,archive.payments_backup_20260625_0214pm,remarks,text,Preserve exact value initially; normalize only through approved lookup mapping.,NOT NULL only if source is NOT NULL and profiling proves no invalid/null rows; otherwise staged nullable,"null-count, distinct-count, min/max/length and deterministic transformed-value hash for payments_backup_20260625_0214pm.remarks",CONFIRMED source / PROPOSED target
payments_backup_20260625_0214pm,account_name,varchar(255),YES,NULL,varchar(255) DEFAULT NULL,archive.payments_backup_20260625_0214pm,account_name,text,Preserve exact value initially; normalize only through approved lookup mapping.,NOT NULL only if source is NOT NULL and profiling proves no invalid/null rows; otherwise staged nullable,"null-count, distinct-count, min/max/length and deterministic transformed-value hash for payments_backup_20260625_0214pm.account_name",CONFIRMED source / PROPOSED target
payments_backup_20260625_0214pm,currency_id,int(11),YES,1,int(11) DEFAULT 1,archive.payments_backup_20260625_0214pm,currency_id,bigint,Cast signed/unsigned identifier; resolve through legacy_key_map when relational.,NOT NULL only if source is NOT NULL and profiling proves no invalid/null rows; otherwise staged nullable,"null-count, distinct-count, min/max/length and deterministic transformed-value hash for payments_backup_20260625_0214pm.currency_id",CONFIRMED source / PROPOSED target
payments_backup_20260625_0214pm,exchange_rate,float,YES,1,float DEFAULT 1,archive.payments_backup_20260625_0214pm,exchange_rate,"numeric(20,6)",Parse decimal text exactly; no binary-float arithmetic; round only at posted transaction boundary.,NOT NULL only if source is NOT NULL and profiling proves no invalid/null rows; otherwise staged nullable,"null-count, distinct-count, min/max/length and deterministic transformed-value hash for payments_backup_20260625_0214pm.exchange_rate",CONFIRMED source / PROPOSED target
payments_backup_20260625_0214pm,payment_method,varchar(255),YES,NULL,varchar(255) DEFAULT NULL,archive.payments_backup_20260625_0214pm,payment_method,text,Preserve exact value initially; normalize only through approved lookup mapping.,NOT NULL only if source is NOT NULL and profiling proves no invalid/null rows; otherwise staged nullable,"null-count, distinct-count, min/max/length and deterministic transformed-value hash for payments_backup_20260625_0214pm.payment_method",CONFIRMED source / PROPOSED target
payments_backup_20260625_0214pm,payment_receiver,varchar(255),YES,NULL,varchar(255) DEFAULT NULL,archive.payments_backup_20260625_0214pm,payment_receiver,text,Preserve exact value initially; normalize only through approved lookup mapping.,NOT NULL only if source is NOT NULL and profiling proves no invalid/null rows; otherwise staged nullable,"null-count, distinct-count, min/max/length and deterministic transformed-value hash for payments_backup_20260625_0214pm.payment_receiver",CONFIRMED source / PROPOSED target
payments_backup_20260625_0214pm,payment_received_location,varchar(255),YES,NULL,varchar(255) DEFAULT NULL,archive.payments_backup_20260625_0214pm,payment_received_location,text,Preserve exact value initially; normalize only through approved lookup mapping.,NOT NULL only if source is NOT NULL and profiling proves no invalid/null rows; otherwise staged nullable,"null-count, distinct-count, min/max/length and deterministic transformed-value hash for payments_backup_20260625_0214pm.payment_received_location",CONFIRMED source / PROPOSED target
payments_backup_20260625_0214pm,payment_time,time,YES,NULL,time DEFAULT NULL,archive.payments_backup_20260625_0214pm,payment_time,time,Time-of-day only; retain no inferred timezone.,NOT NULL only if source is NOT NULL and profiling proves no invalid/null rows; otherwise staged nullable,"null-count, distinct-count, min/max/length and deterministic transformed-value hash for payments_backup_20260625_0214pm.payment_time",CONFIRMED source / PROPOSED target
payments_backup_20260625_0214pm,description,text,YES,NULL,text DEFAULT NULL,archive.payments_backup_20260625_0214pm,description,text,Preserve bytes/text semantically; file-like JSON handled by document migration.,NOT NULL only if source is NOT NULL and profiling proves no invalid/null rows; otherwise staged nullable,"null-count, distinct-count, min/max/length and deterministic transformed-value hash for payments_backup_20260625_0214pm.description",CONFIRMED source / PROPOSED target
payments_backup_210620261147am,id,int(10) UNSIGNED,NO,0,int(10) UNSIGNED NOT NULL DEFAULT 0,archive.payments_backup_210620261147am,id,bigint,Cast signed/unsigned identifier; resolve through legacy_key_map when relational.,NOT NULL only if source is NOT NULL and profiling proves no invalid/null rows; otherwise staged nullable,"null-count, distinct-count, min/max/length and deterministic transformed-value hash for payments_backup_210620261147am.id",CONFIRMED source / PROPOSED target
payments_backup_210620261147am,title,varchar(250),YES,NULL,varchar(250) DEFAULT NULL,archive.payments_backup_210620261147am,title,text,Preserve exact value initially; normalize only through approved lookup mapping.,NOT NULL only if source is NOT NULL and profiling proves no invalid/null rows; otherwise staged nullable,"null-count, distinct-count, min/max/length and deterministic transformed-value hash for payments_backup_210620261147am.title",CONFIRMED source / PROPOSED target
payments_backup_210620261147am,type,char(50),YES,NULL,char(50) DEFAULT NULL,archive.payments_backup_210620261147am,type,text,Preserve exact value initially; normalize only through approved lookup mapping.,NOT NULL only if source is NOT NULL and profiling proves no invalid/null rows; otherwise staged nullable,"null-count, distinct-count, min/max/length and deterministic transformed-value hash for payments_backup_210620261147am.type",CONFIRMED source / PROPOSED target
payments_backup_210620261147am,agent_id,int(11),YES,0,int(11) DEFAULT 0,archive.payments_backup_210620261147am,agent_id,bigint,Cast signed/unsigned identifier; resolve through legacy_key_map when relational.,NOT NULL only if source is NOT NULL and profiling proves no invalid/null rows; otherwise staged nullable,"null-count, distinct-count, min/max/length and deterministic transformed-value hash for payments_backup_210620261147am.agent_id",CONFIRMED source / PROPOSED target
payments_backup_210620261147am,sub_agent_id,bigint(20),YES,0,bigint(20) DEFAULT 0,archive.payments_backup_210620261147am,sub_agent_id,bigint,Cast signed/unsigned identifier; resolve through legacy_key_map when relational.,NOT NULL only if source is NOT NULL and profiling proves no invalid/null rows; otherwise staged nullable,"null-count, distinct-count, min/max/length and deterministic transformed-value hash for payments_backup_210620261147am.sub_agent_id",CONFIRMED source / PROPOSED target
payments_backup_210620261147am,candidate_id,int(11),YES,0,int(11) DEFAULT 0,archive.payments_backup_210620261147am,candidate_id,bigint,Cast signed/unsigned identifier; resolve through legacy_key_map when relational.,NOT NULL only if source is NOT NULL and profiling proves no invalid/null rows; otherwise staged nullable,"null-count, distinct-count, min/max/length and deterministic transformed-value hash for payments_backup_210620261147am.candidate_id",CONFIRMED source / PROPOSED target
payments_backup_210620261147am,teacher_id,int(11),YES,0,int(11) DEFAULT 0,archive.payments_backup_210620261147am,teacher_id,bigint,Cast signed/unsigned identifier; resolve through legacy_key_map when relational.,NOT NULL only if source is NOT NULL and profiling proves no invalid/null rows; otherwise staged nullable,"null-count, distinct-count, min/max/length and deterministic transformed-value hash for payments_backup_210620261147am.teacher_id",CONFIRMED source / PROPOSED target
payments_backup_210620261147am,employee_id,int(11),YES,0,int(11) DEFAULT 0,archive.payments_backup_210620261147am,employee_id,bigint,Cast signed/unsigned identifier; resolve through legacy_key_map when relational.,NOT NULL only if source is NOT NULL and profiling proves no invalid/null rows; otherwise staged nullable,"null-count, distinct-count, min/max/length and deterministic transformed-value hash for payments_backup_210620261147am.employee_id",CONFIRMED source / PROPOSED target
payments_backup_210620261147am,employer_id,int(11),YES,0,int(11) DEFAULT 0,archive.payments_backup_210620261147am,employer_id,bigint,Cast signed/unsigned identifier; resolve through legacy_key_map when relational.,NOT NULL only if source is NOT NULL and profiling proves no invalid/null rows; otherwise staged nullable,"null-count, distinct-count, min/max/length and deterministic transformed-value hash for payments_backup_210620261147am.employer_id",CONFIRMED source / PROPOSED target
payments_backup_210620261147am,amount,"float(12,0)",YES,NULL,"float(12,0) DEFAULT NULL",archive.payments_backup_210620261147am,amount,"numeric(20,6)",Parse decimal text exactly; no binary-float arithmetic; round only at posted transaction boundary.,NOT NULL only if source is NOT NULL and profiling proves no invalid/null rows; otherwise staged nullable,"null-count, distinct-count, min/max/length and deterministic transformed-value hash for payments_backup_210620261147am.amount",CONFIRMED source / PROPOSED target
payments_backup_210620261147am,payment_date,date,YES,NULL,date DEFAULT NULL,archive.payments_backup_210620261147am,payment_date,date,ISO date cast; reject zero/invalid dates.,NOT NULL only if source is NOT NULL and profiling proves no invalid/null rows; otherwise staged nullable,"null-count, distinct-count, min/max/length and deterministic transformed-value hash for payments_backup_210620261147am.payment_date",CONFIRMED source / PROPOSED target
payments_backup_210620261147am,invoice_no,varchar(250),YES,NULL,varchar(250) DEFAULT NULL,archive.payments_backup_210620261147am,invoice_no,text,Preserve exact value initially; normalize only through approved lookup mapping.,NOT NULL only if source is NOT NULL and profiling proves no invalid/null rows; otherwise staged nullable,"null-count, distinct-count, min/max/length and deterministic transformed-value hash for payments_backup_210620261147am.invoice_no",CONFIRMED source / PROPOSED target
payments_backup_210620261147am,bank_name,varchar(250),YES,NULL,varchar(250) DEFAULT NULL,archive.payments_backup_210620261147am,bank_name,text,Preserve exact value initially; normalize only through approved lookup mapping.,NOT NULL only if source is NOT NULL and profiling proves no invalid/null rows; otherwise staged nullable,"null-count, distinct-count, min/max/length and deterministic transformed-value hash for payments_backup_210620261147am.bank_name",CONFIRMED source / PROPOSED target
payments_backup_210620261147am,acc_no,varchar(250),YES,NULL,varchar(250) DEFAULT NULL,archive.payments_backup_210620261147am,acc_no,text,Preserve exact value initially; normalize only through approved lookup mapping.,NOT NULL only if source is NOT NULL and profiling proves no invalid/null rows; otherwise staged nullable,"null-count, distinct-count, min/max/length and deterministic transformed-value hash for payments_backup_210620261147am.acc_no",CONFIRMED source / PROPOSED target
payments_backup_210620261147am,trx_no,varchar(250),YES,NULL,varchar(250) DEFAULT NULL,archive.payments_backup_210620261147am,trx_no,text,Preserve exact value initially; normalize only through approved lookup mapping.,NOT NULL only if source is NOT NULL and profiling proves no invalid/null rows; otherwise staged nullable,"null-count, distinct-count, min/max/length and deterministic transformed-value hash for payments_backup_210620261147am.trx_no",CONFIRMED source / PROPOSED target
payments_backup_210620261147am,created_by,int(11),YES,NULL,int(11) DEFAULT NULL,archive.payments_backup_210620261147am,created_by,integer,Exact integer cast; range-check unsigned values.,NOT NULL only if source is NOT NULL and profiling proves no invalid/null rows; otherwise staged nullable,"null-count, distinct-count, min/max/length and deterministic transformed-value hash for payments_backup_210620261147am.created_by",CONFIRMED source / PROPOSED target
payments_backup_210620261147am,updated_by,int(11),YES,NULL,int(11) DEFAULT NULL,archive.payments_backup_210620261147am,updated_by,integer,Exact integer cast; range-check unsigned values.,NOT NULL only if source is NOT NULL and profiling proves no invalid/null rows; otherwise staged nullable,"null-count, distinct-count, min/max/length and deterministic transformed-value hash for payments_backup_210620261147am.updated_by",CONFIRMED source / PROPOSED target
payments_backup_210620261147am,status,char(5),YES,NULL,char(5) DEFAULT NULL,archive.payments_backup_210620261147am,status,text,Preserve exact value initially; normalize only through approved lookup mapping.,NOT NULL only if source is NOT NULL and profiling proves no invalid/null rows; otherwise staged nullable,"null-count, distinct-count, min/max/length and deterministic transformed-value hash for payments_backup_210620261147am.status",CONFIRMED source / PROPOSED target
payments_backup_210620261147am,created_at,timestamp,YES,NULL,timestamp NULL DEFAULT NULL,archive.payments_backup_210620261147am,created_at,timestamptz,"Interpret using approved legacy application timezone, convert to UTC; UNVERIFIED until timezone approval.",NOT NULL only if source is NOT NULL and profiling proves no invalid/null rows; otherwise staged nullable,"null-count, distinct-count, min/max/length and deterministic transformed-value hash for payments_backup_210620261147am.created_at",CONFIRMED source / PROPOSED target
payments_backup_210620261147am,updated_at,timestamp,YES,NULL,timestamp NULL DEFAULT NULL,archive.payments_backup_210620261147am,updated_at,timestamptz,"Interpret using approved legacy application timezone, convert to UTC; UNVERIFIED until timezone approval.",NOT NULL only if source is NOT NULL and profiling proves no invalid/null rows; otherwise staged nullable,"null-count, distinct-count, min/max/length and deterministic transformed-value hash for payments_backup_210620261147am.updated_at",CONFIRMED source / PROPOSED target
payments_backup_210620261147am,user_id,int(11),YES,NULL,int(11) DEFAULT NULL,archive.payments_backup_210620261147am,user_id,bigint,Cast signed/unsigned identifier; resolve through legacy_key_map when relational.,NOT NULL only if source is NOT NULL and profiling proves no invalid/null rows; otherwise staged nullable,"null-count, distinct-count, min/max/length and deterministic transformed-value hash for payments_backup_210620261147am.user_id",CONFIRMED source / PROPOSED target
payments_backup_210620261147am,cheque_file_path,varchar(255),YES,NULL,varchar(255) DEFAULT NULL,archive.payments_backup_210620261147am,cheque_file_id,text,Preserve exact value initially; normalize only through approved lookup mapping.,NOT NULL only if source is NOT NULL and profiling proves no invalid/null rows; otherwise staged nullable,"null-count, distinct-count, min/max/length and deterministic transformed-value hash for payments_backup_210620261147am.cheque_file_path",CONFIRMED source / PROPOSED target
payments_backup_210620261147am,remarks,varchar(255),YES,NULL,varchar(255) DEFAULT NULL,archive.payments_backup_210620261147am,remarks,text,Preserve exact value initially; normalize only through approved lookup mapping.,NOT NULL only if source is NOT NULL and profiling proves no invalid/null rows; otherwise staged nullable,"null-count, distinct-count, min/max/length and deterministic transformed-value hash for payments_backup_210620261147am.remarks",CONFIRMED source / PROPOSED target
payments_backup_210620261147am,account_name,varchar(255),YES,NULL,varchar(255) DEFAULT NULL,archive.payments_backup_210620261147am,account_name,text,Preserve exact value initially; normalize only through approved lookup mapping.,NOT NULL only if source is NOT NULL and profiling proves no invalid/null rows; otherwise staged nullable,"null-count, distinct-count, min/max/length and deterministic transformed-value hash for payments_backup_210620261147am.account_name",CONFIRMED source / PROPOSED target
payments_backup_210620261147am,currency_id,int(11),YES,1,int(11) DEFAULT 1,archive.payments_backup_210620261147am,currency_id,bigint,Cast signed/unsigned identifier; resolve through legacy_key_map when relational.,NOT NULL only if source is NOT NULL and profiling proves no invalid/null rows; otherwise staged nullable,"null-count, distinct-count, min/max/length and deterministic transformed-value hash for payments_backup_210620261147am.currency_id",CONFIRMED source / PROPOSED target
payments_backup_210620261147am,exchange_rate,float,YES,1,float DEFAULT 1,archive.payments_backup_210620261147am,exchange_rate,"numeric(20,6)",Parse decimal text exactly; no binary-float arithmetic; round only at posted transaction boundary.,NOT NULL only if source is NOT NULL and profiling proves no invalid/null rows; otherwise staged nullable,"null-count, distinct-count, min/max/length and deterministic transformed-value hash for payments_backup_210620261147am.exchange_rate",CONFIRMED source / PROPOSED target
payments_backup_210620261147am,payment_method,varchar(255),YES,NULL,varchar(255) DEFAULT NULL,archive.payments_backup_210620261147am,payment_method,text,Preserve exact value initially; normalize only through approved lookup mapping.,NOT NULL only if source is NOT NULL and profiling proves no invalid/null rows; otherwise staged nullable,"null-count, distinct-count, min/max/length and deterministic transformed-value hash for payments_backup_210620261147am.payment_method",CONFIRMED source / PROPOSED target
payments_backup_210620261147am,payment_receiver,varchar(255),YES,NULL,varchar(255) DEFAULT NULL,archive.payments_backup_210620261147am,payment_receiver,text,Preserve exact value initially; normalize only through approved lookup mapping.,NOT NULL only if source is NOT NULL and profiling proves no invalid/null rows; otherwise staged nullable,"null-count, distinct-count, min/max/length and deterministic transformed-value hash for payments_backup_210620261147am.payment_receiver",CONFIRMED source / PROPOSED target
payments_backup_210620261147am,payment_received_location,varchar(255),YES,NULL,varchar(255) DEFAULT NULL,archive.payments_backup_210620261147am,payment_received_location,text,Preserve exact value initially; normalize only through approved lookup mapping.,NOT NULL only if source is NOT NULL and profiling proves no invalid/null rows; otherwise staged nullable,"null-count, distinct-count, min/max/length and deterministic transformed-value hash for payments_backup_210620261147am.payment_received_location",CONFIRMED source / PROPOSED target
payments_backup_210620261147am,payment_time,time,YES,NULL,time DEFAULT NULL,archive.payments_backup_210620261147am,payment_time,time,Time-of-day only; retain no inferred timezone.,NOT NULL only if source is NOT NULL and profiling proves no invalid/null rows; otherwise staged nullable,"null-count, distinct-count, min/max/length and deterministic transformed-value hash for payments_backup_210620261147am.payment_time",CONFIRMED source / PROPOSED target
payments_backup_210620261147am,description,text,YES,NULL,text DEFAULT NULL,archive.payments_backup_210620261147am,description,text,Preserve bytes/text semantically; file-like JSON handled by document migration.,NOT NULL only if source is NOT NULL and profiling proves no invalid/null rows; otherwise staged nullable,"null-count, distinct-count, min/max/length and deterministic transformed-value hash for payments_backup_210620261147am.description",CONFIRMED source / PROPOSED target
payments_bk,id,int(10) UNSIGNED,NO,NO DEFAULT,int(10) UNSIGNED NOT NULL,archive.payments_bk,id,bigint,Cast signed/unsigned identifier; resolve through legacy_key_map when relational.,NOT NULL only if source is NOT NULL and profiling proves no invalid/null rows; otherwise staged nullable,"null-count, distinct-count, min/max/length and deterministic transformed-value hash for payments_bk.id",CONFIRMED source / PROPOSED target
payments_bk,title,varchar(250),YES,NULL,varchar(250) DEFAULT NULL,archive.payments_bk,title,text,Preserve exact value initially; normalize only through approved lookup mapping.,NOT NULL only if source is NOT NULL and profiling proves no invalid/null rows; otherwise staged nullable,"null-count, distinct-count, min/max/length and deterministic transformed-value hash for payments_bk.title",CONFIRMED source / PROPOSED target
payments_bk,type,char(50),YES,NULL,char(50) DEFAULT NULL,archive.payments_bk,type,text,Preserve exact value initially; normalize only through approved lookup mapping.,NOT NULL only if source is NOT NULL and profiling proves no invalid/null rows; otherwise staged nullable,"null-count, distinct-count, min/max/length and deterministic transformed-value hash for payments_bk.type",CONFIRMED source / PROPOSED target
payments_bk,agent_id,int(11),YES,0,int(11) DEFAULT 0,archive.payments_bk,agent_id,bigint,Cast signed/unsigned identifier; resolve through legacy_key_map when relational.,NOT NULL only if source is NOT NULL and profiling proves no invalid/null rows; otherwise staged nullable,"null-count, distinct-count, min/max/length and deterministic transformed-value hash for payments_bk.agent_id",CONFIRMED source / PROPOSED target
payments_bk,sub_agent_id,bigint(20),YES,0,bigint(20) DEFAULT 0,archive.payments_bk,sub_agent_id,bigint,Cast signed/unsigned identifier; resolve through legacy_key_map when relational.,NOT NULL only if source is NOT NULL and profiling proves no invalid/null rows; otherwise staged nullable,"null-count, distinct-count, min/max/length and deterministic transformed-value hash for payments_bk.sub_agent_id",CONFIRMED source / PROPOSED target
payments_bk,candidate_id,int(11),YES,0,int(11) DEFAULT 0,archive.payments_bk,candidate_id,bigint,Cast signed/unsigned identifier; resolve through legacy_key_map when relational.,NOT NULL only if source is NOT NULL and profiling proves no invalid/null rows; otherwise staged nullable,"null-count, distinct-count, min/max/length and deterministic transformed-value hash for payments_bk.candidate_id",CONFIRMED source / PROPOSED target
payments_bk,teacher_id,int(11),YES,0,int(11) DEFAULT 0,archive.payments_bk,teacher_id,bigint,Cast signed/unsigned identifier; resolve through legacy_key_map when relational.,NOT NULL only if source is NOT NULL and profiling proves no invalid/null rows; otherwise staged nullable,"null-count, distinct-count, min/max/length and deterministic transformed-value hash for payments_bk.teacher_id",CONFIRMED source / PROPOSED target
payments_bk,employee_id,int(11),YES,0,int(11) DEFAULT 0,archive.payments_bk,employee_id,bigint,Cast signed/unsigned identifier; resolve through legacy_key_map when relational.,NOT NULL only if source is NOT NULL and profiling proves no invalid/null rows; otherwise staged nullable,"null-count, distinct-count, min/max/length and deterministic transformed-value hash for payments_bk.employee_id",CONFIRMED source / PROPOSED target
payments_bk,employer_id,int(11),YES,0,int(11) DEFAULT 0,archive.payments_bk,employer_id,bigint,Cast signed/unsigned identifier; resolve through legacy_key_map when relational.,NOT NULL only if source is NOT NULL and profiling proves no invalid/null rows; otherwise staged nullable,"null-count, distinct-count, min/max/length and deterministic transformed-value hash for payments_bk.employer_id",CONFIRMED source / PROPOSED target
payments_bk,amount,"float(12,0)",YES,NULL,"float(12,0) DEFAULT NULL",archive.payments_bk,amount,"numeric(20,6)",Parse decimal text exactly; no binary-float arithmetic; round only at posted transaction boundary.,NOT NULL only if source is NOT NULL and profiling proves no invalid/null rows; otherwise staged nullable,"null-count, distinct-count, min/max/length and deterministic transformed-value hash for payments_bk.amount",CONFIRMED source / PROPOSED target
payments_bk,payment_date,date,YES,NULL,date DEFAULT NULL,archive.payments_bk,payment_date,date,ISO date cast; reject zero/invalid dates.,NOT NULL only if source is NOT NULL and profiling proves no invalid/null rows; otherwise staged nullable,"null-count, distinct-count, min/max/length and deterministic transformed-value hash for payments_bk.payment_date",CONFIRMED source / PROPOSED target
payments_bk,invoice_no,varchar(250),YES,NULL,varchar(250) DEFAULT NULL,archive.payments_bk,invoice_no,text,Preserve exact value initially; normalize only through approved lookup mapping.,NOT NULL only if source is NOT NULL and profiling proves no invalid/null rows; otherwise staged nullable,"null-count, distinct-count, min/max/length and deterministic transformed-value hash for payments_bk.invoice_no",CONFIRMED source / PROPOSED target
payments_bk,bank_name,varchar(250),YES,NULL,varchar(250) DEFAULT NULL,archive.payments_bk,bank_name,text,Preserve exact value initially; normalize only through approved lookup mapping.,NOT NULL only if source is NOT NULL and profiling proves no invalid/null rows; otherwise staged nullable,"null-count, distinct-count, min/max/length and deterministic transformed-value hash for payments_bk.bank_name",CONFIRMED source / PROPOSED target
payments_bk,acc_no,varchar(250),YES,NULL,varchar(250) DEFAULT NULL,archive.payments_bk,acc_no,text,Preserve exact value initially; normalize only through approved lookup mapping.,NOT NULL only if source is NOT NULL and profiling proves no invalid/null rows; otherwise staged nullable,"null-count, distinct-count, min/max/length and deterministic transformed-value hash for payments_bk.acc_no",CONFIRMED source / PROPOSED target
payments_bk,trx_no,varchar(250),YES,NULL,varchar(250) DEFAULT NULL,archive.payments_bk,trx_no,text,Preserve exact value initially; normalize only through approved lookup mapping.,NOT NULL only if source is NOT NULL and profiling proves no invalid/null rows; otherwise staged nullable,"null-count, distinct-count, min/max/length and deterministic transformed-value hash for payments_bk.trx_no",CONFIRMED source / PROPOSED target
payments_bk,created_by,int(11),YES,NULL,int(11) DEFAULT NULL,archive.payments_bk,created_by,integer,Exact integer cast; range-check unsigned values.,NOT NULL only if source is NOT NULL and profiling proves no invalid/null rows; otherwise staged nullable,"null-count, distinct-count, min/max/length and deterministic transformed-value hash for payments_bk.created_by",CONFIRMED source / PROPOSED target
payments_bk,updated_by,int(11),YES,NULL,int(11) DEFAULT NULL,archive.payments_bk,updated_by,integer,Exact integer cast; range-check unsigned values.,NOT NULL only if source is NOT NULL and profiling proves no invalid/null rows; otherwise staged nullable,"null-count, distinct-count, min/max/length and deterministic transformed-value hash for payments_bk.updated_by",CONFIRMED source / PROPOSED target
payments_bk,status,char(5),YES,NULL,char(5) DEFAULT NULL,archive.payments_bk,status,text,Preserve exact value initially; normalize only through approved lookup mapping.,NOT NULL only if source is NOT NULL and profiling proves no invalid/null rows; otherwise staged nullable,"null-count, distinct-count, min/max/length and deterministic transformed-value hash for payments_bk.status",CONFIRMED source / PROPOSED target
payments_bk,created_at,timestamp,YES,NULL,timestamp NULL DEFAULT NULL,archive.payments_bk,created_at,timestamptz,"Interpret using approved legacy application timezone, convert to UTC; UNVERIFIED until timezone approval.",NOT NULL only if source is NOT NULL and profiling proves no invalid/null rows; otherwise staged nullable,"null-count, distinct-count, min/max/length and deterministic transformed-value hash for payments_bk.created_at",CONFIRMED source / PROPOSED target
payments_bk,updated_at,timestamp,YES,NULL,timestamp NULL DEFAULT NULL,archive.payments_bk,updated_at,timestamptz,"Interpret using approved legacy application timezone, convert to UTC; UNVERIFIED until timezone approval.",NOT NULL only if source is NOT NULL and profiling proves no invalid/null rows; otherwise staged nullable,"null-count, distinct-count, min/max/length and deterministic transformed-value hash for payments_bk.updated_at",CONFIRMED source / PROPOSED target
payments_bk,user_id,int(11),YES,NULL,int(11) DEFAULT NULL,archive.payments_bk,user_id,bigint,Cast signed/unsigned identifier; resolve through legacy_key_map when relational.,NOT NULL only if source is NOT NULL and profiling proves no invalid/null rows; otherwise staged nullable,"null-count, distinct-count, min/max/length and deterministic transformed-value hash for payments_bk.user_id",CONFIRMED source / PROPOSED target
payments_bk,cheque_file_path,varchar(255),YES,NULL,varchar(255) DEFAULT NULL,archive.payments_bk,cheque_file_id,text,Preserve exact value initially; normalize only through approved lookup mapping.,NOT NULL only if source is NOT NULL and profiling proves no invalid/null rows; otherwise staged nullable,"null-count, distinct-count, min/max/length and deterministic transformed-value hash for payments_bk.cheque_file_path",CONFIRMED source / PROPOSED target
payments_bk,remarks,varchar(255),YES,NULL,varchar(255) DEFAULT NULL,archive.payments_bk,remarks,text,Preserve exact value initially; normalize only through approved lookup mapping.,NOT NULL only if source is NOT NULL and profiling proves no invalid/null rows; otherwise staged nullable,"null-count, distinct-count, min/max/length and deterministic transformed-value hash for payments_bk.remarks",CONFIRMED source / PROPOSED target
payments_bk,account_name,varchar(255),YES,NULL,varchar(255) DEFAULT NULL,archive.payments_bk,account_name,text,Preserve exact value initially; normalize only through approved lookup mapping.,NOT NULL only if source is NOT NULL and profiling proves no invalid/null rows; otherwise staged nullable,"null-count, distinct-count, min/max/length and deterministic transformed-value hash for payments_bk.account_name",CONFIRMED source / PROPOSED target
payments_bk,currency_id,int(11),YES,1,int(11) DEFAULT 1,archive.payments_bk,currency_id,bigint,Cast signed/unsigned identifier; resolve through legacy_key_map when relational.,NOT NULL only if source is NOT NULL and profiling proves no invalid/null rows; otherwise staged nullable,"null-count, distinct-count, min/max/length and deterministic transformed-value hash for payments_bk.currency_id",CONFIRMED source / PROPOSED target
payments_bk,exchange_rate,float,YES,1,float DEFAULT 1,archive.payments_bk,exchange_rate,"numeric(20,6)",Parse decimal text exactly; no binary-float arithmetic; round only at posted transaction boundary.,NOT NULL only if source is NOT NULL and profiling proves no invalid/null rows; otherwise staged nullable,"null-count, distinct-count, min/max/length and deterministic transformed-value hash for payments_bk.exchange_rate",CONFIRMED source / PROPOSED target
payments_bk,payment_method,varchar(255),YES,NULL,varchar(255) DEFAULT NULL,archive.payments_bk,payment_method,text,Preserve exact value initially; normalize only through approved lookup mapping.,NOT NULL only if source is NOT NULL and profiling proves no invalid/null rows; otherwise staged nullable,"null-count, distinct-count, min/max/length and deterministic transformed-value hash for payments_bk.payment_method",CONFIRMED source / PROPOSED target
payments_bk,payment_receiver,varchar(255),YES,NULL,varchar(255) DEFAULT NULL,archive.payments_bk,payment_receiver,text,Preserve exact value initially; normalize only through approved lookup mapping.,NOT NULL only if source is NOT NULL and profiling proves no invalid/null rows; otherwise staged nullable,"null-count, distinct-count, min/max/length and deterministic transformed-value hash for payments_bk.payment_receiver",CONFIRMED source / PROPOSED target
payments_bk,payment_received_location,varchar(255),YES,NULL,varchar(255) DEFAULT NULL,archive.payments_bk,payment_received_location,text,Preserve exact value initially; normalize only through approved lookup mapping.,NOT NULL only if source is NOT NULL and profiling proves no invalid/null rows; otherwise staged nullable,"null-count, distinct-count, min/max/length and deterministic transformed-value hash for payments_bk.payment_received_location",CONFIRMED source / PROPOSED target
payments_bk,payment_time,time,YES,NULL,time DEFAULT NULL,archive.payments_bk,payment_time,time,Time-of-day only; retain no inferred timezone.,NOT NULL only if source is NOT NULL and profiling proves no invalid/null rows; otherwise staged nullable,"null-count, distinct-count, min/max/length and deterministic transformed-value hash for payments_bk.payment_time",CONFIRMED source / PROPOSED target
payments_bk,description,text,YES,NULL,text DEFAULT NULL,archive.payments_bk,description,text,Preserve bytes/text semantically; file-like JSON handled by document migration.,NOT NULL only if source is NOT NULL and profiling proves no invalid/null rows; otherwise staged nullable,"null-count, distinct-count, min/max/length and deterministic transformed-value hash for payments_bk.description",CONFIRMED source / PROPOSED target
permission_role,permission_id,bigint(20) UNSIGNED,NO,NO DEFAULT,bigint(20) UNSIGNED NOT NULL,iam.role_permissions,permission_id,bigint,Cast signed/unsigned identifier; resolve through legacy_key_map when relational.,NOT NULL only if source is NOT NULL and profiling proves no invalid/null rows; otherwise staged nullable,"null-count, distinct-count, min/max/length and deterministic transformed-value hash for permission_role.permission_id",CONFIRMED source / PROPOSED target
permission_role,role_id,bigint(20) UNSIGNED,NO,NO DEFAULT,bigint(20) UNSIGNED NOT NULL,iam.role_permissions,role_id,bigint,Cast signed/unsigned identifier; resolve through legacy_key_map when relational.,NOT NULL only if source is NOT NULL and profiling proves no invalid/null rows; otherwise staged nullable,"null-count, distinct-count, min/max/length and deterministic transformed-value hash for permission_role.role_id",CONFIRMED source / PROPOSED target
permissions,id,bigint(20) UNSIGNED,NO,NO DEFAULT,bigint(20) UNSIGNED NOT NULL,iam.permissions,id,bigint,Cast signed/unsigned identifier; resolve through legacy_key_map when relational.,NOT NULL only if source is NOT NULL and profiling proves no invalid/null rows; otherwise staged nullable,"null-count, distinct-count, min/max/length and deterministic transformed-value hash for permissions.id",CONFIRMED source / PROPOSED target
permissions,key,varchar(255),NO,NO DEFAULT,varchar(255) NOT NULL,iam.permissions,key,text,Preserve exact value initially; normalize only through approved lookup mapping.,NOT NULL only if source is NOT NULL and profiling proves no invalid/null rows; otherwise staged nullable,"null-count, distinct-count, min/max/length and deterministic transformed-value hash for permissions.key",CONFIRMED source / PROPOSED target
permissions,table_name,varchar(255),YES,NULL,varchar(255) DEFAULT NULL,iam.permissions,table_name,text,Preserve exact value initially; normalize only through approved lookup mapping.,NOT NULL only if source is NOT NULL and profiling proves no invalid/null rows; otherwise staged nullable,"null-count, distinct-count, min/max/length and deterministic transformed-value hash for permissions.table_name",CONFIRMED source / PROPOSED target
permissions,created_at,timestamp,YES,NULL,timestamp NULL DEFAULT NULL,iam.permissions,created_at,timestamptz,"Interpret using approved legacy application timezone, convert to UTC; UNVERIFIED until timezone approval.",NOT NULL only if source is NOT NULL and profiling proves no invalid/null rows; otherwise staged nullable,"null-count, distinct-count, min/max/length and deterministic transformed-value hash for permissions.created_at",CONFIRMED source / PROPOSED target
permissions,updated_at,timestamp,YES,NULL,timestamp NULL DEFAULT NULL,iam.permissions,updated_at,timestamptz,"Interpret using approved legacy application timezone, convert to UTC; UNVERIFIED until timezone approval.",NOT NULL only if source is NOT NULL and profiling proves no invalid/null rows; otherwise staged nullable,"null-count, distinct-count, min/max/length and deterministic transformed-value hash for permissions.updated_at",CONFIRMED source / PROPOSED target
police_clearances,id,bigint(20),NO,NO DEFAULT,bigint(20) NOT NULL,workflow.police_clearances,id,bigint,Cast signed/unsigned identifier; resolve through legacy_key_map when relational.,NOT NULL only if source is NOT NULL and profiling proves no invalid/null rows; otherwise staged nullable,"null-count, distinct-count, min/max/length and deterministic transformed-value hash for police_clearances.id",CONFIRMED source / PROPOSED target
police_clearances,candidate_id,bigint(20),NO,NO DEFAULT,bigint(20) NOT NULL,workflow.police_clearances,candidate_id,bigint,Cast signed/unsigned identifier; resolve through legacy_key_map when relational.,NOT NULL only if source is NOT NULL and profiling proves no invalid/null rows; otherwise staged nullable,"null-count, distinct-count, min/max/length and deterministic transformed-value hash for police_clearances.candidate_id",CONFIRMED source / PROPOSED target
police_clearances,thana_id,bigint(20),YES,NULL,bigint(20) DEFAULT NULL,workflow.police_clearances,thana_id,bigint,Cast signed/unsigned identifier; resolve through legacy_key_map when relational.,NOT NULL only if source is NOT NULL and profiling proves no invalid/null rows; otherwise staged nullable,"null-count, distinct-count, min/max/length and deterministic transformed-value hash for police_clearances.thana_id",CONFIRMED source / PROPOSED target
police_clearances,issue_date,date,YES,NULL,date DEFAULT NULL,workflow.police_clearances,issue_date,date,ISO date cast; reject zero/invalid dates.,NOT NULL only if source is NOT NULL and profiling proves no invalid/null rows; otherwise staged nullable,"null-count, distinct-count, min/max/length and deterministic transformed-value hash for police_clearances.issue_date",CONFIRMED source / PROPOSED target
police_clearances,expire_date,date,YES,NULL,date DEFAULT NULL,workflow.police_clearances,expire_date,date,ISO date cast; reject zero/invalid dates.,NOT NULL only if source is NOT NULL and profiling proves no invalid/null rows; otherwise staged nullable,"null-count, distinct-count, min/max/length and deterministic transformed-value hash for police_clearances.expire_date",CONFIRMED source / PROPOSED target
police_clearances,photo_file_path,varchar(250),YES,NULL,varchar(250) DEFAULT NULL,workflow.police_clearances,photo_file_id,text,Preserve exact value initially; normalize only through approved lookup mapping.,NOT NULL only if source is NOT NULL and profiling proves no invalid/null rows; otherwise staged nullable,"null-count, distinct-count, min/max/length and deterministic transformed-value hash for police_clearances.photo_file_path",CONFIRMED source / PROPOSED target
police_clearances,status,char(5),YES,'A',char(5) DEFAULT 'A',workflow.police_clearances,status,text,Preserve exact value initially; normalize only through approved lookup mapping.,NOT NULL only if source is NOT NULL and profiling proves no invalid/null rows; otherwise staged nullable,"null-count, distinct-count, min/max/length and deterministic transformed-value hash for police_clearances.status",CONFIRMED source / PROPOSED target
police_clearances,created_at,timestamp,YES,NULL,timestamp NULL DEFAULT NULL,workflow.police_clearances,created_at,timestamptz,"Interpret using approved legacy application timezone, convert to UTC; UNVERIFIED until timezone approval.",NOT NULL only if source is NOT NULL and profiling proves no invalid/null rows; otherwise staged nullable,"null-count, distinct-count, min/max/length and deterministic transformed-value hash for police_clearances.created_at",CONFIRMED source / PROPOSED target
police_clearances,updated_at,timestamp,YES,NULL,timestamp NULL DEFAULT NULL,workflow.police_clearances,updated_at,timestamptz,"Interpret using approved legacy application timezone, convert to UTC; UNVERIFIED until timezone approval.",NOT NULL only if source is NOT NULL and profiling proves no invalid/null rows; otherwise staged nullable,"null-count, distinct-count, min/max/length and deterministic transformed-value hash for police_clearances.updated_at",CONFIRMED source / PROPOSED target
police_clearances,created_by,bigint(20),YES,NULL,bigint(20) DEFAULT NULL,workflow.police_clearances,created_by,bigint,Exact integer cast; range-check unsigned values.,NOT NULL only if source is NOT NULL and profiling proves no invalid/null rows; otherwise staged nullable,"null-count, distinct-count, min/max/length and deterministic transformed-value hash for police_clearances.created_by",CONFIRMED source / PROPOSED target
police_clearances,updated_by,bigint(20),YES,NULL,bigint(20) DEFAULT NULL,workflow.police_clearances,updated_by,bigint,Exact integer cast; range-check unsigned values.,NOT NULL only if source is NOT NULL and profiling proves no invalid/null rows; otherwise staged nullable,"null-count, distinct-count, min/max/length and deterministic transformed-value hash for police_clearances.updated_by",CONFIRMED source / PROPOSED target
police_clearances,country_id,int(11),YES,NULL,int(11) DEFAULT NULL,workflow.police_clearances,country_id,bigint,Cast signed/unsigned identifier; resolve through legacy_key_map when relational.,NOT NULL only if source is NOT NULL and profiling proves no invalid/null rows; otherwise staged nullable,"null-count, distinct-count, min/max/length and deterministic transformed-value hash for police_clearances.country_id",CONFIRMED source / PROPOSED target
positions,id,int(10) UNSIGNED,NO,NO DEFAULT,int(10) UNSIGNED NOT NULL,operations.positions,id,bigint,Cast signed/unsigned identifier; resolve through legacy_key_map when relational.,NOT NULL only if source is NOT NULL and profiling proves no invalid/null rows; otherwise staged nullable,"null-count, distinct-count, min/max/length and deterministic transformed-value hash for positions.id",CONFIRMED source / PROPOSED target
positions,title,varchar(255),NO,NO DEFAULT,varchar(255) NOT NULL,operations.positions,title,text,Preserve exact value initially; normalize only through approved lookup mapping.,NOT NULL only if source is NOT NULL and profiling proves no invalid/null rows; otherwise staged nullable,"null-count, distinct-count, min/max/length and deterministic transformed-value hash for positions.title",CONFIRMED source / PROPOSED target
positions,status,char(5),YES,'A',char(5) DEFAULT 'A',operations.positions,status,text,Preserve exact value initially; normalize only through approved lookup mapping.,NOT NULL only if source is NOT NULL and profiling proves no invalid/null rows; otherwise staged nullable,"null-count, distinct-count, min/max/length and deterministic transformed-value hash for positions.status",CONFIRMED source / PROPOSED target
positions,created_at,timestamp,YES,NULL,timestamp NULL DEFAULT NULL,operations.positions,created_at,timestamptz,"Interpret using approved legacy application timezone, convert to UTC; UNVERIFIED until timezone approval.",NOT NULL only if source is NOT NULL and profiling proves no invalid/null rows; otherwise staged nullable,"null-count, distinct-count, min/max/length and deterministic transformed-value hash for positions.created_at",CONFIRMED source / PROPOSED target
positions,updated_at,timestamp,YES,NULL,timestamp NULL DEFAULT NULL,operations.positions,updated_at,timestamptz,"Interpret using approved legacy application timezone, convert to UTC; UNVERIFIED until timezone approval.",NOT NULL only if source is NOT NULL and profiling proves no invalid/null rows; otherwise staged nullable,"null-count, distinct-count, min/max/length and deterministic transformed-value hash for positions.updated_at",CONFIRMED source / PROPOSED target
posts,id,int(10) UNSIGNED,NO,NO DEFAULT,int(10) UNSIGNED NOT NULL,legacy_platform.posts,id,bigint,Cast signed/unsigned identifier; resolve through legacy_key_map when relational.,NOT NULL only if source is NOT NULL and profiling proves no invalid/null rows; otherwise staged nullable,"null-count, distinct-count, min/max/length and deterministic transformed-value hash for posts.id",CONFIRMED source / PROPOSED target
posts,author_id,int(11),NO,NO DEFAULT,int(11) NOT NULL,legacy_platform.posts,author_id,bigint,Cast signed/unsigned identifier; resolve through legacy_key_map when relational.,NOT NULL only if source is NOT NULL and profiling proves no invalid/null rows; otherwise staged nullable,"null-count, distinct-count, min/max/length and deterministic transformed-value hash for posts.author_id",CONFIRMED source / PROPOSED target
posts,category_id,int(11),YES,NULL,int(11) DEFAULT NULL,legacy_platform.posts,category_id,bigint,Cast signed/unsigned identifier; resolve through legacy_key_map when relational.,NOT NULL only if source is NOT NULL and profiling proves no invalid/null rows; otherwise staged nullable,"null-count, distinct-count, min/max/length and deterministic transformed-value hash for posts.category_id",CONFIRMED source / PROPOSED target
posts,title,varchar(255),NO,NO DEFAULT,varchar(255) NOT NULL,legacy_platform.posts,title,text,Preserve exact value initially; normalize only through approved lookup mapping.,NOT NULL only if source is NOT NULL and profiling proves no invalid/null rows; otherwise staged nullable,"null-count, distinct-count, min/max/length and deterministic transformed-value hash for posts.title",CONFIRMED source / PROPOSED target
posts,seo_title,varchar(255),YES,NULL,varchar(255) DEFAULT NULL,legacy_platform.posts,seo_title,text,Preserve exact value initially; normalize only through approved lookup mapping.,NOT NULL only if source is NOT NULL and profiling proves no invalid/null rows; otherwise staged nullable,"null-count, distinct-count, min/max/length and deterministic transformed-value hash for posts.seo_title",CONFIRMED source / PROPOSED target
posts,excerpt,text,YES,NULL,text DEFAULT NULL,legacy_platform.posts,excerpt,text,Preserve bytes/text semantically; file-like JSON handled by document migration.,NOT NULL only if source is NOT NULL and profiling proves no invalid/null rows; otherwise staged nullable,"null-count, distinct-count, min/max/length and deterministic transformed-value hash for posts.excerpt",CONFIRMED source / PROPOSED target
posts,body,text,NO,NO DEFAULT,text NOT NULL,legacy_platform.posts,body,text,Preserve bytes/text semantically; file-like JSON handled by document migration.,NOT NULL only if source is NOT NULL and profiling proves no invalid/null rows; otherwise staged nullable,"null-count, distinct-count, min/max/length and deterministic transformed-value hash for posts.body",CONFIRMED source / PROPOSED target
posts,image,varchar(255),YES,NULL,varchar(255) DEFAULT NULL,legacy_platform.posts,image,text,Preserve exact value initially; normalize only through approved lookup mapping.,NOT NULL only if source is NOT NULL and profiling proves no invalid/null rows; otherwise staged nullable,"null-count, distinct-count, min/max/length and deterministic transformed-value hash for posts.image",CONFIRMED source / PROPOSED target
posts,slug,varchar(255),NO,NO DEFAULT,varchar(255) NOT NULL,legacy_platform.posts,slug,text,Preserve exact value initially; normalize only through approved lookup mapping.,NOT NULL only if source is NOT NULL and profiling proves no invalid/null rows; otherwise staged nullable,"null-count, distinct-count, min/max/length and deterministic transformed-value hash for posts.slug",CONFIRMED source / PROPOSED target
posts,meta_description,text,YES,NULL,text DEFAULT NULL,legacy_platform.posts,meta_description,text,Preserve bytes/text semantically; file-like JSON handled by document migration.,NOT NULL only if source is NOT NULL and profiling proves no invalid/null rows; otherwise staged nullable,"null-count, distinct-count, min/max/length and deterministic transformed-value hash for posts.meta_description",CONFIRMED source / PROPOSED target
posts,meta_keywords,text,YES,NULL,text DEFAULT NULL,legacy_platform.posts,meta_keywords,text,Preserve bytes/text semantically; file-like JSON handled by document migration.,NOT NULL only if source is NOT NULL and profiling proves no invalid/null rows; otherwise staged nullable,"null-count, distinct-count, min/max/length and deterministic transformed-value hash for posts.meta_keywords",CONFIRMED source / PROPOSED target
posts,status,"enum('PUBLISHED','DRAFT','PENDING')",NO,'DRAFT',"enum('PUBLISHED','DRAFT','PENDING') NOT NULL DEFAULT 'DRAFT'",legacy_platform.posts,status,text,Preserve exact value initially; normalize only through approved lookup mapping.,NOT NULL only if source is NOT NULL and profiling proves no invalid/null rows; otherwise staged nullable,"null-count, distinct-count, min/max/length and deterministic transformed-value hash for posts.status",CONFIRMED source / PROPOSED target
posts,featured,tinyint(1),NO,0,tinyint(1) NOT NULL DEFAULT 0,legacy_platform.posts,featured,boolean,"Normalize 0/1; quarantine values outside {0,1,NULL}.",NOT NULL only if source is NOT NULL and profiling proves no invalid/null rows; otherwise staged nullable,"null-count, distinct-count, min/max/length and deterministic transformed-value hash for posts.featured",CONFIRMED source / PROPOSED target
posts,created_at,timestamp,YES,NULL,timestamp NULL DEFAULT NULL,legacy_platform.posts,created_at,timestamptz,"Interpret using approved legacy application timezone, convert to UTC; UNVERIFIED until timezone approval.",NOT NULL only if source is NOT NULL and profiling proves no invalid/null rows; otherwise staged nullable,"null-count, distinct-count, min/max/length and deterministic transformed-value hash for posts.created_at",CONFIRMED source / PROPOSED target
posts,updated_at,timestamp,YES,NULL,timestamp NULL DEFAULT NULL,legacy_platform.posts,updated_at,timestamptz,"Interpret using approved legacy application timezone, convert to UTC; UNVERIFIED until timezone approval.",NOT NULL only if source is NOT NULL and profiling proves no invalid/null rows; otherwise staged nullable,"null-count, distinct-count, min/max/length and deterministic transformed-value hash for posts.updated_at",CONFIRMED source / PROPOSED target
professional_certificates,id,bigint(20),NO,NO DEFAULT,bigint(20) NOT NULL,operations.professional_certificates,id,bigint,Cast signed/unsigned identifier; resolve through legacy_key_map when relational.,NOT NULL only if source is NOT NULL and profiling proves no invalid/null rows; otherwise staged nullable,"null-count, distinct-count, min/max/length and deterministic transformed-value hash for professional_certificates.id",CONFIRMED source / PROPOSED target
professional_certificates,user_id,bigint(20),NO,NO DEFAULT,bigint(20) NOT NULL,operations.professional_certificates,user_id,bigint,Cast signed/unsigned identifier; resolve through legacy_key_map when relational.,NOT NULL only if source is NOT NULL and profiling proves no invalid/null rows; otherwise staged nullable,"null-count, distinct-count, min/max/length and deterministic transformed-value hash for professional_certificates.user_id",CONFIRMED source / PROPOSED target
professional_certificates,title,varchar(250),YES,NULL,varchar(250) DEFAULT NULL,operations.professional_certificates,title,text,Preserve exact value initially; normalize only through approved lookup mapping.,NOT NULL only if source is NOT NULL and profiling proves no invalid/null rows; otherwise staged nullable,"null-count, distinct-count, min/max/length and deterministic transformed-value hash for professional_certificates.title",CONFIRMED source / PROPOSED target
professional_certificates,institute_name,varchar(250),YES,NULL,varchar(250) DEFAULT NULL,operations.professional_certificates,institute_name,text,Preserve exact value initially; normalize only through approved lookup mapping.,NOT NULL only if source is NOT NULL and profiling proves no invalid/null rows; otherwise staged nullable,"null-count, distinct-count, min/max/length and deterministic transformed-value hash for professional_certificates.institute_name",CONFIRMED source / PROPOSED target
professional_certificates,topics,varchar(250),YES,NULL,varchar(250) DEFAULT NULL,operations.professional_certificates,topics,text,Preserve exact value initially; normalize only through approved lookup mapping.,NOT NULL only if source is NOT NULL and profiling proves no invalid/null rows; otherwise staged nullable,"null-count, distinct-count, min/max/length and deterministic transformed-value hash for professional_certificates.topics",CONFIRMED source / PROPOSED target
professional_certificates,start_date,date,YES,NULL,date DEFAULT NULL,operations.professional_certificates,start_date,date,ISO date cast; reject zero/invalid dates.,NOT NULL only if source is NOT NULL and profiling proves no invalid/null rows; otherwise staged nullable,"null-count, distinct-count, min/max/length and deterministic transformed-value hash for professional_certificates.start_date",CONFIRMED source / PROPOSED target
professional_certificates,end_date,date,YES,NULL,date DEFAULT NULL,operations.professional_certificates,end_date,date,ISO date cast; reject zero/invalid dates.,NOT NULL only if source is NOT NULL and profiling proves no invalid/null rows; otherwise staged nullable,"null-count, distinct-count, min/max/length and deterministic transformed-value hash for professional_certificates.end_date",CONFIRMED source / PROPOSED target
professional_certificates,duration,int(11),YES,NULL,int(11) DEFAULT NULL,operations.professional_certificates,duration,integer,Exact integer cast; range-check unsigned values.,NOT NULL only if source is NOT NULL and profiling proves no invalid/null rows; otherwise staged nullable,"null-count, distinct-count, min/max/length and deterministic transformed-value hash for professional_certificates.duration",CONFIRMED source / PROPOSED target
professional_certificates,duration_type,varchar(10),YES,NULL,varchar(10) DEFAULT NULL,operations.professional_certificates,duration_type,text,Preserve exact value initially; normalize only through approved lookup mapping.,NOT NULL only if source is NOT NULL and profiling proves no invalid/null rows; otherwise staged nullable,"null-count, distinct-count, min/max/length and deterministic transformed-value hash for professional_certificates.duration_type",CONFIRMED source / PROPOSED target
professional_certificates,country_id,varchar(250),YES,NULL,varchar(250) DEFAULT NULL,operations.professional_certificates,country_id,bigint,Cast signed/unsigned identifier; resolve through legacy_key_map when relational.,NOT NULL only if source is NOT NULL and profiling proves no invalid/null rows; otherwise staged nullable,"null-count, distinct-count, min/max/length and deterministic transformed-value hash for professional_certificates.country_id",CONFIRMED source / PROPOSED target
professional_certificates,descriptions,varchar(250),YES,NULL,varchar(250) DEFAULT NULL,operations.professional_certificates,descriptions,text,Preserve exact value initially; normalize only through approved lookup mapping.,NOT NULL only if source is NOT NULL and profiling proves no invalid/null rows; otherwise staged nullable,"null-count, distinct-count, min/max/length and deterministic transformed-value hash for professional_certificates.descriptions",CONFIRMED source / PROPOSED target
professional_certificates,achievements,varchar(250),YES,NULL,varchar(250) DEFAULT NULL,operations.professional_certificates,achievements,text,Preserve exact value initially; normalize only through approved lookup mapping.,NOT NULL only if source is NOT NULL and profiling proves no invalid/null rows; otherwise staged nullable,"null-count, distinct-count, min/max/length and deterministic transformed-value hash for professional_certificates.achievements",CONFIRMED source / PROPOSED target
professional_certificates,certificate_issue_date,date,YES,NULL,date DEFAULT NULL,operations.professional_certificates,certificate_issue_date,date,ISO date cast; reject zero/invalid dates.,NOT NULL only if source is NOT NULL and profiling proves no invalid/null rows; otherwise staged nullable,"null-count, distinct-count, min/max/length and deterministic transformed-value hash for professional_certificates.certificate_issue_date",CONFIRMED source / PROPOSED target
professional_certificates,certificate_expire_date,date,YES,NULL,date DEFAULT NULL,operations.professional_certificates,certificate_expire_date,date,ISO date cast; reject zero/invalid dates.,NOT NULL only if source is NOT NULL and profiling proves no invalid/null rows; otherwise staged nullable,"null-count, distinct-count, min/max/length and deterministic transformed-value hash for professional_certificates.certificate_expire_date",CONFIRMED source / PROPOSED target
professional_certificates,certificate_file_path,varchar(250),YES,NULL,varchar(250) DEFAULT NULL,operations.professional_certificates,certificate_file_id,text,Preserve exact value initially; normalize only through approved lookup mapping.,NOT NULL only if source is NOT NULL and profiling proves no invalid/null rows; otherwise staged nullable,"null-count, distinct-count, min/max/length and deterministic transformed-value hash for professional_certificates.certificate_file_path",CONFIRMED source / PROPOSED target
professional_certificates,status,char(5),YES,'A',char(5) DEFAULT 'A',operations.professional_certificates,status,text,Preserve exact value initially; normalize only through approved lookup mapping.,NOT NULL only if source is NOT NULL and profiling proves no invalid/null rows; otherwise staged nullable,"null-count, distinct-count, min/max/length and deterministic transformed-value hash for professional_certificates.status",CONFIRMED source / PROPOSED target
professional_certificates,created_at,timestamp,YES,NULL,timestamp NULL DEFAULT NULL,operations.professional_certificates,created_at,timestamptz,"Interpret using approved legacy application timezone, convert to UTC; UNVERIFIED until timezone approval.",NOT NULL only if source is NOT NULL and profiling proves no invalid/null rows; otherwise staged nullable,"null-count, distinct-count, min/max/length and deterministic transformed-value hash for professional_certificates.created_at",CONFIRMED source / PROPOSED target
professional_certificates,updated_at,timestamp,YES,NULL,timestamp NULL DEFAULT NULL,operations.professional_certificates,updated_at,timestamptz,"Interpret using approved legacy application timezone, convert to UTC; UNVERIFIED until timezone approval.",NOT NULL only if source is NOT NULL and profiling proves no invalid/null rows; otherwise staged nullable,"null-count, distinct-count, min/max/length and deterministic transformed-value hash for professional_certificates.updated_at",CONFIRMED source / PROPOSED target
professional_certificates,created_by,bigint(20),YES,NULL,bigint(20) DEFAULT NULL,operations.professional_certificates,created_by,bigint,Exact integer cast; range-check unsigned values.,NOT NULL only if source is NOT NULL and profiling proves no invalid/null rows; otherwise staged nullable,"null-count, distinct-count, min/max/length and deterministic transformed-value hash for professional_certificates.created_by",CONFIRMED source / PROPOSED target
professional_certificates,updated_by,bigint(20),YES,NULL,bigint(20) DEFAULT NULL,operations.professional_certificates,updated_by,bigint,Exact integer cast; range-check unsigned values.,NOT NULL only if source is NOT NULL and profiling proves no invalid/null rows; otherwise staged nullable,"null-count, distinct-count, min/max/length and deterministic transformed-value hash for professional_certificates.updated_by",CONFIRMED source / PROPOSED target
reports,id,int(10) UNSIGNED,NO,NO DEFAULT,int(10) UNSIGNED NOT NULL,operations.reports,id,bigint,Cast signed/unsigned identifier; resolve through legacy_key_map when relational.,NOT NULL only if source is NOT NULL and profiling proves no invalid/null rows; otherwise staged nullable,"null-count, distinct-count, min/max/length and deterministic transformed-value hash for reports.id",CONFIRMED source / PROPOSED target
reports,name,varchar(255),YES,NULL,varchar(255) DEFAULT NULL,operations.reports,name,text,Preserve exact value initially; normalize only through approved lookup mapping.,NOT NULL only if source is NOT NULL and profiling proves no invalid/null rows; otherwise staged nullable,"null-count, distinct-count, min/max/length and deterministic transformed-value hash for reports.name",CONFIRMED source / PROPOSED target
reports,description,varchar(255),YES,NULL,varchar(255) DEFAULT NULL,operations.reports,description,text,Preserve exact value initially; normalize only through approved lookup mapping.,NOT NULL only if source is NOT NULL and profiling proves no invalid/null rows; otherwise staged nullable,"null-count, distinct-count, min/max/length and deterministic transformed-value hash for reports.description",CONFIRMED source / PROPOSED target
reports,params,mediumtext,YES,NULL,mediumtext DEFAULT NULL,operations.reports,params,text,Preserve bytes/text semantically; file-like JSON handled by document migration.,NOT NULL only if source is NOT NULL and profiling proves no invalid/null rows; otherwise staged nullable,"null-count, distinct-count, min/max/length and deterministic transformed-value hash for reports.params",CONFIRMED source / PROPOSED target
reports,status,char(1),YES,'A',char(1) DEFAULT 'A',operations.reports,status,text,Preserve exact value initially; normalize only through approved lookup mapping.,NOT NULL only if source is NOT NULL and profiling proves no invalid/null rows; otherwise staged nullable,"null-count, distinct-count, min/max/length and deterministic transformed-value hash for reports.status",CONFIRMED source / PROPOSED target
reports,created_at,timestamp,YES,NULL,timestamp NULL DEFAULT NULL,operations.reports,created_at,timestamptz,"Interpret using approved legacy application timezone, convert to UTC; UNVERIFIED until timezone approval.",NOT NULL only if source is NOT NULL and profiling proves no invalid/null rows; otherwise staged nullable,"null-count, distinct-count, min/max/length and deterministic transformed-value hash for reports.created_at",CONFIRMED source / PROPOSED target
reports,updated_at,timestamp,YES,NULL,timestamp NULL DEFAULT NULL,operations.reports,updated_at,timestamptz,"Interpret using approved legacy application timezone, convert to UTC; UNVERIFIED until timezone approval.",NOT NULL only if source is NOT NULL and profiling proves no invalid/null rows; otherwise staged nullable,"null-count, distinct-count, min/max/length and deterministic transformed-value hash for reports.updated_at",CONFIRMED source / PROPOSED target
reports,report_uri,varchar(255),YES,NULL,varchar(255) DEFAULT NULL,operations.reports,report_uri,text,Preserve exact value initially; normalize only through approved lookup mapping.,NOT NULL only if source is NOT NULL and profiling proves no invalid/null rows; otherwise staged nullable,"null-count, distinct-count, min/max/length and deterministic transformed-value hash for reports.report_uri",CONFIRMED source / PROPOSED target
roles,id,bigint(20) UNSIGNED,NO,NO DEFAULT,bigint(20) UNSIGNED NOT NULL,iam.roles,id,bigint,Cast signed/unsigned identifier; resolve through legacy_key_map when relational.,NOT NULL only if source is NOT NULL and profiling proves no invalid/null rows; otherwise staged nullable,"null-count, distinct-count, min/max/length and deterministic transformed-value hash for roles.id",CONFIRMED source / PROPOSED target
roles,name,varchar(255),NO,NO DEFAULT,varchar(255) NOT NULL,iam.roles,name,text,Preserve exact value initially; normalize only through approved lookup mapping.,NOT NULL only if source is NOT NULL and profiling proves no invalid/null rows; otherwise staged nullable,"null-count, distinct-count, min/max/length and deterministic transformed-value hash for roles.name",CONFIRMED source / PROPOSED target
roles,display_name,varchar(255),NO,NO DEFAULT,varchar(255) NOT NULL,iam.roles,display_name,text,Preserve exact value initially; normalize only through approved lookup mapping.,NOT NULL only if source is NOT NULL and profiling proves no invalid/null rows; otherwise staged nullable,"null-count, distinct-count, min/max/length and deterministic transformed-value hash for roles.display_name",CONFIRMED source / PROPOSED target
roles,created_at,timestamp,YES,NULL,timestamp NULL DEFAULT NULL,iam.roles,created_at,timestamptz,"Interpret using approved legacy application timezone, convert to UTC; UNVERIFIED until timezone approval.",NOT NULL only if source is NOT NULL and profiling proves no invalid/null rows; otherwise staged nullable,"null-count, distinct-count, min/max/length and deterministic transformed-value hash for roles.created_at",CONFIRMED source / PROPOSED target
roles,updated_at,timestamp,YES,NULL,timestamp NULL DEFAULT NULL,iam.roles,updated_at,timestamptz,"Interpret using approved legacy application timezone, convert to UTC; UNVERIFIED until timezone approval.",NOT NULL only if source is NOT NULL and profiling proves no invalid/null rows; otherwise staged nullable,"null-count, distinct-count, min/max/length and deterministic transformed-value hash for roles.updated_at",CONFIRMED source / PROPOSED target
selected_candidates,id,int(10) UNSIGNED,NO,NO DEFAULT,int(10) UNSIGNED NOT NULL,candidate.selected_candidates,id,bigint,Cast signed/unsigned identifier; resolve through legacy_key_map when relational.,NOT NULL only if source is NOT NULL and profiling proves no invalid/null rows; otherwise staged nullable,"null-count, distinct-count, min/max/length and deterministic transformed-value hash for selected_candidates.id",CONFIRMED source / PROPOSED target
selected_candidates,candidate_id,int(11),YES,NULL,int(11) DEFAULT NULL,candidate.selected_candidates,candidate_id,bigint,Cast signed/unsigned identifier; resolve through legacy_key_map when relational.,NOT NULL only if source is NOT NULL and profiling proves no invalid/null rows; otherwise staged nullable,"null-count, distinct-count, min/max/length and deterministic transformed-value hash for selected_candidates.candidate_id",CONFIRMED source / PROPOSED target
selected_candidates,created_at,timestamp,YES,NULL,timestamp NULL DEFAULT NULL,candidate.selected_candidates,created_at,timestamptz,"Interpret using approved legacy application timezone, convert to UTC; UNVERIFIED until timezone approval.",NOT NULL only if source is NOT NULL and profiling proves no invalid/null rows; otherwise staged nullable,"null-count, distinct-count, min/max/length and deterministic transformed-value hash for selected_candidates.created_at",CONFIRMED source / PROPOSED target
selected_candidates,updated_at,timestamp,YES,NULL,timestamp NULL DEFAULT NULL,candidate.selected_candidates,updated_at,timestamptz,"Interpret using approved legacy application timezone, convert to UTC; UNVERIFIED until timezone approval.",NOT NULL only if source is NOT NULL and profiling proves no invalid/null rows; otherwise staged nullable,"null-count, distinct-count, min/max/length and deterministic transformed-value hash for selected_candidates.updated_at",CONFIRMED source / PROPOSED target
selected_candidates,position,varchar(255),YES,NULL,varchar(255) DEFAULT NULL,candidate.selected_candidates,position,text,Preserve exact value initially; normalize only through approved lookup mapping.,NOT NULL only if source is NOT NULL and profiling proves no invalid/null rows; otherwise staged nullable,"null-count, distinct-count, min/max/length and deterministic transformed-value hash for selected_candidates.position",CONFIRMED source / PROPOSED target
settings,id,int(10) UNSIGNED,NO,NO DEFAULT,int(10) UNSIGNED NOT NULL,legacy_platform.settings,id,bigint,Cast signed/unsigned identifier; resolve through legacy_key_map when relational.,NOT NULL only if source is NOT NULL and profiling proves no invalid/null rows; otherwise staged nullable,"null-count, distinct-count, min/max/length and deterministic transformed-value hash for settings.id",CONFIRMED source / PROPOSED target
settings,key,varchar(255),NO,NO DEFAULT,varchar(255) NOT NULL,legacy_platform.settings,key,text,Preserve exact value initially; normalize only through approved lookup mapping.,NOT NULL only if source is NOT NULL and profiling proves no invalid/null rows; otherwise staged nullable,"null-count, distinct-count, min/max/length and deterministic transformed-value hash for settings.key",CONFIRMED source / PROPOSED target
settings,display_name,varchar(255),NO,NO DEFAULT,varchar(255) NOT NULL,legacy_platform.settings,display_name,text,Preserve exact value initially; normalize only through approved lookup mapping.,NOT NULL only if source is NOT NULL and profiling proves no invalid/null rows; otherwise staged nullable,"null-count, distinct-count, min/max/length and deterministic transformed-value hash for settings.display_name",CONFIRMED source / PROPOSED target
settings,value,text,YES,NULL,text DEFAULT NULL,legacy_platform.settings,value,text,Preserve bytes/text semantically; file-like JSON handled by document migration.,NOT NULL only if source is NOT NULL and profiling proves no invalid/null rows; otherwise staged nullable,"null-count, distinct-count, min/max/length and deterministic transformed-value hash for settings.value",CONFIRMED source / PROPOSED target
settings,details,text,YES,NULL,text DEFAULT NULL,legacy_platform.settings,details,text,Preserve bytes/text semantically; file-like JSON handled by document migration.,NOT NULL only if source is NOT NULL and profiling proves no invalid/null rows; otherwise staged nullable,"null-count, distinct-count, min/max/length and deterministic transformed-value hash for settings.details",CONFIRMED source / PROPOSED target
settings,type,varchar(255),NO,NO DEFAULT,varchar(255) NOT NULL,legacy_platform.settings,type,text,Preserve exact value initially; normalize only through approved lookup mapping.,NOT NULL only if source is NOT NULL and profiling proves no invalid/null rows; otherwise staged nullable,"null-count, distinct-count, min/max/length and deterministic transformed-value hash for settings.type",CONFIRMED source / PROPOSED target
settings,order,int(11),NO,1,int(11) NOT NULL DEFAULT 1,legacy_platform.settings,order,integer,Exact integer cast; range-check unsigned values.,NOT NULL only if source is NOT NULL and profiling proves no invalid/null rows; otherwise staged nullable,"null-count, distinct-count, min/max/length and deterministic transformed-value hash for settings.order",CONFIRMED source / PROPOSED target
settings,group,varchar(255),YES,NULL,varchar(255) DEFAULT NULL,legacy_platform.settings,group,text,Preserve exact value initially; normalize only through approved lookup mapping.,NOT NULL only if source is NOT NULL and profiling proves no invalid/null rows; otherwise staged nullable,"null-count, distinct-count, min/max/length and deterministic transformed-value hash for settings.group",CONFIRMED source / PROPOSED target
skill_list,id,int(10) UNSIGNED,NO,NO DEFAULT,int(10) UNSIGNED NOT NULL,operations.skill_list,id,bigint,Cast signed/unsigned identifier; resolve through legacy_key_map when relational.,NOT NULL only if source is NOT NULL and profiling proves no invalid/null rows; otherwise staged nullable,"null-count, distinct-count, min/max/length and deterministic transformed-value hash for skill_list.id",CONFIRMED source / PROPOSED target
skill_list,user_id,int(11),YES,NULL,int(11) DEFAULT NULL,operations.skill_list,user_id,bigint,Cast signed/unsigned identifier; resolve through legacy_key_map when relational.,NOT NULL only if source is NOT NULL and profiling proves no invalid/null rows; otherwise staged nullable,"null-count, distinct-count, min/max/length and deterministic transformed-value hash for skill_list.user_id",CONFIRMED source / PROPOSED target
skill_list,skill_name,varchar(255),YES,NULL,varchar(255) DEFAULT NULL,operations.skill_list,skill_name,text,Preserve exact value initially; normalize only through approved lookup mapping.,NOT NULL only if source is NOT NULL and profiling proves no invalid/null rows; otherwise staged nullable,"null-count, distinct-count, min/max/length and deterministic transformed-value hash for skill_list.skill_name",CONFIRMED source / PROPOSED target
skill_list,created_at,timestamp,YES,NULL,timestamp NULL DEFAULT NULL,operations.skill_list,created_at,timestamptz,"Interpret using approved legacy application timezone, convert to UTC; UNVERIFIED until timezone approval.",NOT NULL only if source is NOT NULL and profiling proves no invalid/null rows; otherwise staged nullable,"null-count, distinct-count, min/max/length and deterministic transformed-value hash for skill_list.created_at",CONFIRMED source / PROPOSED target
skill_list,updated_at,timestamp,YES,NULL,timestamp NULL DEFAULT NULL,operations.skill_list,updated_at,timestamptz,"Interpret using approved legacy application timezone, convert to UTC; UNVERIFIED until timezone approval.",NOT NULL only if source is NOT NULL and profiling proves no invalid/null rows; otherwise staged nullable,"null-count, distinct-count, min/max/length and deterministic transformed-value hash for skill_list.updated_at",CONFIRMED source / PROPOSED target
skills,id,bigint(20),NO,NO DEFAULT,bigint(20) NOT NULL,operations.skills,id,bigint,Cast signed/unsigned identifier; resolve through legacy_key_map when relational.,NOT NULL only if source is NOT NULL and profiling proves no invalid/null rows; otherwise staged nullable,"null-count, distinct-count, min/max/length and deterministic transformed-value hash for skills.id",CONFIRMED source / PROPOSED target
skills,user_id,bigint(20),NO,NO DEFAULT,bigint(20) NOT NULL,operations.skills,user_id,bigint,Cast signed/unsigned identifier; resolve through legacy_key_map when relational.,NOT NULL only if source is NOT NULL and profiling proves no invalid/null rows; otherwise staged nullable,"null-count, distinct-count, min/max/length and deterministic transformed-value hash for skills.user_id",CONFIRMED source / PROPOSED target
skills,title,varchar(250),YES,NULL,varchar(250) DEFAULT NULL,operations.skills,title,text,Preserve exact value initially; normalize only through approved lookup mapping.,NOT NULL only if source is NOT NULL and profiling proves no invalid/null rows; otherwise staged nullable,"null-count, distinct-count, min/max/length and deterministic transformed-value hash for skills.title",CONFIRMED source / PROPOSED target
skills,institute_name,varchar(250),YES,NULL,varchar(250) DEFAULT NULL,operations.skills,institute_name,text,Preserve exact value initially; normalize only through approved lookup mapping.,NOT NULL only if source is NOT NULL and profiling proves no invalid/null rows; otherwise staged nullable,"null-count, distinct-count, min/max/length and deterministic transformed-value hash for skills.institute_name",CONFIRMED source / PROPOSED target
skills,details,varchar(250),YES,NULL,varchar(250) DEFAULT NULL,operations.skills,details,text,Preserve exact value initially; normalize only through approved lookup mapping.,NOT NULL only if source is NOT NULL and profiling proves no invalid/null rows; otherwise staged nullable,"null-count, distinct-count, min/max/length and deterministic transformed-value hash for skills.details",CONFIRMED source / PROPOSED target
skills,result_score,float,YES,0,float DEFAULT 0,operations.skills,result_score,"numeric(20,6)",Parse decimal representation; compare source text and target numeric.,NOT NULL only if source is NOT NULL and profiling proves no invalid/null rows; otherwise staged nullable,"null-count, distinct-count, min/max/length and deterministic transformed-value hash for skills.result_score",CONFIRMED source / PROPOSED target
skills,certificate_file_path,varchar(250),YES,NULL,varchar(250) DEFAULT NULL,operations.skills,certificate_file_id,text,Preserve exact value initially; normalize only through approved lookup mapping.,NOT NULL only if source is NOT NULL and profiling proves no invalid/null rows; otherwise staged nullable,"null-count, distinct-count, min/max/length and deterministic transformed-value hash for skills.certificate_file_path",CONFIRMED source / PROPOSED target
skills,status,char(5),YES,'A',char(5) DEFAULT 'A',operations.skills,status,text,Preserve exact value initially; normalize only through approved lookup mapping.,NOT NULL only if source is NOT NULL and profiling proves no invalid/null rows; otherwise staged nullable,"null-count, distinct-count, min/max/length and deterministic transformed-value hash for skills.status",CONFIRMED source / PROPOSED target
skills,created_at,timestamp,YES,NULL,timestamp NULL DEFAULT NULL,operations.skills,created_at,timestamptz,"Interpret using approved legacy application timezone, convert to UTC; UNVERIFIED until timezone approval.",NOT NULL only if source is NOT NULL and profiling proves no invalid/null rows; otherwise staged nullable,"null-count, distinct-count, min/max/length and deterministic transformed-value hash for skills.created_at",CONFIRMED source / PROPOSED target
skills,updated_at,timestamp,YES,NULL,timestamp NULL DEFAULT NULL,operations.skills,updated_at,timestamptz,"Interpret using approved legacy application timezone, convert to UTC; UNVERIFIED until timezone approval.",NOT NULL only if source is NOT NULL and profiling proves no invalid/null rows; otherwise staged nullable,"null-count, distinct-count, min/max/length and deterministic transformed-value hash for skills.updated_at",CONFIRMED source / PROPOSED target
skills,created_by,bigint(20),YES,NULL,bigint(20) DEFAULT NULL,operations.skills,created_by,bigint,Exact integer cast; range-check unsigned values.,NOT NULL only if source is NOT NULL and profiling proves no invalid/null rows; otherwise staged nullable,"null-count, distinct-count, min/max/length and deterministic transformed-value hash for skills.created_by",CONFIRMED source / PROPOSED target
skills,updated_by,bigint(20),YES,NULL,bigint(20) DEFAULT NULL,operations.skills,updated_by,bigint,Exact integer cast; range-check unsigned values.,NOT NULL only if source is NOT NULL and profiling proves no invalid/null rows; otherwise staged nullable,"null-count, distinct-count, min/max/length and deterministic transformed-value hash for skills.updated_by",CONFIRMED source / PROPOSED target
skills,exam_score,float,YES,0,float DEFAULT 0,operations.skills,exam_score,"numeric(20,6)",Parse decimal representation; compare source text and target numeric.,NOT NULL only if source is NOT NULL and profiling proves no invalid/null rows; otherwise staged nullable,"null-count, distinct-count, min/max/length and deterministic transformed-value hash for skills.exam_score",CONFIRMED source / PROPOSED target
sub_agent_payment_requests,id,int(10) UNSIGNED,NO,NO DEFAULT,int(10) UNSIGNED NOT NULL,finance.payment_requests,id,bigint,Cast signed/unsigned identifier; resolve through legacy_key_map when relational.,NOT NULL only if source is NOT NULL and profiling proves no invalid/null rows; otherwise staged nullable,"null-count, distinct-count, min/max/length and deterministic transformed-value hash for sub_agent_payment_requests.id",CONFIRMED source / PROPOSED target
sub_agent_payment_requests,bill_title,varchar(255),YES,NULL,varchar(255) DEFAULT NULL,finance.payment_requests,bill_title,text,Preserve exact value initially; normalize only through approved lookup mapping.,NOT NULL only if source is NOT NULL and profiling proves no invalid/null rows; otherwise staged nullable,"null-count, distinct-count, min/max/length and deterministic transformed-value hash for sub_agent_payment_requests.bill_title",CONFIRMED source / PROPOSED target
sub_agent_payment_requests,sub_agent_id,int(11),YES,NULL,int(11) DEFAULT NULL,finance.payment_requests,sub_agent_id,bigint,Cast signed/unsigned identifier; resolve through legacy_key_map when relational.,NOT NULL only if source is NOT NULL and profiling proves no invalid/null rows; otherwise staged nullable,"null-count, distinct-count, min/max/length and deterministic transformed-value hash for sub_agent_payment_requests.sub_agent_id",CONFIRMED source / PROPOSED target
sub_agent_payment_requests,group_id,int(11),YES,NULL,int(11) DEFAULT NULL,finance.payment_requests,group_id,bigint,Cast signed/unsigned identifier; resolve through legacy_key_map when relational.,NOT NULL only if source is NOT NULL and profiling proves no invalid/null rows; otherwise staged nullable,"null-count, distinct-count, min/max/length and deterministic transformed-value hash for sub_agent_payment_requests.group_id",CONFIRMED source / PROPOSED target
sub_agent_payment_requests,candidate_id,int(11),YES,NULL,int(11) DEFAULT NULL,finance.payment_requests,candidate_id,bigint,Cast signed/unsigned identifier; resolve through legacy_key_map when relational.,NOT NULL only if source is NOT NULL and profiling proves no invalid/null rows; otherwise staged nullable,"null-count, distinct-count, min/max/length and deterministic transformed-value hash for sub_agent_payment_requests.candidate_id",CONFIRMED source / PROPOSED target
sub_agent_payment_requests,amount,float,YES,0,float DEFAULT 0,finance.payment_requests,amount,"numeric(20,6)",Parse decimal text exactly; no binary-float arithmetic; round only at posted transaction boundary.,NOT NULL only if source is NOT NULL and profiling proves no invalid/null rows; otherwise staged nullable,"null-count, distinct-count, min/max/length and deterministic transformed-value hash for sub_agent_payment_requests.amount",CONFIRMED source / PROPOSED target
sub_agent_payment_requests,status,char(5),YES,'P',char(5) DEFAULT 'P',finance.payment_requests,status,text,Preserve exact value initially; normalize only through approved lookup mapping.,NOT NULL only if source is NOT NULL and profiling proves no invalid/null rows; otherwise staged nullable,"null-count, distinct-count, min/max/length and deterministic transformed-value hash for sub_agent_payment_requests.status",CONFIRMED source / PROPOSED target
sub_agent_payment_requests,payment_id,int(11),YES,NULL,int(11) DEFAULT NULL,finance.payment_requests,payment_id,bigint,Cast signed/unsigned identifier; resolve through legacy_key_map when relational.,NOT NULL only if source is NOT NULL and profiling proves no invalid/null rows; otherwise staged nullable,"null-count, distinct-count, min/max/length and deterministic transformed-value hash for sub_agent_payment_requests.payment_id",CONFIRMED source / PROPOSED target
sub_agent_payment_requests,remarks,varchar(255),YES,NULL,varchar(255) DEFAULT NULL,finance.payment_requests,remarks,text,Preserve exact value initially; normalize only through approved lookup mapping.,NOT NULL only if source is NOT NULL and profiling proves no invalid/null rows; otherwise staged nullable,"null-count, distinct-count, min/max/length and deterministic transformed-value hash for sub_agent_payment_requests.remarks",CONFIRMED source / PROPOSED target
sub_agent_payment_requests,created_at,timestamp,YES,NULL,timestamp NULL DEFAULT NULL,finance.payment_requests,created_at,timestamptz,"Interpret using approved legacy application timezone, convert to UTC; UNVERIFIED until timezone approval.",NOT NULL only if source is NOT NULL and profiling proves no invalid/null rows; otherwise staged nullable,"null-count, distinct-count, min/max/length and deterministic transformed-value hash for sub_agent_payment_requests.created_at",CONFIRMED source / PROPOSED target
sub_agent_payment_requests,updated_at,timestamp,YES,NULL,timestamp NULL DEFAULT NULL,finance.payment_requests,updated_at,timestamptz,"Interpret using approved legacy application timezone, convert to UTC; UNVERIFIED until timezone approval.",NOT NULL only if source is NOT NULL and profiling proves no invalid/null rows; otherwise staged nullable,"null-count, distinct-count, min/max/length and deterministic transformed-value hash for sub_agent_payment_requests.updated_at",CONFIRMED source / PROPOSED target
sub_agents,id,bigint(20) UNSIGNED,NO,NO DEFAULT,bigint(20) UNSIGNED NOT NULL,operations.sub_agents,id,bigint,Cast signed/unsigned identifier; resolve through legacy_key_map when relational.,NOT NULL only if source is NOT NULL and profiling proves no invalid/null rows; otherwise staged nullable,"null-count, distinct-count, min/max/length and deterministic transformed-value hash for sub_agents.id",CONFIRMED source / PROPOSED target
sub_agents,code,varchar(100),YES,NULL,varchar(100) DEFAULT NULL,operations.sub_agents,code,text,Preserve exact value initially; normalize only through approved lookup mapping.,NOT NULL only if source is NOT NULL and profiling proves no invalid/null rows; otherwise staged nullable,"null-count, distinct-count, min/max/length and deterministic transformed-value hash for sub_agents.code",CONFIRMED source / PROPOSED target
sub_agents,agent_id,bigint(20) UNSIGNED,NO,NO DEFAULT,bigint(20) UNSIGNED NOT NULL,operations.sub_agents,agent_id,bigint,Cast signed/unsigned identifier; resolve through legacy_key_map when relational.,NOT NULL only if source is NOT NULL and profiling proves no invalid/null rows; otherwise staged nullable,"null-count, distinct-count, min/max/length and deterministic transformed-value hash for sub_agents.agent_id",CONFIRMED source / PROPOSED target
sub_agents,name,varchar(100),YES,NULL,varchar(100) DEFAULT NULL,operations.sub_agents,name,text,Preserve exact value initially; normalize only through approved lookup mapping.,NOT NULL only if source is NOT NULL and profiling proves no invalid/null rows; otherwise staged nullable,"null-count, distinct-count, min/max/length and deterministic transformed-value hash for sub_agents.name",CONFIRMED source / PROPOSED target
sub_agents,email,varchar(250),YES,NULL,varchar(250) DEFAULT NULL,operations.sub_agents,email,text,Preserve exact value initially; normalize only through approved lookup mapping.,NOT NULL only if source is NOT NULL and profiling proves no invalid/null rows; otherwise staged nullable,"null-count, distinct-count, min/max/length and deterministic transformed-value hash for sub_agents.email",CONFIRMED source / PROPOSED target
sub_agents,secondary_email,varchar(250),YES,NULL,varchar(250) DEFAULT NULL,operations.sub_agents,secondary_email,text,Preserve exact value initially; normalize only through approved lookup mapping.,NOT NULL only if source is NOT NULL and profiling proves no invalid/null rows; otherwise staged nullable,"null-count, distinct-count, min/max/length and deterministic transformed-value hash for sub_agents.secondary_email",CONFIRMED source / PROPOSED target
sub_agents,mobile,varchar(250),YES,NULL,varchar(250) DEFAULT NULL,operations.sub_agents,mobile,text,Preserve exact value initially; normalize only through approved lookup mapping.,NOT NULL only if source is NOT NULL and profiling proves no invalid/null rows; otherwise staged nullable,"null-count, distinct-count, min/max/length and deterministic transformed-value hash for sub_agents.mobile",CONFIRMED source / PROPOSED target
sub_agents,secondary_mobile,varchar(250),YES,NULL,varchar(250) DEFAULT NULL,operations.sub_agents,secondary_mobile,text,Preserve exact value initially; normalize only through approved lookup mapping.,NOT NULL only if source is NOT NULL and profiling proves no invalid/null rows; otherwise staged nullable,"null-count, distinct-count, min/max/length and deterministic transformed-value hash for sub_agents.secondary_mobile",CONFIRMED source / PROPOSED target
sub_agents,emergency_mobile,varchar(250),YES,NULL,varchar(250) DEFAULT NULL,operations.sub_agents,emergency_mobile,text,Preserve exact value initially; normalize only through approved lookup mapping.,NOT NULL only if source is NOT NULL and profiling proves no invalid/null rows; otherwise staged nullable,"null-count, distinct-count, min/max/length and deterministic transformed-value hash for sub_agents.emergency_mobile",CONFIRMED source / PROPOSED target
sub_agents,bid,varchar(250),YES,NULL,varchar(250) DEFAULT NULL,operations.sub_agents,bid,text,Preserve exact value initially; normalize only through approved lookup mapping.,NOT NULL only if source is NOT NULL and profiling proves no invalid/null rows; otherwise staged nullable,"null-count, distinct-count, min/max/length and deterministic transformed-value hash for sub_agents.bid",CONFIRMED source / PROPOSED target
sub_agents,bid_file_path,varchar(255),YES,NULL,varchar(255) DEFAULT NULL,operations.sub_agents,bid_file_id,text,Preserve exact value initially; normalize only through approved lookup mapping.,NOT NULL only if source is NOT NULL and profiling proves no invalid/null rows; otherwise staged nullable,"null-count, distinct-count, min/max/length and deterministic transformed-value hash for sub_agents.bid_file_path",CONFIRMED source / PROPOSED target
sub_agents,nid,varchar(250),YES,NULL,varchar(250) DEFAULT NULL,operations.sub_agents,nid,text,Preserve exact value initially; normalize only through approved lookup mapping.,NOT NULL only if source is NOT NULL and profiling proves no invalid/null rows; otherwise staged nullable,"null-count, distinct-count, min/max/length and deterministic transformed-value hash for sub_agents.nid",CONFIRMED source / PROPOSED target
sub_agents,nid_file_path,varchar(255),YES,NULL,varchar(255) DEFAULT NULL,operations.sub_agents,nid_file_id,text,Preserve exact value initially; normalize only through approved lookup mapping.,NOT NULL only if source is NOT NULL and profiling proves no invalid/null rows; otherwise staged nullable,"null-count, distinct-count, min/max/length and deterministic transformed-value hash for sub_agents.nid_file_path",CONFIRMED source / PROPOSED target
sub_agents,passport_no,varchar(250),YES,NULL,varchar(250) DEFAULT NULL,operations.sub_agents,passport_no,text,Preserve exact value initially; normalize only through approved lookup mapping.,NOT NULL only if source is NOT NULL and profiling proves no invalid/null rows; otherwise staged nullable,"null-count, distinct-count, min/max/length and deterministic transformed-value hash for sub_agents.passport_no",CONFIRMED source / PROPOSED target
sub_agents,passport_issue_date,date,YES,NULL,date DEFAULT NULL,operations.sub_agents,passport_issue_date,date,ISO date cast; reject zero/invalid dates.,NOT NULL only if source is NOT NULL and profiling proves no invalid/null rows; otherwise staged nullable,"null-count, distinct-count, min/max/length and deterministic transformed-value hash for sub_agents.passport_issue_date",CONFIRMED source / PROPOSED target
sub_agents,passport_expire_date,date,YES,NULL,date DEFAULT NULL,operations.sub_agents,passport_expire_date,date,ISO date cast; reject zero/invalid dates.,NOT NULL only if source is NOT NULL and profiling proves no invalid/null rows; otherwise staged nullable,"null-count, distinct-count, min/max/length and deterministic transformed-value hash for sub_agents.passport_expire_date",CONFIRMED source / PROPOSED target
sub_agents,passport_file_path,varchar(250),YES,NULL,varchar(250) DEFAULT NULL,operations.sub_agents,passport_file_id,text,Preserve exact value initially; normalize only through approved lookup mapping.,NOT NULL only if source is NOT NULL and profiling proves no invalid/null rows; otherwise staged nullable,"null-count, distinct-count, min/max/length and deterministic transformed-value hash for sub_agents.passport_file_path",CONFIRMED source / PROPOSED target
sub_agents,dob,date,YES,NULL,date DEFAULT NULL,operations.sub_agents,dob,date,ISO date cast; reject zero/invalid dates.,NOT NULL only if source is NOT NULL and profiling proves no invalid/null rows; otherwise staged nullable,"null-count, distinct-count, min/max/length and deterministic transformed-value hash for sub_agents.dob",CONFIRMED source / PROPOSED target
sub_agents,full_photo_file_path,varchar(255),YES,NULL,varchar(255) DEFAULT NULL,operations.sub_agents,full_photo_file_id,text,Preserve exact value initially; normalize only through approved lookup mapping.,NOT NULL only if source is NOT NULL and profiling proves no invalid/null rows; otherwise staged nullable,"null-count, distinct-count, min/max/length and deterministic transformed-value hash for sub_agents.full_photo_file_path",CONFIRMED source / PROPOSED target
sub_agents,half_photo_file_path,varchar(255),YES,NULL,varchar(255) DEFAULT NULL,operations.sub_agents,half_photo_file_id,text,Preserve exact value initially; normalize only through approved lookup mapping.,NOT NULL only if source is NOT NULL and profiling proves no invalid/null rows; otherwise staged nullable,"null-count, distinct-count, min/max/length and deterministic transformed-value hash for sub_agents.half_photo_file_path",CONFIRMED source / PROPOSED target
sub_agents,father_name,varchar(50),YES,NULL,varchar(50) DEFAULT NULL,operations.sub_agents,father_name,text,Preserve exact value initially; normalize only through approved lookup mapping.,NOT NULL only if source is NOT NULL and profiling proves no invalid/null rows; otherwise staged nullable,"null-count, distinct-count, min/max/length and deterministic transformed-value hash for sub_agents.father_name",CONFIRMED source / PROPOSED target
sub_agents,mother_name,varchar(50),YES,NULL,varchar(50) DEFAULT NULL,operations.sub_agents,mother_name,text,Preserve exact value initially; normalize only through approved lookup mapping.,NOT NULL only if source is NOT NULL and profiling proves no invalid/null rows; otherwise staged nullable,"null-count, distinct-count, min/max/length and deterministic transformed-value hash for sub_agents.mother_name",CONFIRMED source / PROPOSED target
sub_agents,nationality,varchar(20),YES,NULL,varchar(20) DEFAULT NULL,operations.sub_agents,nationality,text,Preserve exact value initially; normalize only through approved lookup mapping.,NOT NULL only if source is NOT NULL and profiling proves no invalid/null rows; otherwise staged nullable,"null-count, distinct-count, min/max/length and deterministic transformed-value hash for sub_agents.nationality",CONFIRMED source / PROPOSED target
sub_agents,gender,varchar(20),YES,NULL,varchar(20) DEFAULT NULL,operations.sub_agents,gender,text,Preserve exact value initially; normalize only through approved lookup mapping.,NOT NULL only if source is NOT NULL and profiling proves no invalid/null rows; otherwise staged nullable,"null-count, distinct-count, min/max/length and deterministic transformed-value hash for sub_agents.gender",CONFIRMED source / PROPOSED target
sub_agents,blood_group,varchar(20),YES,NULL,varchar(20) DEFAULT NULL,operations.sub_agents,blood_group,text,Preserve exact value initially; normalize only through approved lookup mapping.,NOT NULL only if source is NOT NULL and profiling proves no invalid/null rows; otherwise staged nullable,"null-count, distinct-count, min/max/length and deterministic transformed-value hash for sub_agents.blood_group",CONFIRMED source / PROPOSED target
sub_agents,present_address_house,varchar(200),YES,NULL,varchar(200) DEFAULT NULL,operations.sub_agents,present_address_house,text,Preserve exact value initially; normalize only through approved lookup mapping.,NOT NULL only if source is NOT NULL and profiling proves no invalid/null rows; otherwise staged nullable,"null-count, distinct-count, min/max/length and deterministic transformed-value hash for sub_agents.present_address_house",CONFIRMED source / PROPOSED target
sub_agents,present_address_road,varchar(20),YES,NULL,varchar(20) DEFAULT NULL,operations.sub_agents,present_address_road,text,Preserve exact value initially; normalize only through approved lookup mapping.,NOT NULL only if source is NOT NULL and profiling proves no invalid/null rows; otherwise staged nullable,"null-count, distinct-count, min/max/length and deterministic transformed-value hash for sub_agents.present_address_road",CONFIRMED source / PROPOSED target
sub_agents,present_address_village,varchar(20),YES,NULL,varchar(20) DEFAULT NULL,operations.sub_agents,present_address_village,text,Preserve exact value initially; normalize only through approved lookup mapping.,NOT NULL only if source is NOT NULL and profiling proves no invalid/null rows; otherwise staged nullable,"null-count, distinct-count, min/max/length and deterministic transformed-value hash for sub_agents.present_address_village",CONFIRMED source / PROPOSED target
sub_agents,present_address_post,varchar(20),YES,NULL,varchar(20) DEFAULT NULL,operations.sub_agents,present_address_post,text,Preserve exact value initially; normalize only through approved lookup mapping.,NOT NULL only if source is NOT NULL and profiling proves no invalid/null rows; otherwise staged nullable,"null-count, distinct-count, min/max/length and deterministic transformed-value hash for sub_agents.present_address_post",CONFIRMED source / PROPOSED target
sub_agents,present_address_thana_id,bigint(20),YES,NULL,bigint(20) DEFAULT NULL,operations.sub_agents,present_address_thana_id,bigint,Cast signed/unsigned identifier; resolve through legacy_key_map when relational.,NOT NULL only if source is NOT NULL and profiling proves no invalid/null rows; otherwise staged nullable,"null-count, distinct-count, min/max/length and deterministic transformed-value hash for sub_agents.present_address_thana_id",CONFIRMED source / PROPOSED target
sub_agents,present_address_district_id,bigint(20),YES,NULL,bigint(20) DEFAULT NULL,operations.sub_agents,present_address_district_id,bigint,Cast signed/unsigned identifier; resolve through legacy_key_map when relational.,NOT NULL only if source is NOT NULL and profiling proves no invalid/null rows; otherwise staged nullable,"null-count, distinct-count, min/max/length and deterministic transformed-value hash for sub_agents.present_address_district_id",CONFIRMED source / PROPOSED target
sub_agents,present_address_division_id,bigint(20),YES,NULL,bigint(20) DEFAULT NULL,operations.sub_agents,present_address_division_id,bigint,Cast signed/unsigned identifier; resolve through legacy_key_map when relational.,NOT NULL only if source is NOT NULL and profiling proves no invalid/null rows; otherwise staged nullable,"null-count, distinct-count, min/max/length and deterministic transformed-value hash for sub_agents.present_address_division_id",CONFIRMED source / PROPOSED target
sub_agents,permanent_address_house,varchar(200),YES,NULL,varchar(200) DEFAULT NULL,operations.sub_agents,permanent_address_house,text,Preserve exact value initially; normalize only through approved lookup mapping.,NOT NULL only if source is NOT NULL and profiling proves no invalid/null rows; otherwise staged nullable,"null-count, distinct-count, min/max/length and deterministic transformed-value hash for sub_agents.permanent_address_house",CONFIRMED source / PROPOSED target
sub_agents,permanent_address_road,varchar(20),YES,NULL,varchar(20) DEFAULT NULL,operations.sub_agents,permanent_address_road,text,Preserve exact value initially; normalize only through approved lookup mapping.,NOT NULL only if source is NOT NULL and profiling proves no invalid/null rows; otherwise staged nullable,"null-count, distinct-count, min/max/length and deterministic transformed-value hash for sub_agents.permanent_address_road",CONFIRMED source / PROPOSED target
sub_agents,permanent_address_village,varchar(20),YES,NULL,varchar(20) DEFAULT NULL,operations.sub_agents,permanent_address_village,text,Preserve exact value initially; normalize only through approved lookup mapping.,NOT NULL only if source is NOT NULL and profiling proves no invalid/null rows; otherwise staged nullable,"null-count, distinct-count, min/max/length and deterministic transformed-value hash for sub_agents.permanent_address_village",CONFIRMED source / PROPOSED target
sub_agents,permanent_address_post,varchar(20),YES,NULL,varchar(20) DEFAULT NULL,operations.sub_agents,permanent_address_post,text,Preserve exact value initially; normalize only through approved lookup mapping.,NOT NULL only if source is NOT NULL and profiling proves no invalid/null rows; otherwise staged nullable,"null-count, distinct-count, min/max/length and deterministic transformed-value hash for sub_agents.permanent_address_post",CONFIRMED source / PROPOSED target
sub_agents,permanent_address_thana_id,bigint(20),YES,NULL,bigint(20) DEFAULT NULL,operations.sub_agents,permanent_address_thana_id,bigint,Cast signed/unsigned identifier; resolve through legacy_key_map when relational.,NOT NULL only if source is NOT NULL and profiling proves no invalid/null rows; otherwise staged nullable,"null-count, distinct-count, min/max/length and deterministic transformed-value hash for sub_agents.permanent_address_thana_id",CONFIRMED source / PROPOSED target
sub_agents,permanent_address_district_id,bigint(20),YES,NULL,bigint(20) DEFAULT NULL,operations.sub_agents,permanent_address_district_id,bigint,Cast signed/unsigned identifier; resolve through legacy_key_map when relational.,NOT NULL only if source is NOT NULL and profiling proves no invalid/null rows; otherwise staged nullable,"null-count, distinct-count, min/max/length and deterministic transformed-value hash for sub_agents.permanent_address_district_id",CONFIRMED source / PROPOSED target
sub_agents,permanent_address_division_id,bigint(20),YES,NULL,bigint(20) DEFAULT NULL,operations.sub_agents,permanent_address_division_id,bigint,Cast signed/unsigned identifier; resolve through legacy_key_map when relational.,NOT NULL only if source is NOT NULL and profiling proves no invalid/null rows; otherwise staged nullable,"null-count, distinct-count, min/max/length and deterministic transformed-value hash for sub_agents.permanent_address_division_id",CONFIRMED source / PROPOSED target
sub_agents,basic_info_career,varchar(250),YES,NULL,varchar(250) DEFAULT NULL,operations.sub_agents,basic_info_career,text,Preserve exact value initially; normalize only through approved lookup mapping.,NOT NULL only if source is NOT NULL and profiling proves no invalid/null rows; otherwise staged nullable,"null-count, distinct-count, min/max/length and deterministic transformed-value hash for sub_agents.basic_info_career",CONFIRMED source / PROPOSED target
sub_agents,basic_info_special,varchar(250),YES,NULL,varchar(250) DEFAULT NULL,operations.sub_agents,basic_info_special,text,Preserve exact value initially; normalize only through approved lookup mapping.,NOT NULL only if source is NOT NULL and profiling proves no invalid/null rows; otherwise staged nullable,"null-count, distinct-count, min/max/length and deterministic transformed-value hash for sub_agents.basic_info_special",CONFIRMED source / PROPOSED target
sub_agents,other_skills,varchar(250),YES,NULL,varchar(250) DEFAULT NULL,operations.sub_agents,other_skills,text,Preserve exact value initially; normalize only through approved lookup mapping.,NOT NULL only if source is NOT NULL and profiling proves no invalid/null rows; otherwise staged nullable,"null-count, distinct-count, min/max/length and deterministic transformed-value hash for sub_agents.other_skills",CONFIRMED source / PROPOSED target
sub_agents,balance,float,YES,0,float DEFAULT 0,operations.sub_agents,balance,"numeric(20,6)",Parse decimal text exactly; no binary-float arithmetic; round only at posted transaction boundary.,NOT NULL only if source is NOT NULL and profiling proves no invalid/null rows; otherwise staged nullable,"null-count, distinct-count, min/max/length and deterministic transformed-value hash for sub_agents.balance",CONFIRMED source / PROPOSED target
sub_agents,cv_file_path,varchar(250),YES,NULL,varchar(250) DEFAULT NULL,operations.sub_agents,cv_file_id,text,Preserve exact value initially; normalize only through approved lookup mapping.,NOT NULL only if source is NOT NULL and profiling proves no invalid/null rows; otherwise staged nullable,"null-count, distinct-count, min/max/length and deterministic transformed-value hash for sub_agents.cv_file_path",CONFIRMED source / PROPOSED target
sub_agents,status,char(5),YES,'A',char(5) DEFAULT 'A',operations.sub_agents,status,text,Preserve exact value initially; normalize only through approved lookup mapping.,NOT NULL only if source is NOT NULL and profiling proves no invalid/null rows; otherwise staged nullable,"null-count, distinct-count, min/max/length and deterministic transformed-value hash for sub_agents.status",CONFIRMED source / PROPOSED target
sub_agents,created_at,timestamp,YES,NULL,timestamp NULL DEFAULT NULL,operations.sub_agents,created_at,timestamptz,"Interpret using approved legacy application timezone, convert to UTC; UNVERIFIED until timezone approval.",NOT NULL only if source is NOT NULL and profiling proves no invalid/null rows; otherwise staged nullable,"null-count, distinct-count, min/max/length and deterministic transformed-value hash for sub_agents.created_at",CONFIRMED source / PROPOSED target
sub_agents,updated_at,timestamp,YES,NULL,timestamp NULL DEFAULT NULL,operations.sub_agents,updated_at,timestamptz,"Interpret using approved legacy application timezone, convert to UTC; UNVERIFIED until timezone approval.",NOT NULL only if source is NOT NULL and profiling proves no invalid/null rows; otherwise staged nullable,"null-count, distinct-count, min/max/length and deterministic transformed-value hash for sub_agents.updated_at",CONFIRMED source / PROPOSED target
teachers,id,bigint(20) UNSIGNED,NO,NO DEFAULT,bigint(20) UNSIGNED NOT NULL,operations.teachers,id,bigint,Cast signed/unsigned identifier; resolve through legacy_key_map when relational.,NOT NULL only if source is NOT NULL and profiling proves no invalid/null rows; otherwise staged nullable,"null-count, distinct-count, min/max/length and deterministic transformed-value hash for teachers.id",CONFIRMED source / PROPOSED target
teachers,code,varchar(100),YES,NULL,varchar(100) DEFAULT NULL,operations.teachers,code,text,Preserve exact value initially; normalize only through approved lookup mapping.,NOT NULL only if source is NOT NULL and profiling proves no invalid/null rows; otherwise staged nullable,"null-count, distinct-count, min/max/length and deterministic transformed-value hash for teachers.code",CONFIRMED source / PROPOSED target
teachers,name,varchar(100),YES,NULL,varchar(100) DEFAULT NULL,operations.teachers,name,text,Preserve exact value initially; normalize only through approved lookup mapping.,NOT NULL only if source is NOT NULL and profiling proves no invalid/null rows; otherwise staged nullable,"null-count, distinct-count, min/max/length and deterministic transformed-value hash for teachers.name",CONFIRMED source / PROPOSED target
teachers,email,varchar(200),YES,NULL,varchar(200) DEFAULT NULL,operations.teachers,email,text,Preserve exact value initially; normalize only through approved lookup mapping.,NOT NULL only if source is NOT NULL and profiling proves no invalid/null rows; otherwise staged nullable,"null-count, distinct-count, min/max/length and deterministic transformed-value hash for teachers.email",CONFIRMED source / PROPOSED target
teachers,secondary_email,varchar(255),YES,NULL,varchar(255) DEFAULT NULL,operations.teachers,secondary_email,text,Preserve exact value initially; normalize only through approved lookup mapping.,NOT NULL only if source is NOT NULL and profiling proves no invalid/null rows; otherwise staged nullable,"null-count, distinct-count, min/max/length and deterministic transformed-value hash for teachers.secondary_email",CONFIRMED source / PROPOSED target
teachers,mobile,varchar(255),YES,NULL,varchar(255) DEFAULT NULL,operations.teachers,mobile,text,Preserve exact value initially; normalize only through approved lookup mapping.,NOT NULL only if source is NOT NULL and profiling proves no invalid/null rows; otherwise staged nullable,"null-count, distinct-count, min/max/length and deterministic transformed-value hash for teachers.mobile",CONFIRMED source / PROPOSED target
teachers,secondary_mobile,varchar(255),YES,NULL,varchar(255) DEFAULT NULL,operations.teachers,secondary_mobile,text,Preserve exact value initially; normalize only through approved lookup mapping.,NOT NULL only if source is NOT NULL and profiling proves no invalid/null rows; otherwise staged nullable,"null-count, distinct-count, min/max/length and deterministic transformed-value hash for teachers.secondary_mobile",CONFIRMED source / PROPOSED target
teachers,emergency_mobile,varchar(255),YES,NULL,varchar(255) DEFAULT NULL,operations.teachers,emergency_mobile,text,Preserve exact value initially; normalize only through approved lookup mapping.,NOT NULL only if source is NOT NULL and profiling proves no invalid/null rows; otherwise staged nullable,"null-count, distinct-count, min/max/length and deterministic transformed-value hash for teachers.emergency_mobile",CONFIRMED source / PROPOSED target
teachers,bid,varchar(255),YES,NULL,varchar(255) DEFAULT NULL,operations.teachers,bid,text,Preserve exact value initially; normalize only through approved lookup mapping.,NOT NULL only if source is NOT NULL and profiling proves no invalid/null rows; otherwise staged nullable,"null-count, distinct-count, min/max/length and deterministic transformed-value hash for teachers.bid",CONFIRMED source / PROPOSED target
teachers,bid_file_path,varchar(255),YES,NULL,varchar(255) DEFAULT NULL,operations.teachers,bid_file_id,text,Preserve exact value initially; normalize only through approved lookup mapping.,NOT NULL only if source is NOT NULL and profiling proves no invalid/null rows; otherwise staged nullable,"null-count, distinct-count, min/max/length and deterministic transformed-value hash for teachers.bid_file_path",CONFIRMED source / PROPOSED target
teachers,nid,varchar(255),YES,NULL,varchar(255) DEFAULT NULL,operations.teachers,nid,text,Preserve exact value initially; normalize only through approved lookup mapping.,NOT NULL only if source is NOT NULL and profiling proves no invalid/null rows; otherwise staged nullable,"null-count, distinct-count, min/max/length and deterministic transformed-value hash for teachers.nid",CONFIRMED source / PROPOSED target
teachers,nid_file_path,varchar(255),YES,NULL,varchar(255) DEFAULT NULL,operations.teachers,nid_file_id,text,Preserve exact value initially; normalize only through approved lookup mapping.,NOT NULL only if source is NOT NULL and profiling proves no invalid/null rows; otherwise staged nullable,"null-count, distinct-count, min/max/length and deterministic transformed-value hash for teachers.nid_file_path",CONFIRMED source / PROPOSED target
teachers,passport_no,varchar(255),YES,NULL,varchar(255) DEFAULT NULL,operations.teachers,passport_no,text,Preserve exact value initially; normalize only through approved lookup mapping.,NOT NULL only if source is NOT NULL and profiling proves no invalid/null rows; otherwise staged nullable,"null-count, distinct-count, min/max/length and deterministic transformed-value hash for teachers.passport_no",CONFIRMED source / PROPOSED target
teachers,passport_issue_date,date,YES,NULL,date DEFAULT NULL,operations.teachers,passport_issue_date,date,ISO date cast; reject zero/invalid dates.,NOT NULL only if source is NOT NULL and profiling proves no invalid/null rows; otherwise staged nullable,"null-count, distinct-count, min/max/length and deterministic transformed-value hash for teachers.passport_issue_date",CONFIRMED source / PROPOSED target
teachers,passport_expire_date,date,YES,NULL,date DEFAULT NULL,operations.teachers,passport_expire_date,date,ISO date cast; reject zero/invalid dates.,NOT NULL only if source is NOT NULL and profiling proves no invalid/null rows; otherwise staged nullable,"null-count, distinct-count, min/max/length and deterministic transformed-value hash for teachers.passport_expire_date",CONFIRMED source / PROPOSED target
teachers,passport_file_path,varchar(255),YES,NULL,varchar(255) DEFAULT NULL,operations.teachers,passport_file_id,text,Preserve exact value initially; normalize only through approved lookup mapping.,NOT NULL only if source is NOT NULL and profiling proves no invalid/null rows; otherwise staged nullable,"null-count, distinct-count, min/max/length and deterministic transformed-value hash for teachers.passport_file_path",CONFIRMED source / PROPOSED target
teachers,dob,date,YES,NULL,date DEFAULT NULL,operations.teachers,dob,date,ISO date cast; reject zero/invalid dates.,NOT NULL only if source is NOT NULL and profiling proves no invalid/null rows; otherwise staged nullable,"null-count, distinct-count, min/max/length and deterministic transformed-value hash for teachers.dob",CONFIRMED source / PROPOSED target
teachers,full_photo_file_path,varchar(255),YES,NULL,varchar(255) DEFAULT NULL,operations.teachers,full_photo_file_id,text,Preserve exact value initially; normalize only through approved lookup mapping.,NOT NULL only if source is NOT NULL and profiling proves no invalid/null rows; otherwise staged nullable,"null-count, distinct-count, min/max/length and deterministic transformed-value hash for teachers.full_photo_file_path",CONFIRMED source / PROPOSED target
teachers,half_photo_file_path,varchar(255),YES,NULL,varchar(255) DEFAULT NULL,operations.teachers,half_photo_file_id,text,Preserve exact value initially; normalize only through approved lookup mapping.,NOT NULL only if source is NOT NULL and profiling proves no invalid/null rows; otherwise staged nullable,"null-count, distinct-count, min/max/length and deterministic transformed-value hash for teachers.half_photo_file_path",CONFIRMED source / PROPOSED target
teachers,father_name,varchar(50),YES,NULL,varchar(50) DEFAULT NULL,operations.teachers,father_name,text,Preserve exact value initially; normalize only through approved lookup mapping.,NOT NULL only if source is NOT NULL and profiling proves no invalid/null rows; otherwise staged nullable,"null-count, distinct-count, min/max/length and deterministic transformed-value hash for teachers.father_name",CONFIRMED source / PROPOSED target
teachers,mother_name,varchar(50),YES,NULL,varchar(50) DEFAULT NULL,operations.teachers,mother_name,text,Preserve exact value initially; normalize only through approved lookup mapping.,NOT NULL only if source is NOT NULL and profiling proves no invalid/null rows; otherwise staged nullable,"null-count, distinct-count, min/max/length and deterministic transformed-value hash for teachers.mother_name",CONFIRMED source / PROPOSED target
teachers,nationality,varchar(20),YES,NULL,varchar(20) DEFAULT NULL,operations.teachers,nationality,text,Preserve exact value initially; normalize only through approved lookup mapping.,NOT NULL only if source is NOT NULL and profiling proves no invalid/null rows; otherwise staged nullable,"null-count, distinct-count, min/max/length and deterministic transformed-value hash for teachers.nationality",CONFIRMED source / PROPOSED target
teachers,gender,varchar(20),YES,NULL,varchar(20) DEFAULT NULL,operations.teachers,gender,text,Preserve exact value initially; normalize only through approved lookup mapping.,NOT NULL only if source is NOT NULL and profiling proves no invalid/null rows; otherwise staged nullable,"null-count, distinct-count, min/max/length and deterministic transformed-value hash for teachers.gender",CONFIRMED source / PROPOSED target
teachers,blood_group,varchar(20),YES,NULL,varchar(20) DEFAULT NULL,operations.teachers,blood_group,text,Preserve exact value initially; normalize only through approved lookup mapping.,NOT NULL only if source is NOT NULL and profiling proves no invalid/null rows; otherwise staged nullable,"null-count, distinct-count, min/max/length and deterministic transformed-value hash for teachers.blood_group",CONFIRMED source / PROPOSED target
teachers,present_address_house,varchar(200),YES,NULL,varchar(200) DEFAULT NULL,operations.teachers,present_address_house,text,Preserve exact value initially; normalize only through approved lookup mapping.,NOT NULL only if source is NOT NULL and profiling proves no invalid/null rows; otherwise staged nullable,"null-count, distinct-count, min/max/length and deterministic transformed-value hash for teachers.present_address_house",CONFIRMED source / PROPOSED target
teachers,present_address_road,varchar(20),YES,NULL,varchar(20) DEFAULT NULL,operations.teachers,present_address_road,text,Preserve exact value initially; normalize only through approved lookup mapping.,NOT NULL only if source is NOT NULL and profiling proves no invalid/null rows; otherwise staged nullable,"null-count, distinct-count, min/max/length and deterministic transformed-value hash for teachers.present_address_road",CONFIRMED source / PROPOSED target
teachers,present_address_village,varchar(20),YES,NULL,varchar(20) DEFAULT NULL,operations.teachers,present_address_village,text,Preserve exact value initially; normalize only through approved lookup mapping.,NOT NULL only if source is NOT NULL and profiling proves no invalid/null rows; otherwise staged nullable,"null-count, distinct-count, min/max/length and deterministic transformed-value hash for teachers.present_address_village",CONFIRMED source / PROPOSED target
teachers,present_address_post,varchar(20),YES,NULL,varchar(20) DEFAULT NULL,operations.teachers,present_address_post,text,Preserve exact value initially; normalize only through approved lookup mapping.,NOT NULL only if source is NOT NULL and profiling proves no invalid/null rows; otherwise staged nullable,"null-count, distinct-count, min/max/length and deterministic transformed-value hash for teachers.present_address_post",CONFIRMED source / PROPOSED target
teachers,present_address_thana_id,bigint(20),YES,NULL,bigint(20) DEFAULT NULL,operations.teachers,present_address_thana_id,bigint,Cast signed/unsigned identifier; resolve through legacy_key_map when relational.,NOT NULL only if source is NOT NULL and profiling proves no invalid/null rows; otherwise staged nullable,"null-count, distinct-count, min/max/length and deterministic transformed-value hash for teachers.present_address_thana_id",CONFIRMED source / PROPOSED target
teachers,present_address_district_id,bigint(20),YES,NULL,bigint(20) DEFAULT NULL,operations.teachers,present_address_district_id,bigint,Cast signed/unsigned identifier; resolve through legacy_key_map when relational.,NOT NULL only if source is NOT NULL and profiling proves no invalid/null rows; otherwise staged nullable,"null-count, distinct-count, min/max/length and deterministic transformed-value hash for teachers.present_address_district_id",CONFIRMED source / PROPOSED target
teachers,present_address_division_id,bigint(20),YES,NULL,bigint(20) DEFAULT NULL,operations.teachers,present_address_division_id,bigint,Cast signed/unsigned identifier; resolve through legacy_key_map when relational.,NOT NULL only if source is NOT NULL and profiling proves no invalid/null rows; otherwise staged nullable,"null-count, distinct-count, min/max/length and deterministic transformed-value hash for teachers.present_address_division_id",CONFIRMED source / PROPOSED target
teachers,permanent_address_house,varchar(200),YES,NULL,varchar(200) DEFAULT NULL,operations.teachers,permanent_address_house,text,Preserve exact value initially; normalize only through approved lookup mapping.,NOT NULL only if source is NOT NULL and profiling proves no invalid/null rows; otherwise staged nullable,"null-count, distinct-count, min/max/length and deterministic transformed-value hash for teachers.permanent_address_house",CONFIRMED source / PROPOSED target
teachers,permanent_address_road,varchar(20),YES,NULL,varchar(20) DEFAULT NULL,operations.teachers,permanent_address_road,text,Preserve exact value initially; normalize only through approved lookup mapping.,NOT NULL only if source is NOT NULL and profiling proves no invalid/null rows; otherwise staged nullable,"null-count, distinct-count, min/max/length and deterministic transformed-value hash for teachers.permanent_address_road",CONFIRMED source / PROPOSED target
teachers,permanent_address_village,varchar(20),YES,NULL,varchar(20) DEFAULT NULL,operations.teachers,permanent_address_village,text,Preserve exact value initially; normalize only through approved lookup mapping.,NOT NULL only if source is NOT NULL and profiling proves no invalid/null rows; otherwise staged nullable,"null-count, distinct-count, min/max/length and deterministic transformed-value hash for teachers.permanent_address_village",CONFIRMED source / PROPOSED target
teachers,permanent_address_post,varchar(20),YES,NULL,varchar(20) DEFAULT NULL,operations.teachers,permanent_address_post,text,Preserve exact value initially; normalize only through approved lookup mapping.,NOT NULL only if source is NOT NULL and profiling proves no invalid/null rows; otherwise staged nullable,"null-count, distinct-count, min/max/length and deterministic transformed-value hash for teachers.permanent_address_post",CONFIRMED source / PROPOSED target
teachers,permanent_address_thana_id,bigint(20),YES,NULL,bigint(20) DEFAULT NULL,operations.teachers,permanent_address_thana_id,bigint,Cast signed/unsigned identifier; resolve through legacy_key_map when relational.,NOT NULL only if source is NOT NULL and profiling proves no invalid/null rows; otherwise staged nullable,"null-count, distinct-count, min/max/length and deterministic transformed-value hash for teachers.permanent_address_thana_id",CONFIRMED source / PROPOSED target
teachers,permanent_address_district_id,bigint(20),YES,NULL,bigint(20) DEFAULT NULL,operations.teachers,permanent_address_district_id,bigint,Cast signed/unsigned identifier; resolve through legacy_key_map when relational.,NOT NULL only if source is NOT NULL and profiling proves no invalid/null rows; otherwise staged nullable,"null-count, distinct-count, min/max/length and deterministic transformed-value hash for teachers.permanent_address_district_id",CONFIRMED source / PROPOSED target
teachers,permanent_address_division_id,bigint(20),YES,NULL,bigint(20) DEFAULT NULL,operations.teachers,permanent_address_division_id,bigint,Cast signed/unsigned identifier; resolve through legacy_key_map when relational.,NOT NULL only if source is NOT NULL and profiling proves no invalid/null rows; otherwise staged nullable,"null-count, distinct-count, min/max/length and deterministic transformed-value hash for teachers.permanent_address_division_id",CONFIRMED source / PROPOSED target
teachers,basic_info_career,longtext,YES,NULL,longtext DEFAULT NULL,operations.teachers,basic_info_career,text,Preserve bytes/text semantically; file-like JSON handled by document migration.,NOT NULL only if source is NOT NULL and profiling proves no invalid/null rows; otherwise staged nullable,"null-count, distinct-count, min/max/length and deterministic transformed-value hash for teachers.basic_info_career",CONFIRMED source / PROPOSED target
teachers,basic_info_special,longtext,YES,NULL,longtext DEFAULT NULL,operations.teachers,basic_info_special,text,Preserve bytes/text semantically; file-like JSON handled by document migration.,NOT NULL only if source is NOT NULL and profiling proves no invalid/null rows; otherwise staged nullable,"null-count, distinct-count, min/max/length and deterministic transformed-value hash for teachers.basic_info_special",CONFIRMED source / PROPOSED target
teachers,other_skills,varchar(250),YES,NULL,varchar(250) DEFAULT NULL,operations.teachers,other_skills,text,Preserve exact value initially; normalize only through approved lookup mapping.,NOT NULL only if source is NOT NULL and profiling proves no invalid/null rows; otherwise staged nullable,"null-count, distinct-count, min/max/length and deterministic transformed-value hash for teachers.other_skills",CONFIRMED source / PROPOSED target
teachers,balance,float,YES,0,float DEFAULT 0,operations.teachers,balance,"numeric(20,6)",Parse decimal text exactly; no binary-float arithmetic; round only at posted transaction boundary.,NOT NULL only if source is NOT NULL and profiling proves no invalid/null rows; otherwise staged nullable,"null-count, distinct-count, min/max/length and deterministic transformed-value hash for teachers.balance",CONFIRMED source / PROPOSED target
teachers,cv_file_path,varchar(250),YES,NULL,varchar(250) DEFAULT NULL,operations.teachers,cv_file_id,text,Preserve exact value initially; normalize only through approved lookup mapping.,NOT NULL only if source is NOT NULL and profiling proves no invalid/null rows; otherwise staged nullable,"null-count, distinct-count, min/max/length and deterministic transformed-value hash for teachers.cv_file_path",CONFIRMED source / PROPOSED target
teachers,status,char(5),YES,'A',char(5) DEFAULT 'A',operations.teachers,status,text,Preserve exact value initially; normalize only through approved lookup mapping.,NOT NULL only if source is NOT NULL and profiling proves no invalid/null rows; otherwise staged nullable,"null-count, distinct-count, min/max/length and deterministic transformed-value hash for teachers.status",CONFIRMED source / PROPOSED target
teachers,created_at,timestamp,YES,NULL,timestamp NULL DEFAULT NULL,operations.teachers,created_at,timestamptz,"Interpret using approved legacy application timezone, convert to UTC; UNVERIFIED until timezone approval.",NOT NULL only if source is NOT NULL and profiling proves no invalid/null rows; otherwise staged nullable,"null-count, distinct-count, min/max/length and deterministic transformed-value hash for teachers.created_at",CONFIRMED source / PROPOSED target
teachers,updated_at,timestamp,YES,NULL,timestamp NULL DEFAULT NULL,operations.teachers,updated_at,timestamptz,"Interpret using approved legacy application timezone, convert to UTC; UNVERIFIED until timezone approval.",NOT NULL only if source is NOT NULL and profiling proves no invalid/null rows; otherwise staged nullable,"null-count, distinct-count, min/max/length and deterministic transformed-value hash for teachers.updated_at",CONFIRMED source / PROPOSED target
temp_candidates,code,varchar(100),YES,NULL,varchar(100) DEFAULT NULL,archive.temp_candidates,code,text,Preserve exact value initially; normalize only through approved lookup mapping.,NOT NULL only if source is NOT NULL and profiling proves no invalid/null rows; otherwise staged nullable,"null-count, distinct-count, min/max/length and deterministic transformed-value hash for temp_candidates.code",CONFIRMED source / PROPOSED target
temp_candidates,name,varchar(255),YES,NULL,varchar(255) DEFAULT NULL,archive.temp_candidates,name,text,Preserve exact value initially; normalize only through approved lookup mapping.,NOT NULL only if source is NOT NULL and profiling proves no invalid/null rows; otherwise staged nullable,"null-count, distinct-count, min/max/length and deterministic transformed-value hash for temp_candidates.name",CONFIRMED source / PROPOSED target
temp_candidates,email,varchar(255),YES,NULL,varchar(255) DEFAULT NULL,archive.temp_candidates,email,text,Preserve exact value initially; normalize only through approved lookup mapping.,NOT NULL only if source is NOT NULL and profiling proves no invalid/null rows; otherwise staged nullable,"null-count, distinct-count, min/max/length and deterministic transformed-value hash for temp_candidates.email",CONFIRMED source / PROPOSED target
temp_candidates,mobile,varchar(255),YES,NULL,varchar(255) DEFAULT NULL,archive.temp_candidates,mobile,text,Preserve exact value initially; normalize only through approved lookup mapping.,NOT NULL only if source is NOT NULL and profiling proves no invalid/null rows; otherwise staged nullable,"null-count, distinct-count, min/max/length and deterministic transformed-value hash for temp_candidates.mobile",CONFIRMED source / PROPOSED target
temp_candidates,passport_no,varchar(255),YES,NULL,varchar(255) DEFAULT NULL,archive.temp_candidates,passport_no,text,Preserve exact value initially; normalize only through approved lookup mapping.,NOT NULL only if source is NOT NULL and profiling proves no invalid/null rows; otherwise staged nullable,"null-count, distinct-count, min/max/length and deterministic transformed-value hash for temp_candidates.passport_no",CONFIRMED source / PROPOSED target
temp_candidates,agent_code,varchar(255),YES,NULL,varchar(255) DEFAULT NULL,archive.temp_candidates,agent_code,text,Preserve exact value initially; normalize only through approved lookup mapping.,NOT NULL only if source is NOT NULL and profiling proves no invalid/null rows; otherwise staged nullable,"null-count, distinct-count, min/max/length and deterministic transformed-value hash for temp_candidates.agent_code",CONFIRMED source / PROPOSED target
temp_candidates,agent_id,int(11),YES,NULL,int(11) DEFAULT NULL,archive.temp_candidates,agent_id,bigint,Cast signed/unsigned identifier; resolve through legacy_key_map when relational.,NOT NULL only if source is NOT NULL and profiling proves no invalid/null rows; otherwise staged nullable,"null-count, distinct-count, min/max/length and deterministic transformed-value hash for temp_candidates.agent_id",CONFIRMED source / PROPOSED target
temp_candidates,class_group_id,int(11),YES,NULL,int(11) DEFAULT NULL,archive.temp_candidates,class_group_id,bigint,Cast signed/unsigned identifier; resolve through legacy_key_map when relational.,NOT NULL only if source is NOT NULL and profiling proves no invalid/null rows; otherwise staged nullable,"null-count, distinct-count, min/max/length and deterministic transformed-value hash for temp_candidates.class_group_id",CONFIRMED source / PROPOSED target
temp_candidates,id,int(11),NO,NO DEFAULT,int(11) NOT NULL,archive.temp_candidates,id,bigint,Cast signed/unsigned identifier; resolve through legacy_key_map when relational.,NOT NULL only if source is NOT NULL and profiling proves no invalid/null rows; otherwise staged nullable,"null-count, distinct-count, min/max/length and deterministic transformed-value hash for temp_candidates.id",CONFIRMED source / PROPOSED target
thanas,id,int(11),NO,NO DEFAULT,int(11) NOT NULL,operations.thanas,id,bigint,Cast signed/unsigned identifier; resolve through legacy_key_map when relational.,NOT NULL only if source is NOT NULL and profiling proves no invalid/null rows; otherwise staged nullable,"null-count, distinct-count, min/max/length and deterministic transformed-value hash for thanas.id",CONFIRMED source / PROPOSED target
thanas,district_id,int(11),NO,NO DEFAULT,int(11) NOT NULL,operations.thanas,district_id,bigint,Cast signed/unsigned identifier; resolve through legacy_key_map when relational.,NOT NULL only if source is NOT NULL and profiling proves no invalid/null rows; otherwise staged nullable,"null-count, distinct-count, min/max/length and deterministic transformed-value hash for thanas.district_id",CONFIRMED source / PROPOSED target
thanas,name,varchar(255),NO,NO DEFAULT,varchar(255) NOT NULL,operations.thanas,name,text,Preserve exact value initially; normalize only through approved lookup mapping.,NOT NULL only if source is NOT NULL and profiling proves no invalid/null rows; otherwise staged nullable,"null-count, distinct-count, min/max/length and deterministic transformed-value hash for thanas.name",CONFIRMED source / PROPOSED target
thanas,bn_name,varchar(255),NO,NO DEFAULT,varchar(255) NOT NULL,operations.thanas,bn_name,text,Preserve exact value initially; normalize only through approved lookup mapping.,NOT NULL only if source is NOT NULL and profiling proves no invalid/null rows; otherwise staged nullable,"null-count, distinct-count, min/max/length and deterministic transformed-value hash for thanas.bn_name",CONFIRMED source / PROPOSED target
thanas,url,varchar(255),NO,NO DEFAULT,varchar(255) NOT NULL,operations.thanas,url,text,Preserve exact value initially; normalize only through approved lookup mapping.,NOT NULL only if source is NOT NULL and profiling proves no invalid/null rows; otherwise staged nullable,"null-count, distinct-count, min/max/length and deterministic transformed-value hash for thanas.url",CONFIRMED source / PROPOSED target
ticket_companies,id,int(10) UNSIGNED,NO,NO DEFAULT,int(10) UNSIGNED NOT NULL,operations.ticket_companies,id,bigint,Cast signed/unsigned identifier; resolve through legacy_key_map when relational.,NOT NULL only if source is NOT NULL and profiling proves no invalid/null rows; otherwise staged nullable,"null-count, distinct-count, min/max/length and deterministic transformed-value hash for ticket_companies.id",CONFIRMED source / PROPOSED target
ticket_companies,code,varchar(100),YES,NULL,varchar(100) DEFAULT NULL,operations.ticket_companies,code,text,Preserve exact value initially; normalize only through approved lookup mapping.,NOT NULL only if source is NOT NULL and profiling proves no invalid/null rows; otherwise staged nullable,"null-count, distinct-count, min/max/length and deterministic transformed-value hash for ticket_companies.code",CONFIRMED source / PROPOSED target
ticket_companies,name,varchar(255),YES,NULL,varchar(255) DEFAULT NULL,operations.ticket_companies,name,text,Preserve exact value initially; normalize only through approved lookup mapping.,NOT NULL only if source is NOT NULL and profiling proves no invalid/null rows; otherwise staged nullable,"null-count, distinct-count, min/max/length and deterministic transformed-value hash for ticket_companies.name",CONFIRMED source / PROPOSED target
ticket_companies,email,varchar(255),YES,NULL,varchar(255) DEFAULT NULL,operations.ticket_companies,email,text,Preserve exact value initially; normalize only through approved lookup mapping.,NOT NULL only if source is NOT NULL and profiling proves no invalid/null rows; otherwise staged nullable,"null-count, distinct-count, min/max/length and deterministic transformed-value hash for ticket_companies.email",CONFIRMED source / PROPOSED target
ticket_companies,mobile,varchar(255),YES,NULL,varchar(255) DEFAULT NULL,operations.ticket_companies,mobile,text,Preserve exact value initially; normalize only through approved lookup mapping.,NOT NULL only if source is NOT NULL and profiling proves no invalid/null rows; otherwise staged nullable,"null-count, distinct-count, min/max/length and deterministic transformed-value hash for ticket_companies.mobile",CONFIRMED source / PROPOSED target
ticket_companies,address,varchar(255),YES,NULL,varchar(255) DEFAULT NULL,operations.ticket_companies,address,text,Preserve exact value initially; normalize only through approved lookup mapping.,NOT NULL only if source is NOT NULL and profiling proves no invalid/null rows; otherwise staged nullable,"null-count, distinct-count, min/max/length and deterministic transformed-value hash for ticket_companies.address",CONFIRMED source / PROPOSED target
ticket_companies,logo,longtext,YES,NULL,longtext DEFAULT NULL,operations.ticket_companies,logo_file_id,text,Preserve bytes/text semantically; file-like JSON handled by document migration.,NOT NULL only if source is NOT NULL and profiling proves no invalid/null rows; otherwise staged nullable,"null-count, distinct-count, min/max/length and deterministic transformed-value hash for ticket_companies.logo",CONFIRMED source / PROPOSED target
ticket_companies,status,char(5),YES,'A',char(5) DEFAULT 'A',operations.ticket_companies,status,text,Preserve exact value initially; normalize only through approved lookup mapping.,NOT NULL only if source is NOT NULL and profiling proves no invalid/null rows; otherwise staged nullable,"null-count, distinct-count, min/max/length and deterministic transformed-value hash for ticket_companies.status",CONFIRMED source / PROPOSED target
ticket_companies,country_id,bigint(20),YES,NULL,bigint(20) DEFAULT NULL,operations.ticket_companies,country_id,bigint,Cast signed/unsigned identifier; resolve through legacy_key_map when relational.,NOT NULL only if source is NOT NULL and profiling proves no invalid/null rows; otherwise staged nullable,"null-count, distinct-count, min/max/length and deterministic transformed-value hash for ticket_companies.country_id",CONFIRMED source / PROPOSED target
ticket_companies,created_at,timestamp,YES,NULL,timestamp NULL DEFAULT NULL,operations.ticket_companies,created_at,timestamptz,"Interpret using approved legacy application timezone, convert to UTC; UNVERIFIED until timezone approval.",NOT NULL only if source is NOT NULL and profiling proves no invalid/null rows; otherwise staged nullable,"null-count, distinct-count, min/max/length and deterministic transformed-value hash for ticket_companies.created_at",CONFIRMED source / PROPOSED target
ticket_companies,updated_at,timestamp,YES,NULL,timestamp NULL DEFAULT NULL,operations.ticket_companies,updated_at,timestamptz,"Interpret using approved legacy application timezone, convert to UTC; UNVERIFIED until timezone approval.",NOT NULL only if source is NOT NULL and profiling proves no invalid/null rows; otherwise staged nullable,"null-count, distinct-count, min/max/length and deterministic transformed-value hash for ticket_companies.updated_at",CONFIRMED source / PROPOSED target
ticket_companies,bank_account_name_1,varchar(255),YES,NULL,varchar(255) DEFAULT NULL,operations.ticket_companies,bank_account_name_1,text,Preserve exact value initially; normalize only through approved lookup mapping.,NOT NULL only if source is NOT NULL and profiling proves no invalid/null rows; otherwise staged nullable,"null-count, distinct-count, min/max/length and deterministic transformed-value hash for ticket_companies.bank_account_name_1",CONFIRMED source / PROPOSED target
ticket_companies,bank_account_no_1,varchar(255),YES,NULL,varchar(255) DEFAULT NULL,operations.ticket_companies,bank_account_no_1,text,Preserve exact value initially; normalize only through approved lookup mapping.,NOT NULL only if source is NOT NULL and profiling proves no invalid/null rows; otherwise staged nullable,"null-count, distinct-count, min/max/length and deterministic transformed-value hash for ticket_companies.bank_account_no_1",CONFIRMED source / PROPOSED target
ticket_companies,bank_name_1,varchar(255),YES,NULL,varchar(255) DEFAULT NULL,operations.ticket_companies,bank_name_1,text,Preserve exact value initially; normalize only through approved lookup mapping.,NOT NULL only if source is NOT NULL and profiling proves no invalid/null rows; otherwise staged nullable,"null-count, distinct-count, min/max/length and deterministic transformed-value hash for ticket_companies.bank_name_1",CONFIRMED source / PROPOSED target
ticket_companies,bank_branch_name_1,varchar(255),YES,NULL,varchar(255) DEFAULT NULL,operations.ticket_companies,bank_branch_name_1,text,Preserve exact value initially; normalize only through approved lookup mapping.,NOT NULL only if source is NOT NULL and profiling proves no invalid/null rows; otherwise staged nullable,"null-count, distinct-count, min/max/length and deterministic transformed-value hash for ticket_companies.bank_branch_name_1",CONFIRMED source / PROPOSED target
ticket_companies,bank_swift_no_1,varchar(255),YES,NULL,varchar(255) DEFAULT NULL,operations.ticket_companies,bank_swift_no_1,text,Preserve exact value initially; normalize only through approved lookup mapping.,NOT NULL only if source is NOT NULL and profiling proves no invalid/null rows; otherwise staged nullable,"null-count, distinct-count, min/max/length and deterministic transformed-value hash for ticket_companies.bank_swift_no_1",CONFIRMED source / PROPOSED target
ticket_companies,bank_iban_no_1,varchar(255),YES,NULL,varchar(255) DEFAULT NULL,operations.ticket_companies,bank_iban_no_1,text,Preserve exact value initially; normalize only through approved lookup mapping.,NOT NULL only if source is NOT NULL and profiling proves no invalid/null rows; otherwise staged nullable,"null-count, distinct-count, min/max/length and deterministic transformed-value hash for ticket_companies.bank_iban_no_1",CONFIRMED source / PROPOSED target
ticket_companies,bank_account_name_2,varchar(255),YES,NULL,varchar(255) DEFAULT NULL,operations.ticket_companies,bank_account_name_2,text,Preserve exact value initially; normalize only through approved lookup mapping.,NOT NULL only if source is NOT NULL and profiling proves no invalid/null rows; otherwise staged nullable,"null-count, distinct-count, min/max/length and deterministic transformed-value hash for ticket_companies.bank_account_name_2",CONFIRMED source / PROPOSED target
ticket_companies,bank_account_no_2,varchar(255),YES,NULL,varchar(255) DEFAULT NULL,operations.ticket_companies,bank_account_no_2,text,Preserve exact value initially; normalize only through approved lookup mapping.,NOT NULL only if source is NOT NULL and profiling proves no invalid/null rows; otherwise staged nullable,"null-count, distinct-count, min/max/length and deterministic transformed-value hash for ticket_companies.bank_account_no_2",CONFIRMED source / PROPOSED target
ticket_companies,bank_name_2,varchar(255),YES,NULL,varchar(255) DEFAULT NULL,operations.ticket_companies,bank_name_2,text,Preserve exact value initially; normalize only through approved lookup mapping.,NOT NULL only if source is NOT NULL and profiling proves no invalid/null rows; otherwise staged nullable,"null-count, distinct-count, min/max/length and deterministic transformed-value hash for ticket_companies.bank_name_2",CONFIRMED source / PROPOSED target
ticket_companies,bank_branch_name_2,varchar(255),YES,NULL,varchar(255) DEFAULT NULL,operations.ticket_companies,bank_branch_name_2,text,Preserve exact value initially; normalize only through approved lookup mapping.,NOT NULL only if source is NOT NULL and profiling proves no invalid/null rows; otherwise staged nullable,"null-count, distinct-count, min/max/length and deterministic transformed-value hash for ticket_companies.bank_branch_name_2",CONFIRMED source / PROPOSED target
ticket_companies,bank_swift_no_2,varchar(255),YES,NULL,varchar(255) DEFAULT NULL,operations.ticket_companies,bank_swift_no_2,text,Preserve exact value initially; normalize only through approved lookup mapping.,NOT NULL only if source is NOT NULL and profiling proves no invalid/null rows; otherwise staged nullable,"null-count, distinct-count, min/max/length and deterministic transformed-value hash for ticket_companies.bank_swift_no_2",CONFIRMED source / PROPOSED target
ticket_companies,bank_iban_no_2,varchar(255),YES,NULL,varchar(255) DEFAULT NULL,operations.ticket_companies,bank_iban_no_2,text,Preserve exact value initially; normalize only through approved lookup mapping.,NOT NULL only if source is NOT NULL and profiling proves no invalid/null rows; otherwise staged nullable,"null-count, distinct-count, min/max/length and deterministic transformed-value hash for ticket_companies.bank_iban_no_2",CONFIRMED source / PROPOSED target
ticket_companies,signature,longtext,YES,NULL,longtext DEFAULT NULL,operations.ticket_companies,signature_file_id,text,Preserve bytes/text semantically; file-like JSON handled by document migration.,NOT NULL only if source is NOT NULL and profiling proves no invalid/null rows; otherwise staged nullable,"null-count, distinct-count, min/max/length and deterministic transformed-value hash for ticket_companies.signature",CONFIRMED source / PROPOSED target
ticket_invoice_lines,id,int(10) UNSIGNED,NO,NO DEFAULT,int(10) UNSIGNED NOT NULL,finance.ticket_invoice_lines,id,bigint,Cast signed/unsigned identifier; resolve through legacy_key_map when relational.,NOT NULL only if source is NOT NULL and profiling proves no invalid/null rows; otherwise staged nullable,"null-count, distinct-count, min/max/length and deterministic transformed-value hash for ticket_invoice_lines.id",CONFIRMED source / PROPOSED target
ticket_invoice_lines,ticket_invoice_id,int(11),YES,NULL,int(11) DEFAULT NULL,finance.ticket_invoice_lines,ticket_invoice_id,bigint,Cast signed/unsigned identifier; resolve through legacy_key_map when relational.,NOT NULL only if source is NOT NULL and profiling proves no invalid/null rows; otherwise staged nullable,"null-count, distinct-count, min/max/length and deterministic transformed-value hash for ticket_invoice_lines.ticket_invoice_id",CONFIRMED source / PROPOSED target
ticket_invoice_lines,candidate_id,int(11),YES,NULL,int(11) DEFAULT NULL,finance.ticket_invoice_lines,candidate_id,bigint,Cast signed/unsigned identifier; resolve through legacy_key_map when relational.,NOT NULL only if source is NOT NULL and profiling proves no invalid/null rows; otherwise staged nullable,"null-count, distinct-count, min/max/length and deterministic transformed-value hash for ticket_invoice_lines.candidate_id",CONFIRMED source / PROPOSED target
ticket_invoice_lines,name,varchar(255),YES,NULL,varchar(255) DEFAULT NULL,finance.ticket_invoice_lines,name,text,Preserve exact value initially; normalize only through approved lookup mapping.,NOT NULL only if source is NOT NULL and profiling proves no invalid/null rows; otherwise staged nullable,"null-count, distinct-count, min/max/length and deterministic transformed-value hash for ticket_invoice_lines.name",CONFIRMED source / PROPOSED target
ticket_invoice_lines,passport_no,varchar(100),YES,NULL,varchar(100) DEFAULT NULL,finance.ticket_invoice_lines,passport_no,text,Preserve exact value initially; normalize only through approved lookup mapping.,NOT NULL only if source is NOT NULL and profiling proves no invalid/null rows; otherwise staged nullable,"null-count, distinct-count, min/max/length and deterministic transformed-value hash for ticket_invoice_lines.passport_no",CONFIRMED source / PROPOSED target
ticket_invoice_lines,remarks,varchar(255),YES,NULL,varchar(255) DEFAULT NULL,finance.ticket_invoice_lines,remarks,text,Preserve exact value initially; normalize only through approved lookup mapping.,NOT NULL only if source is NOT NULL and profiling proves no invalid/null rows; otherwise staged nullable,"null-count, distinct-count, min/max/length and deterministic transformed-value hash for ticket_invoice_lines.remarks",CONFIRMED source / PROPOSED target
ticket_invoice_lines,quantity,int(11),YES,NULL,int(11) DEFAULT NULL,finance.ticket_invoice_lines,quantity,integer,Exact integer cast; range-check unsigned values.,NOT NULL only if source is NOT NULL and profiling proves no invalid/null rows; otherwise staged nullable,"null-count, distinct-count, min/max/length and deterministic transformed-value hash for ticket_invoice_lines.quantity",CONFIRMED source / PROPOSED target
ticket_invoice_lines,unit_price,float,YES,0,float DEFAULT 0,finance.ticket_invoice_lines,unit_price,"numeric(20,6)",Parse decimal text exactly; no binary-float arithmetic; round only at posted transaction boundary.,NOT NULL only if source is NOT NULL and profiling proves no invalid/null rows; otherwise staged nullable,"null-count, distinct-count, min/max/length and deterministic transformed-value hash for ticket_invoice_lines.unit_price",CONFIRMED source / PROPOSED target
ticket_invoice_lines,total_amount,float,YES,0,float DEFAULT 0,finance.ticket_invoice_lines,total_amount,"numeric(20,6)",Parse decimal text exactly; no binary-float arithmetic; round only at posted transaction boundary.,NOT NULL only if source is NOT NULL and profiling proves no invalid/null rows; otherwise staged nullable,"null-count, distinct-count, min/max/length and deterministic transformed-value hash for ticket_invoice_lines.total_amount",CONFIRMED source / PROPOSED target
ticket_invoice_lines,created_at,timestamp,YES,NULL,timestamp NULL DEFAULT NULL,finance.ticket_invoice_lines,created_at,timestamptz,"Interpret using approved legacy application timezone, convert to UTC; UNVERIFIED until timezone approval.",NOT NULL only if source is NOT NULL and profiling proves no invalid/null rows; otherwise staged nullable,"null-count, distinct-count, min/max/length and deterministic transformed-value hash for ticket_invoice_lines.created_at",CONFIRMED source / PROPOSED target
ticket_invoice_lines,updated_at,timestamp,YES,NULL,timestamp NULL DEFAULT NULL,finance.ticket_invoice_lines,updated_at,timestamptz,"Interpret using approved legacy application timezone, convert to UTC; UNVERIFIED until timezone approval.",NOT NULL only if source is NOT NULL and profiling proves no invalid/null rows; otherwise staged nullable,"null-count, distinct-count, min/max/length and deterministic transformed-value hash for ticket_invoice_lines.updated_at",CONFIRMED source / PROPOSED target
ticket_invoice_lines,is_candidate,varchar(100),YES,'Y',varchar(100) DEFAULT 'Y',finance.ticket_invoice_lines,is_candidate,text,Preserve exact value initially; normalize only through approved lookup mapping.,NOT NULL only if source is NOT NULL and profiling proves no invalid/null rows; otherwise staged nullable,"null-count, distinct-count, min/max/length and deterministic transformed-value hash for ticket_invoice_lines.is_candidate",CONFIRMED source / PROPOSED target
ticket_invoice_money_receipts,id,int(10) UNSIGNED,NO,NO DEFAULT,int(10) UNSIGNED NOT NULL,finance.ticket_invoice_money_receipts,id,bigint,Cast signed/unsigned identifier; resolve through legacy_key_map when relational.,NOT NULL only if source is NOT NULL and profiling proves no invalid/null rows; otherwise staged nullable,"null-count, distinct-count, min/max/length and deterministic transformed-value hash for ticket_invoice_money_receipts.id",CONFIRMED source / PROPOSED target
ticket_invoice_money_receipts,ticket_invoice_id,int(11),YES,NULL,int(11) DEFAULT NULL,finance.ticket_invoice_money_receipts,ticket_invoice_id,bigint,Cast signed/unsigned identifier; resolve through legacy_key_map when relational.,NOT NULL only if source is NOT NULL and profiling proves no invalid/null rows; otherwise staged nullable,"null-count, distinct-count, min/max/length and deterministic transformed-value hash for ticket_invoice_money_receipts.ticket_invoice_id",CONFIRMED source / PROPOSED target
ticket_invoice_money_receipts,receipt_no,varchar(100),YES,NULL,varchar(100) DEFAULT NULL,finance.ticket_invoice_money_receipts,receipt_no,text,Preserve exact value initially; normalize only through approved lookup mapping.,NOT NULL only if source is NOT NULL and profiling proves no invalid/null rows; otherwise staged nullable,"null-count, distinct-count, min/max/length and deterministic transformed-value hash for ticket_invoice_money_receipts.receipt_no",CONFIRMED source / PROPOSED target
ticket_invoice_money_receipts,received_from,varchar(255),YES,NULL,varchar(255) DEFAULT NULL,finance.ticket_invoice_money_receipts,received_from,text,Preserve exact value initially; normalize only through approved lookup mapping.,NOT NULL only if source is NOT NULL and profiling proves no invalid/null rows; otherwise staged nullable,"null-count, distinct-count, min/max/length and deterministic transformed-value hash for ticket_invoice_money_receipts.received_from",CONFIRMED source / PROPOSED target
ticket_invoice_money_receipts,hotel,varchar(255),YES,NULL,varchar(255) DEFAULT NULL,finance.ticket_invoice_money_receipts,hotel,text,Preserve exact value initially; normalize only through approved lookup mapping.,NOT NULL only if source is NOT NULL and profiling proves no invalid/null rows; otherwise staged nullable,"null-count, distinct-count, min/max/length and deterministic transformed-value hash for ticket_invoice_money_receipts.hotel",CONFIRMED source / PROPOSED target
ticket_invoice_money_receipts,amount,float,YES,0,float DEFAULT 0,finance.ticket_invoice_money_receipts,amount,"numeric(20,6)",Parse decimal text exactly; no binary-float arithmetic; round only at posted transaction boundary.,NOT NULL only if source is NOT NULL and profiling proves no invalid/null rows; otherwise staged nullable,"null-count, distinct-count, min/max/length and deterministic transformed-value hash for ticket_invoice_money_receipts.amount",CONFIRMED source / PROPOSED target
ticket_invoice_money_receipts,received_for,varchar(255),YES,NULL,varchar(255) DEFAULT NULL,finance.ticket_invoice_money_receipts,received_for,text,Preserve exact value initially; normalize only through approved lookup mapping.,NOT NULL only if source is NOT NULL and profiling proves no invalid/null rows; otherwise staged nullable,"null-count, distinct-count, min/max/length and deterministic transformed-value hash for ticket_invoice_money_receipts.received_for",CONFIRMED source / PROPOSED target
ticket_invoice_money_receipts,receipt_date,date,YES,NULL,date DEFAULT NULL,finance.ticket_invoice_money_receipts,receipt_date,date,ISO date cast; reject zero/invalid dates.,NOT NULL only if source is NOT NULL and profiling proves no invalid/null rows; otherwise staged nullable,"null-count, distinct-count, min/max/length and deterministic transformed-value hash for ticket_invoice_money_receipts.receipt_date",CONFIRMED source / PROPOSED target
ticket_invoice_money_receipts,recipient,varchar(255),YES,NULL,varchar(255) DEFAULT NULL,finance.ticket_invoice_money_receipts,recipient,text,Preserve exact value initially; normalize only through approved lookup mapping.,NOT NULL only if source is NOT NULL and profiling proves no invalid/null rows; otherwise staged nullable,"null-count, distinct-count, min/max/length and deterministic transformed-value hash for ticket_invoice_money_receipts.recipient",CONFIRMED source / PROPOSED target
ticket_invoice_money_receipts,created_at,timestamp,YES,NULL,timestamp NULL DEFAULT NULL,finance.ticket_invoice_money_receipts,created_at,timestamptz,"Interpret using approved legacy application timezone, convert to UTC; UNVERIFIED until timezone approval.",NOT NULL only if source is NOT NULL and profiling proves no invalid/null rows; otherwise staged nullable,"null-count, distinct-count, min/max/length and deterministic transformed-value hash for ticket_invoice_money_receipts.created_at",CONFIRMED source / PROPOSED target
ticket_invoice_money_receipts,updated_at,timestamp,YES,NULL,timestamp NULL DEFAULT NULL,finance.ticket_invoice_money_receipts,updated_at,timestamptz,"Interpret using approved legacy application timezone, convert to UTC; UNVERIFIED until timezone approval.",NOT NULL only if source is NOT NULL and profiling proves no invalid/null rows; otherwise staged nullable,"null-count, distinct-count, min/max/length and deterministic transformed-value hash for ticket_invoice_money_receipts.updated_at",CONFIRMED source / PROPOSED target
ticket_invoice_money_receipts,payment_method,varchar(255),YES,NULL,varchar(255) DEFAULT NULL,finance.ticket_invoice_money_receipts,payment_method,text,Preserve exact value initially; normalize only through approved lookup mapping.,NOT NULL only if source is NOT NULL and profiling proves no invalid/null rows; otherwise staged nullable,"null-count, distinct-count, min/max/length and deterministic transformed-value hash for ticket_invoice_money_receipts.payment_method",CONFIRMED source / PROPOSED target
ticket_invoice_money_receipts,transaction_no,varchar(255),YES,NULL,varchar(255) DEFAULT NULL,finance.ticket_invoice_money_receipts,transaction_no,text,Preserve exact value initially; normalize only through approved lookup mapping.,NOT NULL only if source is NOT NULL and profiling proves no invalid/null rows; otherwise staged nullable,"null-count, distinct-count, min/max/length and deterministic transformed-value hash for ticket_invoice_money_receipts.transaction_no",CONFIRMED source / PROPOSED target
ticket_invoice_money_receipts,remarks,varchar(255),YES,NULL,varchar(255) DEFAULT NULL,finance.ticket_invoice_money_receipts,remarks,text,Preserve exact value initially; normalize only through approved lookup mapping.,NOT NULL only if source is NOT NULL and profiling proves no invalid/null rows; otherwise staged nullable,"null-count, distinct-count, min/max/length and deterministic transformed-value hash for ticket_invoice_money_receipts.remarks",CONFIRMED source / PROPOSED target
ticket_invoices,id,int(10) UNSIGNED,NO,NO DEFAULT,int(10) UNSIGNED NOT NULL,finance.ticket_invoices,id,bigint,Cast signed/unsigned identifier; resolve through legacy_key_map when relational.,NOT NULL only if source is NOT NULL and profiling proves no invalid/null rows; otherwise staged nullable,"null-count, distinct-count, min/max/length and deterministic transformed-value hash for ticket_invoices.id",CONFIRMED source / PROPOSED target
ticket_invoices,invoice_no,varchar(250),YES,NULL,varchar(250) DEFAULT NULL,finance.ticket_invoices,invoice_no,text,Preserve exact value initially; normalize only through approved lookup mapping.,NOT NULL only if source is NOT NULL and profiling proves no invalid/null rows; otherwise staged nullable,"null-count, distinct-count, min/max/length and deterministic transformed-value hash for ticket_invoices.invoice_no",CONFIRMED source / PROPOSED target
ticket_invoices,invoice_date,date,YES,NULL,date DEFAULT NULL,finance.ticket_invoices,invoice_date,date,ISO date cast; reject zero/invalid dates.,NOT NULL only if source is NOT NULL and profiling proves no invalid/null rows; otherwise staged nullable,"null-count, distinct-count, min/max/length and deterministic transformed-value hash for ticket_invoices.invoice_date",CONFIRMED source / PROPOSED target
ticket_invoices,ticket_company_id,int(11),YES,NULL,int(11) DEFAULT NULL,finance.ticket_invoices,ticket_company_id,bigint,Cast signed/unsigned identifier; resolve through legacy_key_map when relational.,NOT NULL only if source is NOT NULL and profiling proves no invalid/null rows; otherwise staged nullable,"null-count, distinct-count, min/max/length and deterministic transformed-value hash for ticket_invoices.ticket_company_id",CONFIRMED source / PROPOSED target
ticket_invoices,bill_to,varchar(100),YES,NULL,varchar(100) DEFAULT NULL,finance.ticket_invoices,bill_to,text,Preserve exact value initially; normalize only through approved lookup mapping.,NOT NULL only if source is NOT NULL and profiling proves no invalid/null rows; otherwise staged nullable,"null-count, distinct-count, min/max/length and deterministic transformed-value hash for ticket_invoices.bill_to",CONFIRMED source / PROPOSED target
ticket_invoices,companier_id,bigint(20),YES,NULL,bigint(20) DEFAULT NULL,finance.ticket_invoices,companier_id,bigint,Cast signed/unsigned identifier; resolve through legacy_key_map when relational.,NOT NULL only if source is NOT NULL and profiling proves no invalid/null rows; otherwise staged nullable,"null-count, distinct-count, min/max/length and deterministic transformed-value hash for ticket_invoices.companier_id",CONFIRMED source / PROPOSED target
ticket_invoices,agencier_id,bigint(20),YES,NULL,bigint(20) DEFAULT NULL,finance.ticket_invoices,agencier_id,bigint,Cast signed/unsigned identifier; resolve through legacy_key_map when relational.,NOT NULL only if source is NOT NULL and profiling proves no invalid/null rows; otherwise staged nullable,"null-count, distinct-count, min/max/length and deterministic transformed-value hash for ticket_invoices.agencier_id",CONFIRMED source / PROPOSED target
ticket_invoices,agency_id,bigint(20),YES,NULL,bigint(20) DEFAULT NULL,finance.ticket_invoices,agency_id,bigint,Cast signed/unsigned identifier; resolve through legacy_key_map when relational.,NOT NULL only if source is NOT NULL and profiling proves no invalid/null rows; otherwise staged nullable,"null-count, distinct-count, min/max/length and deterministic transformed-value hash for ticket_invoices.agency_id",CONFIRMED source / PROPOSED target
ticket_invoices,agent_id,bigint(20),YES,NULL,bigint(20) DEFAULT NULL,finance.ticket_invoices,agent_id,bigint,Cast signed/unsigned identifier; resolve through legacy_key_map when relational.,NOT NULL only if source is NOT NULL and profiling proves no invalid/null rows; otherwise staged nullable,"null-count, distinct-count, min/max/length and deterministic transformed-value hash for ticket_invoices.agent_id",CONFIRMED source / PROPOSED target
ticket_invoices,candidate_id,bigint(20),YES,NULL,bigint(20) DEFAULT NULL,finance.ticket_invoices,candidate_id,bigint,Cast signed/unsigned identifier; resolve through legacy_key_map when relational.,NOT NULL only if source is NOT NULL and profiling proves no invalid/null rows; otherwise staged nullable,"null-count, distinct-count, min/max/length and deterministic transformed-value hash for ticket_invoices.candidate_id",CONFIRMED source / PROPOSED target
ticket_invoices,bill_to_name,varchar(255),YES,NULL,varchar(255) DEFAULT NULL,finance.ticket_invoices,bill_to_name,text,Preserve exact value initially; normalize only through approved lookup mapping.,NOT NULL only if source is NOT NULL and profiling proves no invalid/null rows; otherwise staged nullable,"null-count, distinct-count, min/max/length and deterministic transformed-value hash for ticket_invoices.bill_to_name",CONFIRMED source / PROPOSED target
ticket_invoices,bill_to_code,varchar(255),YES,NULL,varchar(255) DEFAULT NULL,finance.ticket_invoices,bill_to_code,text,Preserve exact value initially; normalize only through approved lookup mapping.,NOT NULL only if source is NOT NULL and profiling proves no invalid/null rows; otherwise staged nullable,"null-count, distinct-count, min/max/length and deterministic transformed-value hash for ticket_invoices.bill_to_code",CONFIRMED source / PROPOSED target
ticket_invoices,bill_to_email,varchar(255),YES,NULL,varchar(255) DEFAULT NULL,finance.ticket_invoices,bill_to_email,text,Preserve exact value initially; normalize only through approved lookup mapping.,NOT NULL only if source is NOT NULL and profiling proves no invalid/null rows; otherwise staged nullable,"null-count, distinct-count, min/max/length and deterministic transformed-value hash for ticket_invoices.bill_to_email",CONFIRMED source / PROPOSED target
ticket_invoices,bill_to_mobile,varchar(255),YES,NULL,varchar(255) DEFAULT NULL,finance.ticket_invoices,bill_to_mobile,text,Preserve exact value initially; normalize only through approved lookup mapping.,NOT NULL only if source is NOT NULL and profiling proves no invalid/null rows; otherwise staged nullable,"null-count, distinct-count, min/max/length and deterministic transformed-value hash for ticket_invoices.bill_to_mobile",CONFIRMED source / PROPOSED target
ticket_invoices,bill_to_address,varchar(255),YES,NULL,varchar(255) DEFAULT NULL,finance.ticket_invoices,bill_to_address,text,Preserve exact value initially; normalize only through approved lookup mapping.,NOT NULL only if source is NOT NULL and profiling proves no invalid/null rows; otherwise staged nullable,"null-count, distinct-count, min/max/length and deterministic transformed-value hash for ticket_invoices.bill_to_address",CONFIRMED source / PROPOSED target
ticket_invoices,bill_to_terms,varchar(255),YES,NULL,varchar(255) DEFAULT NULL,finance.ticket_invoices,bill_to_terms,text,Preserve exact value initially; normalize only through approved lookup mapping.,NOT NULL only if source is NOT NULL and profiling proves no invalid/null rows; otherwise staged nullable,"null-count, distinct-count, min/max/length and deterministic transformed-value hash for ticket_invoices.bill_to_terms",CONFIRMED source / PROPOSED target
ticket_invoices,route_from,varchar(255),YES,NULL,varchar(255) DEFAULT NULL,finance.ticket_invoices,route_from,text,Preserve exact value initially; normalize only through approved lookup mapping.,NOT NULL only if source is NOT NULL and profiling proves no invalid/null rows; otherwise staged nullable,"null-count, distinct-count, min/max/length and deterministic transformed-value hash for ticket_invoices.route_from",CONFIRMED source / PROPOSED target
ticket_invoices,route_to,varchar(255),YES,NULL,varchar(255) DEFAULT NULL,finance.ticket_invoices,route_to,text,Preserve exact value initially; normalize only through approved lookup mapping.,NOT NULL only if source is NOT NULL and profiling proves no invalid/null rows; otherwise staged nullable,"null-count, distinct-count, min/max/length and deterministic transformed-value hash for ticket_invoices.route_to",CONFIRMED source / PROPOSED target
ticket_invoices,airline,varchar(255),YES,NULL,varchar(255) DEFAULT NULL,finance.ticket_invoices,airline,text,Preserve exact value initially; normalize only through approved lookup mapping.,NOT NULL only if source is NOT NULL and profiling proves no invalid/null rows; otherwise staged nullable,"null-count, distinct-count, min/max/length and deterministic transformed-value hash for ticket_invoices.airline",CONFIRMED source / PROPOSED target
ticket_invoices,ticket_no,varchar(255),YES,NULL,varchar(255) DEFAULT NULL,finance.ticket_invoices,ticket_no,text,Preserve exact value initially; normalize only through approved lookup mapping.,NOT NULL only if source is NOT NULL and profiling proves no invalid/null rows; otherwise staged nullable,"null-count, distinct-count, min/max/length and deterministic transformed-value hash for ticket_invoices.ticket_no",CONFIRMED source / PROPOSED target
ticket_invoices,flight_date,date,YES,NULL,date DEFAULT NULL,finance.ticket_invoices,flight_date,date,ISO date cast; reject zero/invalid dates.,NOT NULL only if source is NOT NULL and profiling proves no invalid/null rows; otherwise staged nullable,"null-count, distinct-count, min/max/length and deterministic transformed-value hash for ticket_invoices.flight_date",CONFIRMED source / PROPOSED target
ticket_invoices,flight_time,time,YES,NULL,time DEFAULT NULL,finance.ticket_invoices,flight_time,time,Time-of-day only; retain no inferred timezone.,NOT NULL only if source is NOT NULL and profiling proves no invalid/null rows; otherwise staged nullable,"null-count, distinct-count, min/max/length and deterministic transformed-value hash for ticket_invoices.flight_time",CONFIRMED source / PROPOSED target
ticket_invoices,currency,varchar(255),YES,NULL,varchar(255) DEFAULT NULL,finance.ticket_invoices,currency,text,Preserve exact value initially; normalize only through approved lookup mapping.,NOT NULL only if source is NOT NULL and profiling proves no invalid/null rows; otherwise staged nullable,"null-count, distinct-count, min/max/length and deterministic transformed-value hash for ticket_invoices.currency",CONFIRMED source / PROPOSED target
ticket_invoices,subtotal,float,YES,0,float DEFAULT 0,finance.ticket_invoices,subtotal,"numeric(20,6)",Parse decimal text exactly; no binary-float arithmetic; round only at posted transaction boundary.,NOT NULL only if source is NOT NULL and profiling proves no invalid/null rows; otherwise staged nullable,"null-count, distinct-count, min/max/length and deterministic transformed-value hash for ticket_invoices.subtotal",CONFIRMED source / PROPOSED target
ticket_invoices,tax_rate,float,YES,0,float DEFAULT 0,finance.ticket_invoices,tax_rate,"numeric(20,6)",Parse decimal text exactly; no binary-float arithmetic; round only at posted transaction boundary.,NOT NULL only if source is NOT NULL and profiling proves no invalid/null rows; otherwise staged nullable,"null-count, distinct-count, min/max/length and deterministic transformed-value hash for ticket_invoices.tax_rate",CONFIRMED source / PROPOSED target
ticket_invoices,tax_amount,float,YES,0,float DEFAULT 0,finance.ticket_invoices,tax_amount,"numeric(20,6)",Parse decimal text exactly; no binary-float arithmetic; round only at posted transaction boundary.,NOT NULL only if source is NOT NULL and profiling proves no invalid/null rows; otherwise staged nullable,"null-count, distinct-count, min/max/length and deterministic transformed-value hash for ticket_invoices.tax_amount",CONFIRMED source / PROPOSED target
ticket_invoices,total,float,YES,0,float DEFAULT 0,finance.ticket_invoices,total,"numeric(20,6)",Parse decimal text exactly; no binary-float arithmetic; round only at posted transaction boundary.,NOT NULL only if source is NOT NULL and profiling proves no invalid/null rows; otherwise staged nullable,"null-count, distinct-count, min/max/length and deterministic transformed-value hash for ticket_invoices.total",CONFIRMED source / PROPOSED target
ticket_invoices,bank_account_name_1,varchar(255),YES,NULL,varchar(255) DEFAULT NULL,finance.ticket_invoices,bank_account_name_1,text,Preserve exact value initially; normalize only through approved lookup mapping.,NOT NULL only if source is NOT NULL and profiling proves no invalid/null rows; otherwise staged nullable,"null-count, distinct-count, min/max/length and deterministic transformed-value hash for ticket_invoices.bank_account_name_1",CONFIRMED source / PROPOSED target
ticket_invoices,bank_account_no_1,varchar(255),YES,NULL,varchar(255) DEFAULT NULL,finance.ticket_invoices,bank_account_no_1,text,Preserve exact value initially; normalize only through approved lookup mapping.,NOT NULL only if source is NOT NULL and profiling proves no invalid/null rows; otherwise staged nullable,"null-count, distinct-count, min/max/length and deterministic transformed-value hash for ticket_invoices.bank_account_no_1",CONFIRMED source / PROPOSED target
ticket_invoices,bank_name_1,varchar(255),YES,NULL,varchar(255) DEFAULT NULL,finance.ticket_invoices,bank_name_1,text,Preserve exact value initially; normalize only through approved lookup mapping.,NOT NULL only if source is NOT NULL and profiling proves no invalid/null rows; otherwise staged nullable,"null-count, distinct-count, min/max/length and deterministic transformed-value hash for ticket_invoices.bank_name_1",CONFIRMED source / PROPOSED target
ticket_invoices,bank_branch_name_1,varchar(255),YES,NULL,varchar(255) DEFAULT NULL,finance.ticket_invoices,bank_branch_name_1,text,Preserve exact value initially; normalize only through approved lookup mapping.,NOT NULL only if source is NOT NULL and profiling proves no invalid/null rows; otherwise staged nullable,"null-count, distinct-count, min/max/length and deterministic transformed-value hash for ticket_invoices.bank_branch_name_1",CONFIRMED source / PROPOSED target
ticket_invoices,bank_swift_no_1,varchar(255),YES,NULL,varchar(255) DEFAULT NULL,finance.ticket_invoices,bank_swift_no_1,text,Preserve exact value initially; normalize only through approved lookup mapping.,NOT NULL only if source is NOT NULL and profiling proves no invalid/null rows; otherwise staged nullable,"null-count, distinct-count, min/max/length and deterministic transformed-value hash for ticket_invoices.bank_swift_no_1",CONFIRMED source / PROPOSED target
ticket_invoices,bank_iban_no_1,varchar(255),YES,NULL,varchar(255) DEFAULT NULL,finance.ticket_invoices,bank_iban_no_1,text,Preserve exact value initially; normalize only through approved lookup mapping.,NOT NULL only if source is NOT NULL and profiling proves no invalid/null rows; otherwise staged nullable,"null-count, distinct-count, min/max/length and deterministic transformed-value hash for ticket_invoices.bank_iban_no_1",CONFIRMED source / PROPOSED target
ticket_invoices,bank_account_name_2,varchar(255),YES,NULL,varchar(255) DEFAULT NULL,finance.ticket_invoices,bank_account_name_2,text,Preserve exact value initially; normalize only through approved lookup mapping.,NOT NULL only if source is NOT NULL and profiling proves no invalid/null rows; otherwise staged nullable,"null-count, distinct-count, min/max/length and deterministic transformed-value hash for ticket_invoices.bank_account_name_2",CONFIRMED source / PROPOSED target
ticket_invoices,bank_account_no_2,varchar(255),YES,NULL,varchar(255) DEFAULT NULL,finance.ticket_invoices,bank_account_no_2,text,Preserve exact value initially; normalize only through approved lookup mapping.,NOT NULL only if source is NOT NULL and profiling proves no invalid/null rows; otherwise staged nullable,"null-count, distinct-count, min/max/length and deterministic transformed-value hash for ticket_invoices.bank_account_no_2",CONFIRMED source / PROPOSED target
ticket_invoices,bank_name_2,varchar(255),YES,NULL,varchar(255) DEFAULT NULL,finance.ticket_invoices,bank_name_2,text,Preserve exact value initially; normalize only through approved lookup mapping.,NOT NULL only if source is NOT NULL and profiling proves no invalid/null rows; otherwise staged nullable,"null-count, distinct-count, min/max/length and deterministic transformed-value hash for ticket_invoices.bank_name_2",CONFIRMED source / PROPOSED target
ticket_invoices,bank_branch_name_2,varchar(255),YES,NULL,varchar(255) DEFAULT NULL,finance.ticket_invoices,bank_branch_name_2,text,Preserve exact value initially; normalize only through approved lookup mapping.,NOT NULL only if source is NOT NULL and profiling proves no invalid/null rows; otherwise staged nullable,"null-count, distinct-count, min/max/length and deterministic transformed-value hash for ticket_invoices.bank_branch_name_2",CONFIRMED source / PROPOSED target
ticket_invoices,bank_swift_no_2,varchar(255),YES,NULL,varchar(255) DEFAULT NULL,finance.ticket_invoices,bank_swift_no_2,text,Preserve exact value initially; normalize only through approved lookup mapping.,NOT NULL only if source is NOT NULL and profiling proves no invalid/null rows; otherwise staged nullable,"null-count, distinct-count, min/max/length and deterministic transformed-value hash for ticket_invoices.bank_swift_no_2",CONFIRMED source / PROPOSED target
ticket_invoices,bank_iban_no_2,varchar(255),YES,NULL,varchar(255) DEFAULT NULL,finance.ticket_invoices,bank_iban_no_2,text,Preserve exact value initially; normalize only through approved lookup mapping.,NOT NULL only if source is NOT NULL and profiling proves no invalid/null rows; otherwise staged nullable,"null-count, distinct-count, min/max/length and deterministic transformed-value hash for ticket_invoices.bank_iban_no_2",CONFIRMED source / PROPOSED target
ticket_invoices,status,char(5),YES,'P',char(5) DEFAULT 'P',finance.ticket_invoices,status,text,Preserve exact value initially; normalize only through approved lookup mapping.,NOT NULL only if source is NOT NULL and profiling proves no invalid/null rows; otherwise staged nullable,"null-count, distinct-count, min/max/length and deterministic transformed-value hash for ticket_invoices.status",CONFIRMED source / PROPOSED target
ticket_invoices,remarks,varchar(255),YES,NULL,varchar(255) DEFAULT NULL,finance.ticket_invoices,remarks,text,Preserve exact value initially; normalize only through approved lookup mapping.,NOT NULL only if source is NOT NULL and profiling proves no invalid/null rows; otherwise staged nullable,"null-count, distinct-count, min/max/length and deterministic transformed-value hash for ticket_invoices.remarks",CONFIRMED source / PROPOSED target
ticket_invoices,created_at,timestamp,YES,NULL,timestamp NULL DEFAULT NULL,finance.ticket_invoices,created_at,timestamptz,"Interpret using approved legacy application timezone, convert to UTC; UNVERIFIED until timezone approval.",NOT NULL only if source is NOT NULL and profiling proves no invalid/null rows; otherwise staged nullable,"null-count, distinct-count, min/max/length and deterministic transformed-value hash for ticket_invoices.created_at",CONFIRMED source / PROPOSED target
ticket_invoices,created_by,int(11),YES,NULL,int(11) DEFAULT NULL,finance.ticket_invoices,created_by,integer,Exact integer cast; range-check unsigned values.,NOT NULL only if source is NOT NULL and profiling proves no invalid/null rows; otherwise staged nullable,"null-count, distinct-count, min/max/length and deterministic transformed-value hash for ticket_invoices.created_by",CONFIRMED source / PROPOSED target
ticket_invoices,approved_at,timestamp,YES,NULL,timestamp NULL DEFAULT NULL,finance.ticket_invoices,approved_at,timestamptz,"Interpret using approved legacy application timezone, convert to UTC; UNVERIFIED until timezone approval.",NOT NULL only if source is NOT NULL and profiling proves no invalid/null rows; otherwise staged nullable,"null-count, distinct-count, min/max/length and deterministic transformed-value hash for ticket_invoices.approved_at",CONFIRMED source / PROPOSED target
ticket_invoices,approved_by,int(11),YES,NULL,int(11) DEFAULT NULL,finance.ticket_invoices,approved_by,integer,Exact integer cast; range-check unsigned values.,NOT NULL only if source is NOT NULL and profiling proves no invalid/null rows; otherwise staged nullable,"null-count, distinct-count, min/max/length and deterministic transformed-value hash for ticket_invoices.approved_by",CONFIRMED source / PROPOSED target
ticket_invoices,canceled_at,timestamp,YES,NULL,timestamp NULL DEFAULT NULL,finance.ticket_invoices,canceled_at,timestamptz,"Interpret using approved legacy application timezone, convert to UTC; UNVERIFIED until timezone approval.",NOT NULL only if source is NOT NULL and profiling proves no invalid/null rows; otherwise staged nullable,"null-count, distinct-count, min/max/length and deterministic transformed-value hash for ticket_invoices.canceled_at",CONFIRMED source / PROPOSED target
ticket_invoices,canceled_by,int(11),YES,NULL,int(11) DEFAULT NULL,finance.ticket_invoices,canceled_by,integer,Exact integer cast; range-check unsigned values.,NOT NULL only if source is NOT NULL and profiling proves no invalid/null rows; otherwise staged nullable,"null-count, distinct-count, min/max/length and deterministic transformed-value hash for ticket_invoices.canceled_by",CONFIRMED source / PROPOSED target
ticket_invoices,updated_at,timestamp,YES,NULL,timestamp NULL DEFAULT NULL,finance.ticket_invoices,updated_at,timestamptz,"Interpret using approved legacy application timezone, convert to UTC; UNVERIFIED until timezone approval.",NOT NULL only if source is NOT NULL and profiling proves no invalid/null rows; otherwise staged nullable,"null-count, distinct-count, min/max/length and deterministic transformed-value hash for ticket_invoices.updated_at",CONFIRMED source / PROPOSED target
trainings,id,bigint(20),NO,NO DEFAULT,bigint(20) NOT NULL,profile.trainings,id,bigint,Cast signed/unsigned identifier; resolve through legacy_key_map when relational.,NOT NULL only if source is NOT NULL and profiling proves no invalid/null rows; otherwise staged nullable,"null-count, distinct-count, min/max/length and deterministic transformed-value hash for trainings.id",CONFIRMED source / PROPOSED target
trainings,user_id,bigint(20),NO,NO DEFAULT,bigint(20) NOT NULL,profile.trainings,user_id,bigint,Cast signed/unsigned identifier; resolve through legacy_key_map when relational.,NOT NULL only if source is NOT NULL and profiling proves no invalid/null rows; otherwise staged nullable,"null-count, distinct-count, min/max/length and deterministic transformed-value hash for trainings.user_id",CONFIRMED source / PROPOSED target
trainings,title,varchar(250),YES,NULL,varchar(250) DEFAULT NULL,profile.trainings,title,text,Preserve exact value initially; normalize only through approved lookup mapping.,NOT NULL only if source is NOT NULL and profiling proves no invalid/null rows; otherwise staged nullable,"null-count, distinct-count, min/max/length and deterministic transformed-value hash for trainings.title",CONFIRMED source / PROPOSED target
trainings,institute_name,varchar(250),YES,NULL,varchar(250) DEFAULT NULL,profile.trainings,institute_name,text,Preserve exact value initially; normalize only through approved lookup mapping.,NOT NULL only if source is NOT NULL and profiling proves no invalid/null rows; otherwise staged nullable,"null-count, distinct-count, min/max/length and deterministic transformed-value hash for trainings.institute_name",CONFIRMED source / PROPOSED target
trainings,topics,varchar(250),YES,NULL,varchar(250) DEFAULT NULL,profile.trainings,topics,text,Preserve exact value initially; normalize only through approved lookup mapping.,NOT NULL only if source is NOT NULL and profiling proves no invalid/null rows; otherwise staged nullable,"null-count, distinct-count, min/max/length and deterministic transformed-value hash for trainings.topics",CONFIRMED source / PROPOSED target
trainings,start_date,date,YES,NULL,date DEFAULT NULL,profile.trainings,start_date,date,ISO date cast; reject zero/invalid dates.,NOT NULL only if source is NOT NULL and profiling proves no invalid/null rows; otherwise staged nullable,"null-count, distinct-count, min/max/length and deterministic transformed-value hash for trainings.start_date",CONFIRMED source / PROPOSED target
trainings,end_date,date,YES,NULL,date DEFAULT NULL,profile.trainings,end_date,date,ISO date cast; reject zero/invalid dates.,NOT NULL only if source is NOT NULL and profiling proves no invalid/null rows; otherwise staged nullable,"null-count, distinct-count, min/max/length and deterministic transformed-value hash for trainings.end_date",CONFIRMED source / PROPOSED target
trainings,duration,int(11),YES,NULL,int(11) DEFAULT NULL,profile.trainings,duration,integer,Exact integer cast; range-check unsigned values.,NOT NULL only if source is NOT NULL and profiling proves no invalid/null rows; otherwise staged nullable,"null-count, distinct-count, min/max/length and deterministic transformed-value hash for trainings.duration",CONFIRMED source / PROPOSED target
trainings,duration_type,varchar(10),YES,NULL,varchar(10) DEFAULT NULL,profile.trainings,duration_type,text,Preserve exact value initially; normalize only through approved lookup mapping.,NOT NULL only if source is NOT NULL and profiling proves no invalid/null rows; otherwise staged nullable,"null-count, distinct-count, min/max/length and deterministic transformed-value hash for trainings.duration_type",CONFIRMED source / PROPOSED target
trainings,country_id,varchar(250),YES,NULL,varchar(250) DEFAULT NULL,profile.trainings,country_id,bigint,Cast signed/unsigned identifier; resolve through legacy_key_map when relational.,NOT NULL only if source is NOT NULL and profiling proves no invalid/null rows; otherwise staged nullable,"null-count, distinct-count, min/max/length and deterministic transformed-value hash for trainings.country_id",CONFIRMED source / PROPOSED target
trainings,descriptions,varchar(250),YES,NULL,varchar(250) DEFAULT NULL,profile.trainings,descriptions,text,Preserve exact value initially; normalize only through approved lookup mapping.,NOT NULL only if source is NOT NULL and profiling proves no invalid/null rows; otherwise staged nullable,"null-count, distinct-count, min/max/length and deterministic transformed-value hash for trainings.descriptions",CONFIRMED source / PROPOSED target
trainings,achievements,varchar(250),YES,NULL,varchar(250) DEFAULT NULL,profile.trainings,achievements,text,Preserve exact value initially; normalize only through approved lookup mapping.,NOT NULL only if source is NOT NULL and profiling proves no invalid/null rows; otherwise staged nullable,"null-count, distinct-count, min/max/length and deterministic transformed-value hash for trainings.achievements",CONFIRMED source / PROPOSED target
trainings,certificate_file_path,varchar(250),YES,NULL,varchar(250) DEFAULT NULL,profile.trainings,certificate_file_id,text,Preserve exact value initially; normalize only through approved lookup mapping.,NOT NULL only if source is NOT NULL and profiling proves no invalid/null rows; otherwise staged nullable,"null-count, distinct-count, min/max/length and deterministic transformed-value hash for trainings.certificate_file_path",CONFIRMED source / PROPOSED target
trainings,status,char(5),YES,'A',char(5) DEFAULT 'A',profile.trainings,status,text,Preserve exact value initially; normalize only through approved lookup mapping.,NOT NULL only if source is NOT NULL and profiling proves no invalid/null rows; otherwise staged nullable,"null-count, distinct-count, min/max/length and deterministic transformed-value hash for trainings.status",CONFIRMED source / PROPOSED target
trainings,created_at,timestamp,YES,NULL,timestamp NULL DEFAULT NULL,profile.trainings,created_at,timestamptz,"Interpret using approved legacy application timezone, convert to UTC; UNVERIFIED until timezone approval.",NOT NULL only if source is NOT NULL and profiling proves no invalid/null rows; otherwise staged nullable,"null-count, distinct-count, min/max/length and deterministic transformed-value hash for trainings.created_at",CONFIRMED source / PROPOSED target
trainings,updated_at,timestamp,YES,NULL,timestamp NULL DEFAULT NULL,profile.trainings,updated_at,timestamptz,"Interpret using approved legacy application timezone, convert to UTC; UNVERIFIED until timezone approval.",NOT NULL only if source is NOT NULL and profiling proves no invalid/null rows; otherwise staged nullable,"null-count, distinct-count, min/max/length and deterministic transformed-value hash for trainings.updated_at",CONFIRMED source / PROPOSED target
trainings,created_by,bigint(20),YES,NULL,bigint(20) DEFAULT NULL,profile.trainings,created_by,bigint,Exact integer cast; range-check unsigned values.,NOT NULL only if source is NOT NULL and profiling proves no invalid/null rows; otherwise staged nullable,"null-count, distinct-count, min/max/length and deterministic transformed-value hash for trainings.created_by",CONFIRMED source / PROPOSED target
trainings,updated_by,bigint(20),YES,NULL,bigint(20) DEFAULT NULL,profile.trainings,updated_by,bigint,Exact integer cast; range-check unsigned values.,NOT NULL only if source is NOT NULL and profiling proves no invalid/null rows; otherwise staged nullable,"null-count, distinct-count, min/max/length and deterministic transformed-value hash for trainings.updated_by",CONFIRMED source / PROPOSED target
trainings,address,varchar(200),YES,NULL,varchar(200) DEFAULT NULL,profile.trainings,address,text,Preserve exact value initially; normalize only through approved lookup mapping.,NOT NULL only if source is NOT NULL and profiling proves no invalid/null rows; otherwise staged nullable,"null-count, distinct-count, min/max/length and deterministic transformed-value hash for trainings.address",CONFIRMED source / PROPOSED target
translations,id,int(10) UNSIGNED,NO,NO DEFAULT,int(10) UNSIGNED NOT NULL,legacy_platform.translations,id,bigint,Cast signed/unsigned identifier; resolve through legacy_key_map when relational.,NOT NULL only if source is NOT NULL and profiling proves no invalid/null rows; otherwise staged nullable,"null-count, distinct-count, min/max/length and deterministic transformed-value hash for translations.id",CONFIRMED source / PROPOSED target
translations,table_name,varchar(255),NO,NO DEFAULT,varchar(255) NOT NULL,legacy_platform.translations,table_name,text,Preserve exact value initially; normalize only through approved lookup mapping.,NOT NULL only if source is NOT NULL and profiling proves no invalid/null rows; otherwise staged nullable,"null-count, distinct-count, min/max/length and deterministic transformed-value hash for translations.table_name",CONFIRMED source / PROPOSED target
translations,column_name,varchar(255),NO,NO DEFAULT,varchar(255) NOT NULL,legacy_platform.translations,column_name,text,Preserve exact value initially; normalize only through approved lookup mapping.,NOT NULL only if source is NOT NULL and profiling proves no invalid/null rows; otherwise staged nullable,"null-count, distinct-count, min/max/length and deterministic transformed-value hash for translations.column_name",CONFIRMED source / PROPOSED target
translations,foreign_key,int(10) UNSIGNED,NO,NO DEFAULT,int(10) UNSIGNED NOT NULL,legacy_platform.translations,foreign_key,integer,Exact integer cast; range-check unsigned values.,NOT NULL only if source is NOT NULL and profiling proves no invalid/null rows; otherwise staged nullable,"null-count, distinct-count, min/max/length and deterministic transformed-value hash for translations.foreign_key",CONFIRMED source / PROPOSED target
translations,locale,varchar(255),NO,NO DEFAULT,varchar(255) NOT NULL,legacy_platform.translations,locale,text,Preserve exact value initially; normalize only through approved lookup mapping.,NOT NULL only if source is NOT NULL and profiling proves no invalid/null rows; otherwise staged nullable,"null-count, distinct-count, min/max/length and deterministic transformed-value hash for translations.locale",CONFIRMED source / PROPOSED target
translations,value,text,NO,NO DEFAULT,text NOT NULL,legacy_platform.translations,value,text,Preserve bytes/text semantically; file-like JSON handled by document migration.,NOT NULL only if source is NOT NULL and profiling proves no invalid/null rows; otherwise staged nullable,"null-count, distinct-count, min/max/length and deterministic transformed-value hash for translations.value",CONFIRMED source / PROPOSED target
translations,created_at,timestamp,YES,NULL,timestamp NULL DEFAULT NULL,legacy_platform.translations,created_at,timestamptz,"Interpret using approved legacy application timezone, convert to UTC; UNVERIFIED until timezone approval.",NOT NULL only if source is NOT NULL and profiling proves no invalid/null rows; otherwise staged nullable,"null-count, distinct-count, min/max/length and deterministic transformed-value hash for translations.created_at",CONFIRMED source / PROPOSED target
translations,updated_at,timestamp,YES,NULL,timestamp NULL DEFAULT NULL,legacy_platform.translations,updated_at,timestamptz,"Interpret using approved legacy application timezone, convert to UTC; UNVERIFIED until timezone approval.",NOT NULL only if source is NOT NULL and profiling proves no invalid/null rows; otherwise staged nullable,"null-count, distinct-count, min/max/length and deterministic transformed-value hash for translations.updated_at",CONFIRMED source / PROPOSED target
unions,id,int(11),NO,NO DEFAULT,int(11) NOT NULL,operations.unions,id,bigint,Cast signed/unsigned identifier; resolve through legacy_key_map when relational.,NOT NULL only if source is NOT NULL and profiling proves no invalid/null rows; otherwise staged nullable,"null-count, distinct-count, min/max/length and deterministic transformed-value hash for unions.id",CONFIRMED source / PROPOSED target
unions,upazilla_id,int(11),NO,NO DEFAULT,int(11) NOT NULL,operations.unions,upazilla_id,bigint,Cast signed/unsigned identifier; resolve through legacy_key_map when relational.,NOT NULL only if source is NOT NULL and profiling proves no invalid/null rows; otherwise staged nullable,"null-count, distinct-count, min/max/length and deterministic transformed-value hash for unions.upazilla_id",CONFIRMED source / PROPOSED target
unions,name,varchar(25),NO,NO DEFAULT,varchar(25) NOT NULL,operations.unions,name,text,Preserve exact value initially; normalize only through approved lookup mapping.,NOT NULL only if source is NOT NULL and profiling proves no invalid/null rows; otherwise staged nullable,"null-count, distinct-count, min/max/length and deterministic transformed-value hash for unions.name",CONFIRMED source / PROPOSED target
unions,bn_name,varchar(25),NO,NO DEFAULT,varchar(25) NOT NULL,operations.unions,bn_name,text,Preserve exact value initially; normalize only through approved lookup mapping.,NOT NULL only if source is NOT NULL and profiling proves no invalid/null rows; otherwise staged nullable,"null-count, distinct-count, min/max/length and deterministic transformed-value hash for unions.bn_name",CONFIRMED source / PROPOSED target
unions,url,varchar(50),NO,NO DEFAULT,varchar(50) NOT NULL,operations.unions,url,text,Preserve exact value initially; normalize only through approved lookup mapping.,NOT NULL only if source is NOT NULL and profiling proves no invalid/null rows; otherwise staged nullable,"null-count, distinct-count, min/max/length and deterministic transformed-value hash for unions.url",CONFIRMED source / PROPOSED target
upazilas,id,int(11),NO,NO DEFAULT,int(11) NOT NULL,operations.upazilas,id,bigint,Cast signed/unsigned identifier; resolve through legacy_key_map when relational.,NOT NULL only if source is NOT NULL and profiling proves no invalid/null rows; otherwise staged nullable,"null-count, distinct-count, min/max/length and deterministic transformed-value hash for upazilas.id",CONFIRMED source / PROPOSED target
upazilas,district_id,int(11),NO,NO DEFAULT,int(11) NOT NULL,operations.upazilas,district_id,bigint,Cast signed/unsigned identifier; resolve through legacy_key_map when relational.,NOT NULL only if source is NOT NULL and profiling proves no invalid/null rows; otherwise staged nullable,"null-count, distinct-count, min/max/length and deterministic transformed-value hash for upazilas.district_id",CONFIRMED source / PROPOSED target
upazilas,name,varchar(25),NO,NO DEFAULT,varchar(25) NOT NULL,operations.upazilas,name,text,Preserve exact value initially; normalize only through approved lookup mapping.,NOT NULL only if source is NOT NULL and profiling proves no invalid/null rows; otherwise staged nullable,"null-count, distinct-count, min/max/length and deterministic transformed-value hash for upazilas.name",CONFIRMED source / PROPOSED target
upazilas,bn_name,varchar(25),NO,NO DEFAULT,varchar(25) NOT NULL,operations.upazilas,bn_name,text,Preserve exact value initially; normalize only through approved lookup mapping.,NOT NULL only if source is NOT NULL and profiling proves no invalid/null rows; otherwise staged nullable,"null-count, distinct-count, min/max/length and deterministic transformed-value hash for upazilas.bn_name",CONFIRMED source / PROPOSED target
upazilas,url,varchar(50),NO,NO DEFAULT,varchar(50) NOT NULL,operations.upazilas,url,text,Preserve exact value initially; normalize only through approved lookup mapping.,NOT NULL only if source is NOT NULL and profiling proves no invalid/null rows; otherwise staged nullable,"null-count, distinct-count, min/max/length and deterministic transformed-value hash for upazilas.url",CONFIRMED source / PROPOSED target
user_roles,user_id,bigint(20) UNSIGNED,NO,NO DEFAULT,bigint(20) UNSIGNED NOT NULL,iam.user_roles,user_id,bigint,Cast signed/unsigned identifier; resolve through legacy_key_map when relational.,NOT NULL only if source is NOT NULL and profiling proves no invalid/null rows; otherwise staged nullable,"null-count, distinct-count, min/max/length and deterministic transformed-value hash for user_roles.user_id",CONFIRMED source / PROPOSED target
user_roles,role_id,bigint(20) UNSIGNED,NO,NO DEFAULT,bigint(20) UNSIGNED NOT NULL,iam.user_roles,role_id,bigint,Cast signed/unsigned identifier; resolve through legacy_key_map when relational.,NOT NULL only if source is NOT NULL and profiling proves no invalid/null rows; otherwise staged nullable,"null-count, distinct-count, min/max/length and deterministic transformed-value hash for user_roles.role_id",CONFIRMED source / PROPOSED target
user_types,id,int(10) UNSIGNED,NO,NO DEFAULT,int(10) UNSIGNED NOT NULL,iam.user_types,id,bigint,Cast signed/unsigned identifier; resolve through legacy_key_map when relational.,NOT NULL only if source is NOT NULL and profiling proves no invalid/null rows; otherwise staged nullable,"null-count, distinct-count, min/max/length and deterministic transformed-value hash for user_types.id",CONFIRMED source / PROPOSED target
user_types,name,varchar(255),NO,NO DEFAULT,varchar(255) NOT NULL,iam.user_types,name,text,Preserve exact value initially; normalize only through approved lookup mapping.,NOT NULL only if source is NOT NULL and profiling proves no invalid/null rows; otherwise staged nullable,"null-count, distinct-count, min/max/length and deterministic transformed-value hash for user_types.name",CONFIRMED source / PROPOSED target
user_types,status,char(1),NO,'A',char(1) NOT NULL DEFAULT 'A',iam.user_types,status,text,Preserve exact value initially; normalize only through approved lookup mapping.,NOT NULL only if source is NOT NULL and profiling proves no invalid/null rows; otherwise staged nullable,"null-count, distinct-count, min/max/length and deterministic transformed-value hash for user_types.status",CONFIRMED source / PROPOSED target
user_types,created_by,int(11),YES,NULL,int(11) DEFAULT NULL,iam.user_types,created_by,integer,Exact integer cast; range-check unsigned values.,NOT NULL only if source is NOT NULL and profiling proves no invalid/null rows; otherwise staged nullable,"null-count, distinct-count, min/max/length and deterministic transformed-value hash for user_types.created_by",CONFIRMED source / PROPOSED target
user_types,updated_by,int(11),YES,NULL,int(11) DEFAULT NULL,iam.user_types,updated_by,integer,Exact integer cast; range-check unsigned values.,NOT NULL only if source is NOT NULL and profiling proves no invalid/null rows; otherwise staged nullable,"null-count, distinct-count, min/max/length and deterministic transformed-value hash for user_types.updated_by",CONFIRMED source / PROPOSED target
user_types,created_at,timestamp,YES,NULL,timestamp NULL DEFAULT NULL,iam.user_types,created_at,timestamptz,"Interpret using approved legacy application timezone, convert to UTC; UNVERIFIED until timezone approval.",NOT NULL only if source is NOT NULL and profiling proves no invalid/null rows; otherwise staged nullable,"null-count, distinct-count, min/max/length and deterministic transformed-value hash for user_types.created_at",CONFIRMED source / PROPOSED target
user_types,updated_at,timestamp,YES,NULL,timestamp NULL DEFAULT NULL,iam.user_types,updated_at,timestamptz,"Interpret using approved legacy application timezone, convert to UTC; UNVERIFIED until timezone approval.",NOT NULL only if source is NOT NULL and profiling proves no invalid/null rows; otherwise staged nullable,"null-count, distinct-count, min/max/length and deterministic transformed-value hash for user_types.updated_at",CONFIRMED source / PROPOSED target
users,id,bigint(20) UNSIGNED,NO,NO DEFAULT,bigint(20) UNSIGNED NOT NULL,iam.users,id,bigint,Cast signed/unsigned identifier; resolve through legacy_key_map when relational.,NOT NULL only if source is NOT NULL and profiling proves no invalid/null rows; otherwise staged nullable,"null-count, distinct-count, min/max/length and deterministic transformed-value hash for users.id",CONFIRMED source / PROPOSED target
users,role_id,bigint(20) UNSIGNED,YES,NULL,bigint(20) UNSIGNED DEFAULT NULL,iam.users,role_id,bigint,Cast signed/unsigned identifier; resolve through legacy_key_map when relational.,NOT NULL only if source is NOT NULL and profiling proves no invalid/null rows; otherwise staged nullable,"null-count, distinct-count, min/max/length and deterministic transformed-value hash for users.role_id",CONFIRMED source / PROPOSED target
users,name,varchar(255),NO,NO DEFAULT,varchar(255) NOT NULL,iam.users,name,text,Preserve exact value initially; normalize only through approved lookup mapping.,NOT NULL only if source is NOT NULL and profiling proves no invalid/null rows; otherwise staged nullable,"null-count, distinct-count, min/max/length and deterministic transformed-value hash for users.name",CONFIRMED source / PROPOSED target
users,email,varchar(255),NO,NO DEFAULT,varchar(255) NOT NULL,iam.users,email,text,Preserve exact value initially; normalize only through approved lookup mapping.,NOT NULL only if source is NOT NULL and profiling proves no invalid/null rows; otherwise staged nullable,"null-count, distinct-count, min/max/length and deterministic transformed-value hash for users.email",CONFIRMED source / PROPOSED target
users,avatar,varchar(255),YES,'users/default.png',varchar(255) DEFAULT 'users/default.png',iam.users,avatar_file_id,text,Preserve exact value initially; normalize only through approved lookup mapping.,NOT NULL only if source is NOT NULL and profiling proves no invalid/null rows; otherwise staged nullable,"null-count, distinct-count, min/max/length and deterministic transformed-value hash for users.avatar",CONFIRMED source / PROPOSED target
users,email_verified_at,timestamp,YES,NULL,timestamp NULL DEFAULT NULL,iam.users,email_verified_at,timestamptz,"Interpret using approved legacy application timezone, convert to UTC; UNVERIFIED until timezone approval.",NOT NULL only if source is NOT NULL and profiling proves no invalid/null rows; otherwise staged nullable,"null-count, distinct-count, min/max/length and deterministic transformed-value hash for users.email_verified_at",CONFIRMED source / PROPOSED target
users,password,varchar(255),NO,NO DEFAULT,varchar(255) NOT NULL,iam.users,password,text,Preserve exact value initially; normalize only through approved lookup mapping.,NOT NULL only if source is NOT NULL and profiling proves no invalid/null rows; otherwise staged nullable,"null-count, distinct-count, min/max/length and deterministic transformed-value hash for users.password",CONFIRMED source / PROPOSED target
users,remember_token,varchar(100),YES,NULL,varchar(100) DEFAULT NULL,iam.users,remember_token,text,Preserve exact value initially; normalize only through approved lookup mapping.,NOT NULL only if source is NOT NULL and profiling proves no invalid/null rows; otherwise staged nullable,"null-count, distinct-count, min/max/length and deterministic transformed-value hash for users.remember_token",CONFIRMED source / PROPOSED target
users,settings,text,YES,NULL,text DEFAULT NULL,iam.users,settings,text,Preserve bytes/text semantically; file-like JSON handled by document migration.,NOT NULL only if source is NOT NULL and profiling proves no invalid/null rows; otherwise staged nullable,"null-count, distinct-count, min/max/length and deterministic transformed-value hash for users.settings",CONFIRMED source / PROPOSED target
users,user_type_id,bigint(20),YES,NULL,bigint(20) DEFAULT NULL,iam.users,user_type_id,bigint,Cast signed/unsigned identifier; resolve through legacy_key_map when relational.,NOT NULL only if source is NOT NULL and profiling proves no invalid/null rows; otherwise staged nullable,"null-count, distinct-count, min/max/length and deterministic transformed-value hash for users.user_type_id",CONFIRMED source / PROPOSED target
users,agent_id,int(11),YES,NULL,int(11) DEFAULT NULL,iam.users,agent_id,bigint,Cast signed/unsigned identifier; resolve through legacy_key_map when relational.,NOT NULL only if source is NOT NULL and profiling proves no invalid/null rows; otherwise staged nullable,"null-count, distinct-count, min/max/length and deterministic transformed-value hash for users.agent_id",CONFIRMED source / PROPOSED target
users,sub_agent_id,bigint(20),YES,NULL,bigint(20) DEFAULT NULL,iam.users,sub_agent_id,bigint,Cast signed/unsigned identifier; resolve through legacy_key_map when relational.,NOT NULL only if source is NOT NULL and profiling proves no invalid/null rows; otherwise staged nullable,"null-count, distinct-count, min/max/length and deterministic transformed-value hash for users.sub_agent_id",CONFIRMED source / PROPOSED target
users,teacher_id,int(11),YES,NULL,int(11) DEFAULT NULL,iam.users,teacher_id,bigint,Cast signed/unsigned identifier; resolve through legacy_key_map when relational.,NOT NULL only if source is NOT NULL and profiling proves no invalid/null rows; otherwise staged nullable,"null-count, distinct-count, min/max/length and deterministic transformed-value hash for users.teacher_id",CONFIRMED source / PROPOSED target
users,employee_id,int(11),YES,NULL,int(11) DEFAULT NULL,iam.users,employee_id,bigint,Cast signed/unsigned identifier; resolve through legacy_key_map when relational.,NOT NULL only if source is NOT NULL and profiling proves no invalid/null rows; otherwise staged nullable,"null-count, distinct-count, min/max/length and deterministic transformed-value hash for users.employee_id",CONFIRMED source / PROPOSED target
users,candidate_id,int(11),YES,NULL,int(11) DEFAULT NULL,iam.users,candidate_id,bigint,Cast signed/unsigned identifier; resolve through legacy_key_map when relational.,NOT NULL only if source is NOT NULL and profiling proves no invalid/null rows; otherwise staged nullable,"null-count, distinct-count, min/max/length and deterministic transformed-value hash for users.candidate_id",CONFIRMED source / PROPOSED target
users,employer_id,int(11),YES,NULL,int(11) DEFAULT NULL,iam.users,employer_id,bigint,Cast signed/unsigned identifier; resolve through legacy_key_map when relational.,NOT NULL only if source is NOT NULL and profiling proves no invalid/null rows; otherwise staged nullable,"null-count, distinct-count, min/max/length and deterministic transformed-value hash for users.employer_id",CONFIRMED source / PROPOSED target
users,agencier_id,bigint(20),YES,NULL,bigint(20) DEFAULT NULL,iam.users,agencier_id,bigint,Cast signed/unsigned identifier; resolve through legacy_key_map when relational.,NOT NULL only if source is NOT NULL and profiling proves no invalid/null rows; otherwise staged nullable,"null-count, distinct-count, min/max/length and deterministic transformed-value hash for users.agencier_id",CONFIRMED source / PROPOSED target
users,companier_id,bigint(20),YES,NULL,bigint(20) DEFAULT NULL,iam.users,companier_id,bigint,Cast signed/unsigned identifier; resolve through legacy_key_map when relational.,NOT NULL only if source is NOT NULL and profiling proves no invalid/null rows; otherwise staged nullable,"null-count, distinct-count, min/max/length and deterministic transformed-value hash for users.companier_id",CONFIRMED source / PROPOSED target
users,status,char(5),YES,'A',char(5) DEFAULT 'A',iam.users,status,text,Preserve exact value initially; normalize only through approved lookup mapping.,NOT NULL only if source is NOT NULL and profiling proves no invalid/null rows; otherwise staged nullable,"null-count, distinct-count, min/max/length and deterministic transformed-value hash for users.status",CONFIRMED source / PROPOSED target
users,created_at,timestamp,YES,NULL,timestamp NULL DEFAULT NULL,iam.users,created_at,timestamptz,"Interpret using approved legacy application timezone, convert to UTC; UNVERIFIED until timezone approval.",NOT NULL only if source is NOT NULL and profiling proves no invalid/null rows; otherwise staged nullable,"null-count, distinct-count, min/max/length and deterministic transformed-value hash for users.created_at",CONFIRMED source / PROPOSED target
users,updated_at,timestamp,YES,NULL,timestamp NULL DEFAULT NULL,iam.users,updated_at,timestamptz,"Interpret using approved legacy application timezone, convert to UTC; UNVERIFIED until timezone approval.",NOT NULL only if source is NOT NULL and profiling proves no invalid/null rows; otherwise staged nullable,"null-count, distinct-count, min/max/length and deterministic transformed-value hash for users.updated_at",CONFIRMED source / PROPOSED target
visa_immigrations,id,int(10) UNSIGNED,NO,NO DEFAULT,int(10) UNSIGNED NOT NULL,candidate.visa_immigrations,id,bigint,Cast signed/unsigned identifier; resolve through legacy_key_map when relational.,NOT NULL only if source is NOT NULL and profiling proves no invalid/null rows; otherwise staged nullable,"null-count, distinct-count, min/max/length and deterministic transformed-value hash for visa_immigrations.id",CONFIRMED source / PROPOSED target
visa_immigrations,issue_date,date,YES,NULL,date DEFAULT NULL,candidate.visa_immigrations,issue_date,date,ISO date cast; reject zero/invalid dates.,NOT NULL only if source is NOT NULL and profiling proves no invalid/null rows; otherwise staged nullable,"null-count, distinct-count, min/max/length and deterministic transformed-value hash for visa_immigrations.issue_date",CONFIRMED source / PROPOSED target
visa_immigrations,expire_date,date,YES,NULL,date DEFAULT NULL,candidate.visa_immigrations,expire_date,date,ISO date cast; reject zero/invalid dates.,NOT NULL only if source is NOT NULL and profiling proves no invalid/null rows; otherwise staged nullable,"null-count, distinct-count, min/max/length and deterministic transformed-value hash for visa_immigrations.expire_date",CONFIRMED source / PROPOSED target
visa_immigrations,visa_mp_no,varchar(255),YES,NULL,varchar(255) DEFAULT NULL,candidate.visa_immigrations,visa_mp_no,text,Preserve exact value initially; normalize only through approved lookup mapping.,NOT NULL only if source is NOT NULL and profiling proves no invalid/null rows; otherwise staged nullable,"null-count, distinct-count, min/max/length and deterministic transformed-value hash for visa_immigrations.visa_mp_no",CONFIRMED source / PROPOSED target
visa_immigrations,status,char(5),YES,NULL,char(5) DEFAULT NULL,candidate.visa_immigrations,status,text,Preserve exact value initially; normalize only through approved lookup mapping.,NOT NULL only if source is NOT NULL and profiling proves no invalid/null rows; otherwise staged nullable,"null-count, distinct-count, min/max/length and deterministic transformed-value hash for visa_immigrations.status",CONFIRMED source / PROPOSED target
visa_immigrations,candidate_id,int(11),YES,NULL,int(11) DEFAULT NULL,candidate.visa_immigrations,candidate_id,bigint,Cast signed/unsigned identifier; resolve through legacy_key_map when relational.,NOT NULL only if source is NOT NULL and profiling proves no invalid/null rows; otherwise staged nullable,"null-count, distinct-count, min/max/length and deterministic transformed-value hash for visa_immigrations.candidate_id",CONFIRMED source / PROPOSED target
visa_immigrations,created_at,timestamp,YES,NULL,timestamp NULL DEFAULT NULL,candidate.visa_immigrations,created_at,timestamptz,"Interpret using approved legacy application timezone, convert to UTC; UNVERIFIED until timezone approval.",NOT NULL only if source is NOT NULL and profiling proves no invalid/null rows; otherwise staged nullable,"null-count, distinct-count, min/max/length and deterministic transformed-value hash for visa_immigrations.created_at",CONFIRMED source / PROPOSED target
visa_immigrations,updated_at,timestamp,YES,NULL,timestamp NULL DEFAULT NULL,candidate.visa_immigrations,updated_at,timestamptz,"Interpret using approved legacy application timezone, convert to UTC; UNVERIFIED until timezone approval.",NOT NULL only if source is NOT NULL and profiling proves no invalid/null rows; otherwise staged nullable,"null-count, distinct-count, min/max/length and deterministic transformed-value hash for visa_immigrations.updated_at",CONFIRMED source / PROPOSED target
visa_immigrations,document_file_path,varchar(255),YES,NULL,varchar(255) DEFAULT NULL,candidate.visa_immigrations,document_file_id,text,Preserve exact value initially; normalize only through approved lookup mapping.,NOT NULL only if source is NOT NULL and profiling proves no invalid/null rows; otherwise staged nullable,"null-count, distinct-count, min/max/length and deterministic transformed-value hash for visa_immigrations.document_file_path",CONFIRMED source / PROPOSED target
