legacy_permission_id,legacy_key,table_name,proposed_stable_key,route_controller_actions,row_scope,document_access,report_access,evidence
1,browse_admin,,operations.admin.browse,UNVERIFIED: Voyager/BREAD dynamic route or no explicit canonical action,PROPOSED: explicit policy scope required; legacy global scopes/hard-coded roles must be translated,PROPOSED: inherit resource read plus file-specific policy; never infer from URL possession,PROPOSED: separate report.execute/report.export permission where applicable,CONFIRMED legacy permission; PROPOSED stable key/scopes
2,browse_bread,,operations.bread.browse,UNVERIFIED: Voyager/BREAD dynamic route or no explicit canonical action,PROPOSED: explicit policy scope required; legacy global scopes/hard-coded roles must be translated,PROPOSED: inherit resource read plus file-specific policy; never infer from URL possession,PROPOSED: separate report.execute/report.export permission where applicable,CONFIRMED legacy permission; PROPOSED stable key/scopes
3,browse_database,,operations.database.browse,UNVERIFIED: Voyager/BREAD dynamic route or no explicit canonical action,PROPOSED: explicit policy scope required; legacy global scopes/hard-coded roles must be translated,PROPOSED: inherit resource read plus file-specific policy; never infer from URL possession,PROPOSED: separate report.execute/report.export permission where applicable,CONFIRMED legacy permission; PROPOSED stable key/scopes
4,browse_media,,operations.media.browse,UNVERIFIED: Voyager/BREAD dynamic route or no explicit canonical action,PROPOSED: explicit policy scope required; legacy global scopes/hard-coded roles must be translated,PROPOSED: inherit resource read plus file-specific policy; never infer from URL possession,PROPOSED: separate report.execute/report.export permission where applicable,CONFIRMED legacy permission; PROPOSED stable key/scopes
5,browse_compass,,operations.compass.browse,UNVERIFIED: Voyager/BREAD dynamic route or no explicit canonical action,PROPOSED: explicit policy scope required; legacy global scopes/hard-coded roles must be translated,PROPOSED: inherit resource read plus file-specific policy; never infer from URL possession,PROPOSED: separate report.execute/report.export permission where applicable,CONFIRMED legacy permission; PROPOSED stable key/scopes
6,browse_menus,menus,platform.menus.browse,UNVERIFIED: Voyager/BREAD dynamic route or no explicit canonical action,PROPOSED: explicit policy scope required; legacy global scopes/hard-coded roles must be translated,PROPOSED: inherit resource read plus file-specific policy; never infer from URL possession,PROPOSED: separate report.execute/report.export permission where applicable,CONFIRMED legacy permission; PROPOSED stable key/scopes
7,read_menus,menus,platform.menus.read,UNVERIFIED: Voyager/BREAD dynamic route or no explicit canonical action,PROPOSED: explicit policy scope required; legacy global scopes/hard-coded roles must be translated,PROPOSED: inherit resource read plus file-specific policy; never infer from URL possession,PROPOSED: separate report.execute/report.export permission where applicable,CONFIRMED legacy permission; PROPOSED stable key/scopes
8,edit_menus,menus,platform.menus.edit,UNVERIFIED: Voyager/BREAD dynamic route or no explicit canonical action,PROPOSED: explicit policy scope required; legacy global scopes/hard-coded roles must be translated,PROPOSED: inherit resource read plus file-specific policy; never infer from URL possession,PROPOSED: separate report.execute/report.export permission where applicable,CONFIRMED legacy permission; PROPOSED stable key/scopes
9,add_menus,menus,platform.menus.add,UNVERIFIED: Voyager/BREAD dynamic route or no explicit canonical action,PROPOSED: explicit policy scope required; legacy global scopes/hard-coded roles must be translated,PROPOSED: inherit resource read plus file-specific policy; never infer from URL possession,PROPOSED: separate report.execute/report.export permission where applicable,CONFIRMED legacy permission; PROPOSED stable key/scopes
10,delete_menus,menus,platform.menus.delete,UNVERIFIED: Voyager/BREAD dynamic route or no explicit canonical action,PROPOSED: explicit policy scope required; legacy global scopes/hard-coded roles must be translated,PROPOSED: inherit resource read plus file-specific policy; never infer from URL possession,PROPOSED: separate report.execute/report.export permission where applicable,CONFIRMED legacy permission; PROPOSED stable key/scopes
11,browse_roles,roles,iam.roles.browse,src/app/Http/Controllers/Admin/VoyagerAgencierController.php:7 | src/app/Http/Controllers/Admin/VoyagerCandidateDocumentController.php:221 | src/app/Http/Controllers/Admin/VoyagerCandidatesController.php:501 | src/app/Http/Controllers/Admin/VoyagerCompanierController.php:7 | src/app/Http/Controllers/Admin/VoyagerEmployeeController.php:7 | src/app/Http/Controllers/Admin/VoyagerEmployerController.php:7 | src/app/Http/Controllers/Admin/VoyagerInvoiceController.php:223 | src/app/Http/Controllers/Admin/VoyagerMyPanelController.php:53 | src/app/Http/Controllers/Admin/VoyagerPaymentRequestController.php:205 | src/app/Http/Controllers/Admin/VoyagerSubAgentPaymentRequestController.php:207 | src/app/Http/Controllers/Admin/VoyagerTeacherController.php:7 | src/app/Http/Controllers/Admin/VoyagerTicketInvoiceController.php:254 | src/app/Http/Controllers/Admin/VoyagerUserController.php:6,PROPOSED: explicit policy scope required; legacy global scopes/hard-coded roles must be translated,PROPOSED: inherit resource read plus file-specific policy; never infer from URL possession,PROPOSED: separate report.execute/report.export permission where applicable,CONFIRMED legacy permission; PROPOSED stable key/scopes
12,read_roles,roles,iam.roles.read,src/app/Http/Controllers/Admin/VoyagerAgencierController.php:7 | src/app/Http/Controllers/Admin/VoyagerCandidateDocumentController.php:221 | src/app/Http/Controllers/Admin/VoyagerCandidatesController.php:501 | src/app/Http/Controllers/Admin/VoyagerCompanierController.php:7 | src/app/Http/Controllers/Admin/VoyagerEmployeeController.php:7 | src/app/Http/Controllers/Admin/VoyagerEmployerController.php:7 | src/app/Http/Controllers/Admin/VoyagerInvoiceController.php:223 | src/app/Http/Controllers/Admin/VoyagerMyPanelController.php:53 | src/app/Http/Controllers/Admin/VoyagerPaymentRequestController.php:205 | src/app/Http/Controllers/Admin/VoyagerSubAgentPaymentRequestController.php:207 | src/app/Http/Controllers/Admin/VoyagerTeacherController.php:7 | src/app/Http/Controllers/Admin/VoyagerTicketInvoiceController.php:254 | src/app/Http/Controllers/Admin/VoyagerUserController.php:6,PROPOSED: explicit policy scope required; legacy global scopes/hard-coded roles must be translated,PROPOSED: inherit resource read plus file-specific policy; never infer from URL possession,PROPOSED: separate report.execute/report.export permission where applicable,CONFIRMED legacy permission; PROPOSED stable key/scopes
13,edit_roles,roles,iam.roles.edit,src/app/Http/Controllers/Admin/VoyagerAgencierController.php:7 | src/app/Http/Controllers/Admin/VoyagerCandidateDocumentController.php:221 | src/app/Http/Controllers/Admin/VoyagerCandidatesController.php:501 | src/app/Http/Controllers/Admin/VoyagerCompanierController.php:7 | src/app/Http/Controllers/Admin/VoyagerEmployeeController.php:7 | src/app/Http/Controllers/Admin/VoyagerEmployerController.php:7 | src/app/Http/Controllers/Admin/VoyagerInvoiceController.php:223 | src/app/Http/Controllers/Admin/VoyagerMyPanelController.php:53 | src/app/Http/Controllers/Admin/VoyagerPaymentRequestController.php:205 | src/app/Http/Controllers/Admin/VoyagerSubAgentPaymentRequestController.php:207 | src/app/Http/Controllers/Admin/VoyagerTeacherController.php:7 | src/app/Http/Controllers/Admin/VoyagerTicketInvoiceController.php:254 | src/app/Http/Controllers/Admin/VoyagerUserController.php:6,PROPOSED: explicit policy scope required; legacy global scopes/hard-coded roles must be translated,PROPOSED: inherit resource read plus file-specific policy; never infer from URL possession,PROPOSED: separate report.execute/report.export permission where applicable,CONFIRMED legacy permission; PROPOSED stable key/scopes
14,add_roles,roles,iam.roles.add,src/app/Http/Controllers/Admin/VoyagerAgencierController.php:7 | src/app/Http/Controllers/Admin/VoyagerCandidateDocumentController.php:221 | src/app/Http/Controllers/Admin/VoyagerCandidatesController.php:501 | src/app/Http/Controllers/Admin/VoyagerCompanierController.php:7 | src/app/Http/Controllers/Admin/VoyagerEmployeeController.php:7 | src/app/Http/Controllers/Admin/VoyagerEmployerController.php:7 | src/app/Http/Controllers/Admin/VoyagerInvoiceController.php:223 | src/app/Http/Controllers/Admin/VoyagerMyPanelController.php:53 | src/app/Http/Controllers/Admin/VoyagerPaymentRequestController.php:205 | src/app/Http/Controllers/Admin/VoyagerSubAgentPaymentRequestController.php:207 | src/app/Http/Controllers/Admin/VoyagerTeacherController.php:7 | src/app/Http/Controllers/Admin/VoyagerTicketInvoiceController.php:254 | src/app/Http/Controllers/Admin/VoyagerUserController.php:6,PROPOSED: explicit policy scope required; legacy global scopes/hard-coded roles must be translated,PROPOSED: inherit resource read plus file-specific policy; never infer from URL possession,PROPOSED: separate report.execute/report.export permission where applicable,CONFIRMED legacy permission; PROPOSED stable key/scopes
15,delete_roles,roles,iam.roles.delete,src/app/Http/Controllers/Admin/VoyagerAgencierController.php:7 | src/app/Http/Controllers/Admin/VoyagerCandidateDocumentController.php:221 | src/app/Http/Controllers/Admin/VoyagerCandidatesController.php:501 | src/app/Http/Controllers/Admin/VoyagerCompanierController.php:7 | src/app/Http/Controllers/Admin/VoyagerEmployeeController.php:7 | src/app/Http/Controllers/Admin/VoyagerEmployerController.php:7 | src/app/Http/Controllers/Admin/VoyagerInvoiceController.php:223 | src/app/Http/Controllers/Admin/VoyagerMyPanelController.php:53 | src/app/Http/Controllers/Admin/VoyagerPaymentRequestController.php:205 | src/app/Http/Controllers/Admin/VoyagerSubAgentPaymentRequestController.php:207 | src/app/Http/Controllers/Admin/VoyagerTeacherController.php:7 | src/app/Http/Controllers/Admin/VoyagerTicketInvoiceController.php:254 | src/app/Http/Controllers/Admin/VoyagerUserController.php:6,PROPOSED: explicit policy scope required; legacy global scopes/hard-coded roles must be translated,PROPOSED: inherit resource read plus file-specific policy; never infer from URL possession,PROPOSED: separate report.execute/report.export permission where applicable,CONFIRMED legacy permission; PROPOSED stable key/scopes
16,browse_users,users,iam.users.browse,src/app/Http/Controllers/ApiController.php:7 | src/app/Http/Controllers/PageController.php:18 | src/app/Http/Controllers/Admin/AuthenticationController.php:24 | src/app/Http/Controllers/Admin/VoyagerAgencierController.php:16 | src/app/Http/Controllers/Admin/VoyagerAgencyController.php:61 | src/app/Http/Controllers/Admin/VoyagerAgentController.php:17 | src/app/Http/Controllers/Admin/VoyagerAjaxController.php:14 | src/app/Http/Controllers/Admin/VoyagerAnnouncementsController.php:19 | src/app/Http/Controllers/Admin/VoyagerArcController.php:61 | src/app/Http/Controllers/Admin/VoyagerCandidateDocumentController.php:10 | src/app/Http/Controllers/Admin/VoyagerCandidatesController.php:22 | src/app/Http/Controllers/Admin/VoyagerCompanierController.php:16 | src/app/Http/Controllers/Admin/VoyagerCompanyController.php:61 | src/app/Http/Controllers/Admin/VoyagerDatabaseController.php:6 | src/app/Http/Controllers/Admin/VoyagerEmployeeController.php:16 | src/app/Http/Controllers/Admin/VoyagerEmployerController.php:16 | src/app/Http/Controllers/Admin/VoyagerExamController.php:62 | src/app/Http/Controllers/Admin/VoyagerExamResultController.php:92 | src/app/Http/Controllers/Admin/VoyagerFlightScheduleController.php:61 | src/app/Http/Controllers/Admin/VoyagerInvoiceMoneyReceiptController.php:117 | src/app/Http/Controllers/Admin/VoyagerLabourContractController.php:61 | src/app/Http/Controllers/Admin/VoyagerManpowerController.php:61 | src/app/Http/Controllers/Admin/VoyagerMedicalMinistryController.php:61 | src/app/Http/Controllers/Admin/VoyagerMyPanelController.php:40 | src/app/Http/Controllers/Admin/VoyagerNotificationsController.php:19 | src/app/Http/Controllers/Admin/VoyagerPaymentController.php:141 | src/app/Http/Controllers/Admin/VoyagerPaymentRequestController.php:9 | src/app/Http/Controllers/Admin/VoyagerPoliceClearanceController.php:61 | src/app/Http/Controllers/Admin/VoyagerProfileController.php:6 | src/app/Http/Controllers/Admin/VoyagerReportController.php:61 | src/app/Http/Controllers/Admin/VoyagerSubAgentController.php:20 | src/app/Http/Controllers/Admin/VoyagerSubAgentPaymentRequestController.php:10 | src/app/Http/Controllers/Admin/VoyagerTeacherController.php:16 | src/app/Http/Controllers/Admin/VoyagerTicketInvoiceMoneyReceiptController.php:117 | src/app/Http/Controllers/Admin/VoyagerUserController.php:17 | src/app/Http/Controllers/Admin/VoyagerVisaImmigrationController.php:61 | src/app/Http/Controllers/Auth/ConfirmPasswordController.php:25 | src/app/Http/Controllers/Auth/ForgotPasswordController.php:17 | src/app/Http/Controllers/Auth/LoginController.php:16 | src/app/Http/Controllers/Auth/RegisterController.php:7 | src/app/Http/Controllers/Auth/ResetPasswordController.php:25 | src/app/Http/Controllers/Auth/VerificationController.php:17 | src/routes/admin.php:15 | src/routes/api.php:17 | src/routes/channels.php:12,PROPOSED: explicit policy scope required; legacy global scopes/hard-coded roles must be translated,PROPOSED: inherit resource read plus file-specific policy; never infer from URL possession,PROPOSED: separate report.execute/report.export permission where applicable,CONFIRMED legacy permission; PROPOSED stable key/scopes
17,read_users,users,iam.users.read,src/app/Http/Controllers/ApiController.php:7 | src/app/Http/Controllers/PageController.php:18 | src/app/Http/Controllers/Admin/AuthenticationController.php:24 | src/app/Http/Controllers/Admin/VoyagerAgencierController.php:16 | src/app/Http/Controllers/Admin/VoyagerAgencyController.php:61 | src/app/Http/Controllers/Admin/VoyagerAgentController.php:17 | src/app/Http/Controllers/Admin/VoyagerAjaxController.php:14 | src/app/Http/Controllers/Admin/VoyagerAnnouncementsController.php:19 | src/app/Http/Controllers/Admin/VoyagerArcController.php:61 | src/app/Http/Controllers/Admin/VoyagerCandidateDocumentController.php:10 | src/app/Http/Controllers/Admin/VoyagerCandidatesController.php:22 | src/app/Http/Controllers/Admin/VoyagerCompanierController.php:16 | src/app/Http/Controllers/Admin/VoyagerCompanyController.php:61 | src/app/Http/Controllers/Admin/VoyagerDatabaseController.php:6 | src/app/Http/Controllers/Admin/VoyagerEmployeeController.php:16 | src/app/Http/Controllers/Admin/VoyagerEmployerController.php:16 | src/app/Http/Controllers/Admin/VoyagerExamController.php:62 | src/app/Http/Controllers/Admin/VoyagerExamResultController.php:92 | src/app/Http/Controllers/Admin/VoyagerFlightScheduleController.php:61 | src/app/Http/Controllers/Admin/VoyagerInvoiceMoneyReceiptController.php:117 | src/app/Http/Controllers/Admin/VoyagerLabourContractController.php:61 | src/app/Http/Controllers/Admin/VoyagerManpowerController.php:61 | src/app/Http/Controllers/Admin/VoyagerMedicalMinistryController.php:61 | src/app/Http/Controllers/Admin/VoyagerMyPanelController.php:40 | src/app/Http/Controllers/Admin/VoyagerNotificationsController.php:19 | src/app/Http/Controllers/Admin/VoyagerPaymentController.php:141 | src/app/Http/Controllers/Admin/VoyagerPaymentRequestController.php:9 | src/app/Http/Controllers/Admin/VoyagerPoliceClearanceController.php:61 | src/app/Http/Controllers/Admin/VoyagerProfileController.php:6 | src/app/Http/Controllers/Admin/VoyagerReportController.php:61 | src/app/Http/Controllers/Admin/VoyagerSubAgentController.php:20 | src/app/Http/Controllers/Admin/VoyagerSubAgentPaymentRequestController.php:10 | src/app/Http/Controllers/Admin/VoyagerTeacherController.php:16 | src/app/Http/Controllers/Admin/VoyagerTicketInvoiceMoneyReceiptController.php:117 | src/app/Http/Controllers/Admin/VoyagerUserController.php:17 | src/app/Http/Controllers/Admin/VoyagerVisaImmigrationController.php:61 | src/app/Http/Controllers/Auth/ConfirmPasswordController.php:25 | src/app/Http/Controllers/Auth/ForgotPasswordController.php:17 | src/app/Http/Controllers/Auth/LoginController.php:16 | src/app/Http/Controllers/Auth/RegisterController.php:7 | src/app/Http/Controllers/Auth/ResetPasswordController.php:25 | src/app/Http/Controllers/Auth/VerificationController.php:17 | src/routes/admin.php:15 | src/routes/api.php:17 | src/routes/channels.php:12,PROPOSED: explicit policy scope required; legacy global scopes/hard-coded roles must be translated,PROPOSED: inherit resource read plus file-specific policy; never infer from URL possession,PROPOSED: separate report.execute/report.export permission where applicable,CONFIRMED legacy permission; PROPOSED stable key/scopes
18,edit_users,users,iam.users.edit,src/app/Http/Controllers/ApiController.php:7 | src/app/Http/Controllers/PageController.php:18 | src/app/Http/Controllers/Admin/AuthenticationController.php:24 | src/app/Http/Controllers/Admin/VoyagerAgencierController.php:16 | src/app/Http/Controllers/Admin/VoyagerAgencyController.php:61 | src/app/Http/Controllers/Admin/VoyagerAgentController.php:17 | src/app/Http/Controllers/Admin/VoyagerAjaxController.php:14 | src/app/Http/Controllers/Admin/VoyagerAnnouncementsController.php:19 | src/app/Http/Controllers/Admin/VoyagerArcController.php:61 | src/app/Http/Controllers/Admin/VoyagerCandidateDocumentController.php:10 | src/app/Http/Controllers/Admin/VoyagerCandidatesController.php:22 | src/app/Http/Controllers/Admin/VoyagerCompanierController.php:16 | src/app/Http/Controllers/Admin/VoyagerCompanyController.php:61 | src/app/Http/Controllers/Admin/VoyagerDatabaseController.php:6 | src/app/Http/Controllers/Admin/VoyagerEmployeeController.php:16 | src/app/Http/Controllers/Admin/VoyagerEmployerController.php:16 | src/app/Http/Controllers/Admin/VoyagerExamController.php:62 | src/app/Http/Controllers/Admin/VoyagerExamResultController.php:92 | src/app/Http/Controllers/Admin/VoyagerFlightScheduleController.php:61 | src/app/Http/Controllers/Admin/VoyagerInvoiceMoneyReceiptController.php:117 | src/app/Http/Controllers/Admin/VoyagerLabourContractController.php:61 | src/app/Http/Controllers/Admin/VoyagerManpowerController.php:61 | src/app/Http/Controllers/Admin/VoyagerMedicalMinistryController.php:61 | src/app/Http/Controllers/Admin/VoyagerMyPanelController.php:40 | src/app/Http/Controllers/Admin/VoyagerNotificationsController.php:19 | src/app/Http/Controllers/Admin/VoyagerPaymentController.php:141 | src/app/Http/Controllers/Admin/VoyagerPaymentRequestController.php:9 | src/app/Http/Controllers/Admin/VoyagerPoliceClearanceController.php:61 | src/app/Http/Controllers/Admin/VoyagerProfileController.php:6 | src/app/Http/Controllers/Admin/VoyagerReportController.php:61 | src/app/Http/Controllers/Admin/VoyagerSubAgentController.php:20 | src/app/Http/Controllers/Admin/VoyagerSubAgentPaymentRequestController.php:10 | src/app/Http/Controllers/Admin/VoyagerTeacherController.php:16 | src/app/Http/Controllers/Admin/VoyagerTicketInvoiceMoneyReceiptController.php:117 | src/app/Http/Controllers/Admin/VoyagerUserController.php:17 | src/app/Http/Controllers/Admin/VoyagerVisaImmigrationController.php:61 | src/app/Http/Controllers/Auth/ConfirmPasswordController.php:25 | src/app/Http/Controllers/Auth/ForgotPasswordController.php:17 | src/app/Http/Controllers/Auth/LoginController.php:16 | src/app/Http/Controllers/Auth/RegisterController.php:7 | src/app/Http/Controllers/Auth/ResetPasswordController.php:25 | src/app/Http/Controllers/Auth/VerificationController.php:17 | src/routes/admin.php:15 | src/routes/api.php:17 | src/routes/channels.php:12,PROPOSED: explicit policy scope required; legacy global scopes/hard-coded roles must be translated,PROPOSED: inherit resource read plus file-specific policy; never infer from URL possession,PROPOSED: separate report.execute/report.export permission where applicable,CONFIRMED legacy permission; PROPOSED stable key/scopes
19,add_users,users,iam.users.add,src/app/Http/Controllers/ApiController.php:7 | src/app/Http/Controllers/PageController.php:18 | src/app/Http/Controllers/Admin/AuthenticationController.php:24 | src/app/Http/Controllers/Admin/VoyagerAgencierController.php:16 | src/app/Http/Controllers/Admin/VoyagerAgencyController.php:61 | src/app/Http/Controllers/Admin/VoyagerAgentController.php:17 | src/app/Http/Controllers/Admin/VoyagerAjaxController.php:14 | src/app/Http/Controllers/Admin/VoyagerAnnouncementsController.php:19 | src/app/Http/Controllers/Admin/VoyagerArcController.php:61 | src/app/Http/Controllers/Admin/VoyagerCandidateDocumentController.php:10 | src/app/Http/Controllers/Admin/VoyagerCandidatesController.php:22 | src/app/Http/Controllers/Admin/VoyagerCompanierController.php:16 | src/app/Http/Controllers/Admin/VoyagerCompanyController.php:61 | src/app/Http/Controllers/Admin/VoyagerDatabaseController.php:6 | src/app/Http/Controllers/Admin/VoyagerEmployeeController.php:16 | src/app/Http/Controllers/Admin/VoyagerEmployerController.php:16 | src/app/Http/Controllers/Admin/VoyagerExamController.php:62 | src/app/Http/Controllers/Admin/VoyagerExamResultController.php:92 | src/app/Http/Controllers/Admin/VoyagerFlightScheduleController.php:61 | src/app/Http/Controllers/Admin/VoyagerInvoiceMoneyReceiptController.php:117 | src/app/Http/Controllers/Admin/VoyagerLabourContractController.php:61 | src/app/Http/Controllers/Admin/VoyagerManpowerController.php:61 | src/app/Http/Controllers/Admin/VoyagerMedicalMinistryController.php:61 | src/app/Http/Controllers/Admin/VoyagerMyPanelController.php:40 | src/app/Http/Controllers/Admin/VoyagerNotificationsController.php:19 | src/app/Http/Controllers/Admin/VoyagerPaymentController.php:141 | src/app/Http/Controllers/Admin/VoyagerPaymentRequestController.php:9 | src/app/Http/Controllers/Admin/VoyagerPoliceClearanceController.php:61 | src/app/Http/Controllers/Admin/VoyagerProfileController.php:6 | src/app/Http/Controllers/Admin/VoyagerReportController.php:61 | src/app/Http/Controllers/Admin/VoyagerSubAgentController.php:20 | src/app/Http/Controllers/Admin/VoyagerSubAgentPaymentRequestController.php:10 | src/app/Http/Controllers/Admin/VoyagerTeacherController.php:16 | src/app/Http/Controllers/Admin/VoyagerTicketInvoiceMoneyReceiptController.php:117 | src/app/Http/Controllers/Admin/VoyagerUserController.php:17 | src/app/Http/Controllers/Admin/VoyagerVisaImmigrationController.php:61 | src/app/Http/Controllers/Auth/ConfirmPasswordController.php:25 | src/app/Http/Controllers/Auth/ForgotPasswordController.php:17 | src/app/Http/Controllers/Auth/LoginController.php:16 | src/app/Http/Controllers/Auth/RegisterController.php:7 | src/app/Http/Controllers/Auth/ResetPasswordController.php:25 | src/app/Http/Controllers/Auth/VerificationController.php:17 | src/routes/admin.php:15 | src/routes/api.php:17 | src/routes/channels.php:12,PROPOSED: explicit policy scope required; legacy global scopes/hard-coded roles must be translated,PROPOSED: inherit resource read plus file-specific policy; never infer from URL possession,PROPOSED: separate report.execute/report.export permission where applicable,CONFIRMED legacy permission; PROPOSED stable key/scopes
20,delete_users,users,iam.users.delete,src/app/Http/Controllers/ApiController.php:7 | src/app/Http/Controllers/PageController.php:18 | src/app/Http/Controllers/Admin/AuthenticationController.php:24 | src/app/Http/Controllers/Admin/VoyagerAgencierController.php:16 | src/app/Http/Controllers/Admin/VoyagerAgencyController.php:61 | src/app/Http/Controllers/Admin/VoyagerAgentController.php:17 | src/app/Http/Controllers/Admin/VoyagerAjaxController.php:14 | src/app/Http/Controllers/Admin/VoyagerAnnouncementsController.php:19 | src/app/Http/Controllers/Admin/VoyagerArcController.php:61 | src/app/Http/Controllers/Admin/VoyagerCandidateDocumentController.php:10 | src/app/Http/Controllers/Admin/VoyagerCandidatesController.php:22 | src/app/Http/Controllers/Admin/VoyagerCompanierController.php:16 | src/app/Http/Controllers/Admin/VoyagerCompanyController.php:61 | src/app/Http/Controllers/Admin/VoyagerDatabaseController.php:6 | src/app/Http/Controllers/Admin/VoyagerEmployeeController.php:16 | src/app/Http/Controllers/Admin/VoyagerEmployerController.php:16 | src/app/Http/Controllers/Admin/VoyagerExamController.php:62 | src/app/Http/Controllers/Admin/VoyagerExamResultController.php:92 | src/app/Http/Controllers/Admin/VoyagerFlightScheduleController.php:61 | src/app/Http/Controllers/Admin/VoyagerInvoiceMoneyReceiptController.php:117 | src/app/Http/Controllers/Admin/VoyagerLabourContractController.php:61 | src/app/Http/Controllers/Admin/VoyagerManpowerController.php:61 | src/app/Http/Controllers/Admin/VoyagerMedicalMinistryController.php:61 | src/app/Http/Controllers/Admin/VoyagerMyPanelController.php:40 | src/app/Http/Controllers/Admin/VoyagerNotificationsController.php:19 | src/app/Http/Controllers/Admin/VoyagerPaymentController.php:141 | src/app/Http/Controllers/Admin/VoyagerPaymentRequestController.php:9 | src/app/Http/Controllers/Admin/VoyagerPoliceClearanceController.php:61 | src/app/Http/Controllers/Admin/VoyagerProfileController.php:6 | src/app/Http/Controllers/Admin/VoyagerReportController.php:61 | src/app/Http/Controllers/Admin/VoyagerSubAgentController.php:20 | src/app/Http/Controllers/Admin/VoyagerSubAgentPaymentRequestController.php:10 | src/app/Http/Controllers/Admin/VoyagerTeacherController.php:16 | src/app/Http/Controllers/Admin/VoyagerTicketInvoiceMoneyReceiptController.php:117 | src/app/Http/Controllers/Admin/VoyagerUserController.php:17 | src/app/Http/Controllers/Admin/VoyagerVisaImmigrationController.php:61 | src/app/Http/Controllers/Auth/ConfirmPasswordController.php:25 | src/app/Http/Controllers/Auth/ForgotPasswordController.php:17 | src/app/Http/Controllers/Auth/LoginController.php:16 | src/app/Http/Controllers/Auth/RegisterController.php:7 | src/app/Http/Controllers/Auth/ResetPasswordController.php:25 | src/app/Http/Controllers/Auth/VerificationController.php:17 | src/routes/admin.php:15 | src/routes/api.php:17 | src/routes/channels.php:12,PROPOSED: explicit policy scope required; legacy global scopes/hard-coded roles must be translated,PROPOSED: inherit resource read plus file-specific policy; never infer from URL possession,PROPOSED: separate report.execute/report.export permission where applicable,CONFIRMED legacy permission; PROPOSED stable key/scopes
21,browse_settings,settings,platform.settings.browse,UNVERIFIED: Voyager/BREAD dynamic route or no explicit canonical action,PROPOSED: explicit policy scope required; legacy global scopes/hard-coded roles must be translated,PROPOSED: inherit resource read plus file-specific policy; never infer from URL possession,PROPOSED: separate report.execute/report.export permission where applicable,CONFIRMED legacy permission; PROPOSED stable key/scopes
22,read_settings,settings,platform.settings.read,UNVERIFIED: Voyager/BREAD dynamic route or no explicit canonical action,PROPOSED: explicit policy scope required; legacy global scopes/hard-coded roles must be translated,PROPOSED: inherit resource read plus file-specific policy; never infer from URL possession,PROPOSED: separate report.execute/report.export permission where applicable,CONFIRMED legacy permission; PROPOSED stable key/scopes
23,edit_settings,settings,platform.settings.edit,UNVERIFIED: Voyager/BREAD dynamic route or no explicit canonical action,PROPOSED: explicit policy scope required; legacy global scopes/hard-coded roles must be translated,PROPOSED: inherit resource read plus file-specific policy; never infer from URL possession,PROPOSED: separate report.execute/report.export permission where applicable,CONFIRMED legacy permission; PROPOSED stable key/scopes
24,add_settings,settings,platform.settings.add,UNVERIFIED: Voyager/BREAD dynamic route or no explicit canonical action,PROPOSED: explicit policy scope required; legacy global scopes/hard-coded roles must be translated,PROPOSED: inherit resource read plus file-specific policy; never infer from URL possession,PROPOSED: separate report.execute/report.export permission where applicable,CONFIRMED legacy permission; PROPOSED stable key/scopes
25,delete_settings,settings,platform.settings.delete,UNVERIFIED: Voyager/BREAD dynamic route or no explicit canonical action,PROPOSED: explicit policy scope required; legacy global scopes/hard-coded roles must be translated,PROPOSED: inherit resource read plus file-specific policy; never infer from URL possession,PROPOSED: separate report.execute/report.export permission where applicable,CONFIRMED legacy permission; PROPOSED stable key/scopes
26,browse_categories,categories,platform.categories.browse,src/app/Http/Controllers/Admin/VoyagerDatabaseController.php:74,PROPOSED: explicit policy scope required; legacy global scopes/hard-coded roles must be translated,PROPOSED: inherit resource read plus file-specific policy; never infer from URL possession,PROPOSED: separate report.execute/report.export permission where applicable,CONFIRMED legacy permission; PROPOSED stable key/scopes
27,read_categories,categories,platform.categories.read,src/app/Http/Controllers/Admin/VoyagerDatabaseController.php:74,PROPOSED: explicit policy scope required; legacy global scopes/hard-coded roles must be translated,PROPOSED: inherit resource read plus file-specific policy; never infer from URL possession,PROPOSED: separate report.execute/report.export permission where applicable,CONFIRMED legacy permission; PROPOSED stable key/scopes
28,edit_categories,categories,platform.categories.edit,src/app/Http/Controllers/Admin/VoyagerDatabaseController.php:74,PROPOSED: explicit policy scope required; legacy global scopes/hard-coded roles must be translated,PROPOSED: inherit resource read plus file-specific policy; never infer from URL possession,PROPOSED: separate report.execute/report.export permission where applicable,CONFIRMED legacy permission; PROPOSED stable key/scopes
29,add_categories,categories,platform.categories.add,src/app/Http/Controllers/Admin/VoyagerDatabaseController.php:74,PROPOSED: explicit policy scope required; legacy global scopes/hard-coded roles must be translated,PROPOSED: inherit resource read plus file-specific policy; never infer from URL possession,PROPOSED: separate report.execute/report.export permission where applicable,CONFIRMED legacy permission; PROPOSED stable key/scopes
30,delete_categories,categories,platform.categories.delete,src/app/Http/Controllers/Admin/VoyagerDatabaseController.php:74,PROPOSED: explicit policy scope required; legacy global scopes/hard-coded roles must be translated,PROPOSED: inherit resource read plus file-specific policy; never infer from URL possession,PROPOSED: separate report.execute/report.export permission where applicable,CONFIRMED legacy permission; PROPOSED stable key/scopes
31,browse_posts,posts,platform.posts.browse,src/app/Http/Controllers/PageController.php:20 | src/app/Http/Controllers/Admin/AuthenticationController.php:21 | src/app/Http/Controllers/Admin/VoyagerAgencyController.php:25 | src/app/Http/Controllers/Admin/VoyagerAjaxController.php:67 | src/app/Http/Controllers/Admin/VoyagerArcController.php:25 | src/app/Http/Controllers/Admin/VoyagerCandidatesController.php:34 | src/app/Http/Controllers/Admin/VoyagerCompanyController.php:25 | src/app/Http/Controllers/Admin/VoyagerDatabaseController.php:54 | src/app/Http/Controllers/Admin/VoyagerFlightScheduleController.php:25 | src/app/Http/Controllers/Admin/VoyagerInvoiceController.php:16 | src/app/Http/Controllers/Admin/VoyagerLabourContractController.php:25 | src/app/Http/Controllers/Admin/VoyagerLicenseController.php:15 | src/app/Http/Controllers/Admin/VoyagerManpowerController.php:25 | src/app/Http/Controllers/Admin/VoyagerMedicalMinistryController.php:25 | src/app/Http/Controllers/Admin/VoyagerPoliceClearanceController.php:25 | src/app/Http/Controllers/Admin/VoyagerReportController.php:25 | src/app/Http/Controllers/Admin/VoyagerSubAgentController.php:30 | src/app/Http/Controllers/Admin/VoyagerTicketInvoiceController.php:21 | src/app/Http/Controllers/Admin/VoyagerVisaImmigrationController.php:25 | src/routes/admin.php:18 | src/routes/web.php:43,PROPOSED: explicit policy scope required; legacy global scopes/hard-coded roles must be translated,PROPOSED: inherit resource read plus file-specific policy; never infer from URL possession,PROPOSED: separate report.execute/report.export permission where applicable,CONFIRMED legacy permission; PROPOSED stable key/scopes
32,read_posts,posts,platform.posts.read,src/app/Http/Controllers/PageController.php:20 | src/app/Http/Controllers/Admin/AuthenticationController.php:21 | src/app/Http/Controllers/Admin/VoyagerAgencyController.php:25 | src/app/Http/Controllers/Admin/VoyagerAjaxController.php:67 | src/app/Http/Controllers/Admin/VoyagerArcController.php:25 | src/app/Http/Controllers/Admin/VoyagerCandidatesController.php:34 | src/app/Http/Controllers/Admin/VoyagerCompanyController.php:25 | src/app/Http/Controllers/Admin/VoyagerDatabaseController.php:54 | src/app/Http/Controllers/Admin/VoyagerFlightScheduleController.php:25 | src/app/Http/Controllers/Admin/VoyagerInvoiceController.php:16 | src/app/Http/Controllers/Admin/VoyagerLabourContractController.php:25 | src/app/Http/Controllers/Admin/VoyagerLicenseController.php:15 | src/app/Http/Controllers/Admin/VoyagerManpowerController.php:25 | src/app/Http/Controllers/Admin/VoyagerMedicalMinistryController.php:25 | src/app/Http/Controllers/Admin/VoyagerPoliceClearanceController.php:25 | src/app/Http/Controllers/Admin/VoyagerReportController.php:25 | src/app/Http/Controllers/Admin/VoyagerSubAgentController.php:30 | src/app/Http/Controllers/Admin/VoyagerTicketInvoiceController.php:21 | src/app/Http/Controllers/Admin/VoyagerVisaImmigrationController.php:25 | src/routes/admin.php:18 | src/routes/web.php:43,PROPOSED: explicit policy scope required; legacy global scopes/hard-coded roles must be translated,PROPOSED: inherit resource read plus file-specific policy; never infer from URL possession,PROPOSED: separate report.execute/report.export permission where applicable,CONFIRMED legacy permission; PROPOSED stable key/scopes
33,edit_posts,posts,platform.posts.edit,src/app/Http/Controllers/PageController.php:20 | src/app/Http/Controllers/Admin/AuthenticationController.php:21 | src/app/Http/Controllers/Admin/VoyagerAgencyController.php:25 | src/app/Http/Controllers/Admin/VoyagerAjaxController.php:67 | src/app/Http/Controllers/Admin/VoyagerArcController.php:25 | src/app/Http/Controllers/Admin/VoyagerCandidatesController.php:34 | src/app/Http/Controllers/Admin/VoyagerCompanyController.php:25 | src/app/Http/Controllers/Admin/VoyagerDatabaseController.php:54 | src/app/Http/Controllers/Admin/VoyagerFlightScheduleController.php:25 | src/app/Http/Controllers/Admin/VoyagerInvoiceController.php:16 | src/app/Http/Controllers/Admin/VoyagerLabourContractController.php:25 | src/app/Http/Controllers/Admin/VoyagerLicenseController.php:15 | src/app/Http/Controllers/Admin/VoyagerManpowerController.php:25 | src/app/Http/Controllers/Admin/VoyagerMedicalMinistryController.php:25 | src/app/Http/Controllers/Admin/VoyagerPoliceClearanceController.php:25 | src/app/Http/Controllers/Admin/VoyagerReportController.php:25 | src/app/Http/Controllers/Admin/VoyagerSubAgentController.php:30 | src/app/Http/Controllers/Admin/VoyagerTicketInvoiceController.php:21 | src/app/Http/Controllers/Admin/VoyagerVisaImmigrationController.php:25 | src/routes/admin.php:18 | src/routes/web.php:43,PROPOSED: explicit policy scope required; legacy global scopes/hard-coded roles must be translated,PROPOSED: inherit resource read plus file-specific policy; never infer from URL possession,PROPOSED: separate report.execute/report.export permission where applicable,CONFIRMED legacy permission; PROPOSED stable key/scopes
34,add_posts,posts,platform.posts.add,src/app/Http/Controllers/PageController.php:20 | src/app/Http/Controllers/Admin/AuthenticationController.php:21 | src/app/Http/Controllers/Admin/VoyagerAgencyController.php:25 | src/app/Http/Controllers/Admin/VoyagerAjaxController.php:67 | src/app/Http/Controllers/Admin/VoyagerArcController.php:25 | src/app/Http/Controllers/Admin/VoyagerCandidatesController.php:34 | src/app/Http/Controllers/Admin/VoyagerCompanyController.php:25 | src/app/Http/Controllers/Admin/VoyagerDatabaseController.php:54 | src/app/Http/Controllers/Admin/VoyagerFlightScheduleController.php:25 | src/app/Http/Controllers/Admin/VoyagerInvoiceController.php:16 | src/app/Http/Controllers/Admin/VoyagerLabourContractController.php:25 | src/app/Http/Controllers/Admin/VoyagerLicenseController.php:15 | src/app/Http/Controllers/Admin/VoyagerManpowerController.php:25 | src/app/Http/Controllers/Admin/VoyagerMedicalMinistryController.php:25 | src/app/Http/Controllers/Admin/VoyagerPoliceClearanceController.php:25 | src/app/Http/Controllers/Admin/VoyagerReportController.php:25 | src/app/Http/Controllers/Admin/VoyagerSubAgentController.php:30 | src/app/Http/Controllers/Admin/VoyagerTicketInvoiceController.php:21 | src/app/Http/Controllers/Admin/VoyagerVisaImmigrationController.php:25 | src/routes/admin.php:18 | src/routes/web.php:43,PROPOSED: explicit policy scope required; legacy global scopes/hard-coded roles must be translated,PROPOSED: inherit resource read plus file-specific policy; never infer from URL possession,PROPOSED: separate report.execute/report.export permission where applicable,CONFIRMED legacy permission; PROPOSED stable key/scopes
35,delete_posts,posts,platform.posts.delete,src/app/Http/Controllers/PageController.php:20 | src/app/Http/Controllers/Admin/AuthenticationController.php:21 | src/app/Http/Controllers/Admin/VoyagerAgencyController.php:25 | src/app/Http/Controllers/Admin/VoyagerAjaxController.php:67 | src/app/Http/Controllers/Admin/VoyagerArcController.php:25 | src/app/Http/Controllers/Admin/VoyagerCandidatesController.php:34 | src/app/Http/Controllers/Admin/VoyagerCompanyController.php:25 | src/app/Http/Controllers/Admin/VoyagerDatabaseController.php:54 | src/app/Http/Controllers/Admin/VoyagerFlightScheduleController.php:25 | src/app/Http/Controllers/Admin/VoyagerInvoiceController.php:16 | src/app/Http/Controllers/Admin/VoyagerLabourContractController.php:25 | src/app/Http/Controllers/Admin/VoyagerLicenseController.php:15 | src/app/Http/Controllers/Admin/VoyagerManpowerController.php:25 | src/app/Http/Controllers/Admin/VoyagerMedicalMinistryController.php:25 | src/app/Http/Controllers/Admin/VoyagerPoliceClearanceController.php:25 | src/app/Http/Controllers/Admin/VoyagerReportController.php:25 | src/app/Http/Controllers/Admin/VoyagerSubAgentController.php:30 | src/app/Http/Controllers/Admin/VoyagerTicketInvoiceController.php:21 | src/app/Http/Controllers/Admin/VoyagerVisaImmigrationController.php:25 | src/routes/admin.php:18 | src/routes/web.php:43,PROPOSED: explicit policy scope required; legacy global scopes/hard-coded roles must be translated,PROPOSED: inherit resource read plus file-specific policy; never infer from URL possession,PROPOSED: separate report.execute/report.export permission where applicable,CONFIRMED legacy permission; PROPOSED stable key/scopes
36,browse_pages,pages,platform.pages.browse,src/app/Http/Controllers/Admin/AuthenticationController.php:81 | src/app/Http/Controllers/Admin/VoyagerAgencyController.php:25 | src/app/Http/Controllers/Admin/VoyagerArcController.php:25 | src/app/Http/Controllers/Admin/VoyagerCandidatesController.php:34 | src/app/Http/Controllers/Admin/VoyagerCompanyController.php:25 | src/app/Http/Controllers/Admin/VoyagerDatabaseController.php:48 | src/app/Http/Controllers/Admin/VoyagerFlightScheduleController.php:25 | src/app/Http/Controllers/Admin/VoyagerLabourContractController.php:25 | src/app/Http/Controllers/Admin/VoyagerManpowerController.php:25 | src/app/Http/Controllers/Admin/VoyagerMedicalMinistryController.php:25 | src/app/Http/Controllers/Admin/VoyagerPoliceClearanceController.php:25 | src/app/Http/Controllers/Admin/VoyagerReportController.php:25 | src/app/Http/Controllers/Admin/VoyagerSubAgentController.php:30 | src/app/Http/Controllers/Admin/VoyagerVisaImmigrationController.php:25,PROPOSED: explicit policy scope required; legacy global scopes/hard-coded roles must be translated,PROPOSED: inherit resource read plus file-specific policy; never infer from URL possession,PROPOSED: separate report.execute/report.export permission where applicable,CONFIRMED legacy permission; PROPOSED stable key/scopes
37,read_pages,pages,platform.pages.read,src/app/Http/Controllers/Admin/AuthenticationController.php:81 | src/app/Http/Controllers/Admin/VoyagerAgencyController.php:25 | src/app/Http/Controllers/Admin/VoyagerArcController.php:25 | src/app/Http/Controllers/Admin/VoyagerCandidatesController.php:34 | src/app/Http/Controllers/Admin/VoyagerCompanyController.php:25 | src/app/Http/Controllers/Admin/VoyagerDatabaseController.php:48 | src/app/Http/Controllers/Admin/VoyagerFlightScheduleController.php:25 | src/app/Http/Controllers/Admin/VoyagerLabourContractController.php:25 | src/app/Http/Controllers/Admin/VoyagerManpowerController.php:25 | src/app/Http/Controllers/Admin/VoyagerMedicalMinistryController.php:25 | src/app/Http/Controllers/Admin/VoyagerPoliceClearanceController.php:25 | src/app/Http/Controllers/Admin/VoyagerReportController.php:25 | src/app/Http/Controllers/Admin/VoyagerSubAgentController.php:30 | src/app/Http/Controllers/Admin/VoyagerVisaImmigrationController.php:25,PROPOSED: explicit policy scope required; legacy global scopes/hard-coded roles must be translated,PROPOSED: inherit resource read plus file-specific policy; never infer from URL possession,PROPOSED: separate report.execute/report.export permission where applicable,CONFIRMED legacy permission; PROPOSED stable key/scopes
38,edit_pages,pages,platform.pages.edit,src/app/Http/Controllers/Admin/AuthenticationController.php:81 | src/app/Http/Controllers/Admin/VoyagerAgencyController.php:25 | src/app/Http/Controllers/Admin/VoyagerArcController.php:25 | src/app/Http/Controllers/Admin/VoyagerCandidatesController.php:34 | src/app/Http/Controllers/Admin/VoyagerCompanyController.php:25 | src/app/Http/Controllers/Admin/VoyagerDatabaseController.php:48 | src/app/Http/Controllers/Admin/VoyagerFlightScheduleController.php:25 | src/app/Http/Controllers/Admin/VoyagerLabourContractController.php:25 | src/app/Http/Controllers/Admin/VoyagerManpowerController.php:25 | src/app/Http/Controllers/Admin/VoyagerMedicalMinistryController.php:25 | src/app/Http/Controllers/Admin/VoyagerPoliceClearanceController.php:25 | src/app/Http/Controllers/Admin/VoyagerReportController.php:25 | src/app/Http/Controllers/Admin/VoyagerSubAgentController.php:30 | src/app/Http/Controllers/Admin/VoyagerVisaImmigrationController.php:25,PROPOSED: explicit policy scope required; legacy global scopes/hard-coded roles must be translated,PROPOSED: inherit resource read plus file-specific policy; never infer from URL possession,PROPOSED: separate report.execute/report.export permission where applicable,CONFIRMED legacy permission; PROPOSED stable key/scopes
39,add_pages,pages,platform.pages.add,src/app/Http/Controllers/Admin/AuthenticationController.php:81 | src/app/Http/Controllers/Admin/VoyagerAgencyController.php:25 | src/app/Http/Controllers/Admin/VoyagerArcController.php:25 | src/app/Http/Controllers/Admin/VoyagerCandidatesController.php:34 | src/app/Http/Controllers/Admin/VoyagerCompanyController.php:25 | src/app/Http/Controllers/Admin/VoyagerDatabaseController.php:48 | src/app/Http/Controllers/Admin/VoyagerFlightScheduleController.php:25 | src/app/Http/Controllers/Admin/VoyagerLabourContractController.php:25 | src/app/Http/Controllers/Admin/VoyagerManpowerController.php:25 | src/app/Http/Controllers/Admin/VoyagerMedicalMinistryController.php:25 | src/app/Http/Controllers/Admin/VoyagerPoliceClearanceController.php:25 | src/app/Http/Controllers/Admin/VoyagerReportController.php:25 | src/app/Http/Controllers/Admin/VoyagerSubAgentController.php:30 | src/app/Http/Controllers/Admin/VoyagerVisaImmigrationController.php:25,PROPOSED: explicit policy scope required; legacy global scopes/hard-coded roles must be translated,PROPOSED: inherit resource read plus file-specific policy; never infer from URL possession,PROPOSED: separate report.execute/report.export permission where applicable,CONFIRMED legacy permission; PROPOSED stable key/scopes
40,delete_pages,pages,platform.pages.delete,src/app/Http/Controllers/Admin/AuthenticationController.php:81 | src/app/Http/Controllers/Admin/VoyagerAgencyController.php:25 | src/app/Http/Controllers/Admin/VoyagerArcController.php:25 | src/app/Http/Controllers/Admin/VoyagerCandidatesController.php:34 | src/app/Http/Controllers/Admin/VoyagerCompanyController.php:25 | src/app/Http/Controllers/Admin/VoyagerDatabaseController.php:48 | src/app/Http/Controllers/Admin/VoyagerFlightScheduleController.php:25 | src/app/Http/Controllers/Admin/VoyagerLabourContractController.php:25 | src/app/Http/Controllers/Admin/VoyagerManpowerController.php:25 | src/app/Http/Controllers/Admin/VoyagerMedicalMinistryController.php:25 | src/app/Http/Controllers/Admin/VoyagerPoliceClearanceController.php:25 | src/app/Http/Controllers/Admin/VoyagerReportController.php:25 | src/app/Http/Controllers/Admin/VoyagerSubAgentController.php:30 | src/app/Http/Controllers/Admin/VoyagerVisaImmigrationController.php:25,PROPOSED: explicit policy scope required; legacy global scopes/hard-coded roles must be translated,PROPOSED: inherit resource read plus file-specific policy; never infer from URL possession,PROPOSED: separate report.execute/report.export permission where applicable,CONFIRMED legacy permission; PROPOSED stable key/scopes
76,browse_agents,agents,operations.agents.browse,src/app/Http/Controllers/AgentController.php:13 | src/app/Http/Controllers/Admin/VoyagerAgentController.php:7 | src/app/Http/Controllers/Admin/VoyagerAjaxController.php:6 | src/app/Http/Controllers/Admin/VoyagerAnnouncementsController.php:6 | src/app/Http/Controllers/Admin/VoyagerCandidateDocumentController.php:91 | src/app/Http/Controllers/Admin/VoyagerCandidatesController.php:7 | src/app/Http/Controllers/Admin/VoyagerMyPanelController.php:6 | src/app/Http/Controllers/Admin/VoyagerNotificationsController.php:6 | src/app/Http/Controllers/Admin/VoyagerPaymentController.php:6 | src/app/Http/Controllers/Admin/VoyagerPaymentRequestController.php:95 | src/app/Http/Controllers/Admin/VoyagerProfileController.php:31 | src/app/Http/Controllers/Admin/VoyagerReportController.php:5 | src/app/Http/Controllers/Admin/VoyagerSubAgentController.php:7 | src/app/Http/Controllers/Admin/VoyagerSubAgentPaymentRequestController.php:97 | src/app/Http/Controllers/Admin/VoyagerTicketInvoiceController.php:6 | src/app/Http/Controllers/Admin/VoyagerUserController.php:53 | src/routes/admin.php:18,PROPOSED: explicit policy scope required; legacy global scopes/hard-coded roles must be translated,PROPOSED: inherit resource read plus file-specific policy; never infer from URL possession,PROPOSED: separate report.execute/report.export permission where applicable,CONFIRMED legacy permission; PROPOSED stable key/scopes
77,read_agents,agents,operations.agents.read,src/app/Http/Controllers/AgentController.php:13 | src/app/Http/Controllers/Admin/VoyagerAgentController.php:7 | src/app/Http/Controllers/Admin/VoyagerAjaxController.php:6 | src/app/Http/Controllers/Admin/VoyagerAnnouncementsController.php:6 | src/app/Http/Controllers/Admin/VoyagerCandidateDocumentController.php:91 | src/app/Http/Controllers/Admin/VoyagerCandidatesController.php:7 | src/app/Http/Controllers/Admin/VoyagerMyPanelController.php:6 | src/app/Http/Controllers/Admin/VoyagerNotificationsController.php:6 | src/app/Http/Controllers/Admin/VoyagerPaymentController.php:6 | src/app/Http/Controllers/Admin/VoyagerPaymentRequestController.php:95 | src/app/Http/Controllers/Admin/VoyagerProfileController.php:31 | src/app/Http/Controllers/Admin/VoyagerReportController.php:5 | src/app/Http/Controllers/Admin/VoyagerSubAgentController.php:7 | src/app/Http/Controllers/Admin/VoyagerSubAgentPaymentRequestController.php:97 | src/app/Http/Controllers/Admin/VoyagerTicketInvoiceController.php:6 | src/app/Http/Controllers/Admin/VoyagerUserController.php:53 | src/routes/admin.php:18,PROPOSED: explicit policy scope required; legacy global scopes/hard-coded roles must be translated,PROPOSED: inherit resource read plus file-specific policy; never infer from URL possession,PROPOSED: separate report.execute/report.export permission where applicable,CONFIRMED legacy permission; PROPOSED stable key/scopes
78,edit_agents,agents,operations.agents.edit,src/app/Http/Controllers/AgentController.php:13 | src/app/Http/Controllers/Admin/VoyagerAgentController.php:7 | src/app/Http/Controllers/Admin/VoyagerAjaxController.php:6 | src/app/Http/Controllers/Admin/VoyagerAnnouncementsController.php:6 | src/app/Http/Controllers/Admin/VoyagerCandidateDocumentController.php:91 | src/app/Http/Controllers/Admin/VoyagerCandidatesController.php:7 | src/app/Http/Controllers/Admin/VoyagerMyPanelController.php:6 | src/app/Http/Controllers/Admin/VoyagerNotificationsController.php:6 | src/app/Http/Controllers/Admin/VoyagerPaymentController.php:6 | src/app/Http/Controllers/Admin/VoyagerPaymentRequestController.php:95 | src/app/Http/Controllers/Admin/VoyagerProfileController.php:31 | src/app/Http/Controllers/Admin/VoyagerReportController.php:5 | src/app/Http/Controllers/Admin/VoyagerSubAgentController.php:7 | src/app/Http/Controllers/Admin/VoyagerSubAgentPaymentRequestController.php:97 | src/app/Http/Controllers/Admin/VoyagerTicketInvoiceController.php:6 | src/app/Http/Controllers/Admin/VoyagerUserController.php:53 | src/routes/admin.php:18,PROPOSED: explicit policy scope required; legacy global scopes/hard-coded roles must be translated,PROPOSED: inherit resource read plus file-specific policy; never infer from URL possession,PROPOSED: separate report.execute/report.export permission where applicable,CONFIRMED legacy permission; PROPOSED stable key/scopes
79,add_agents,agents,operations.agents.add,src/app/Http/Controllers/AgentController.php:13 | src/app/Http/Controllers/Admin/VoyagerAgentController.php:7 | src/app/Http/Controllers/Admin/VoyagerAjaxController.php:6 | src/app/Http/Controllers/Admin/VoyagerAnnouncementsController.php:6 | src/app/Http/Controllers/Admin/VoyagerCandidateDocumentController.php:91 | src/app/Http/Controllers/Admin/VoyagerCandidatesController.php:7 | src/app/Http/Controllers/Admin/VoyagerMyPanelController.php:6 | src/app/Http/Controllers/Admin/VoyagerNotificationsController.php:6 | src/app/Http/Controllers/Admin/VoyagerPaymentController.php:6 | src/app/Http/Controllers/Admin/VoyagerPaymentRequestController.php:95 | src/app/Http/Controllers/Admin/VoyagerProfileController.php:31 | src/app/Http/Controllers/Admin/VoyagerReportController.php:5 | src/app/Http/Controllers/Admin/VoyagerSubAgentController.php:7 | src/app/Http/Controllers/Admin/VoyagerSubAgentPaymentRequestController.php:97 | src/app/Http/Controllers/Admin/VoyagerTicketInvoiceController.php:6 | src/app/Http/Controllers/Admin/VoyagerUserController.php:53 | src/routes/admin.php:18,PROPOSED: explicit policy scope required; legacy global scopes/hard-coded roles must be translated,PROPOSED: inherit resource read plus file-specific policy; never infer from URL possession,PROPOSED: separate report.execute/report.export permission where applicable,CONFIRMED legacy permission; PROPOSED stable key/scopes
80,delete_agents,agents,operations.agents.delete,src/app/Http/Controllers/AgentController.php:13 | src/app/Http/Controllers/Admin/VoyagerAgentController.php:7 | src/app/Http/Controllers/Admin/VoyagerAjaxController.php:6 | src/app/Http/Controllers/Admin/VoyagerAnnouncementsController.php:6 | src/app/Http/Controllers/Admin/VoyagerCandidateDocumentController.php:91 | src/app/Http/Controllers/Admin/VoyagerCandidatesController.php:7 | src/app/Http/Controllers/Admin/VoyagerMyPanelController.php:6 | src/app/Http/Controllers/Admin/VoyagerNotificationsController.php:6 | src/app/Http/Controllers/Admin/VoyagerPaymentController.php:6 | src/app/Http/Controllers/Admin/VoyagerPaymentRequestController.php:95 | src/app/Http/Controllers/Admin/VoyagerProfileController.php:31 | src/app/Http/Controllers/Admin/VoyagerReportController.php:5 | src/app/Http/Controllers/Admin/VoyagerSubAgentController.php:7 | src/app/Http/Controllers/Admin/VoyagerSubAgentPaymentRequestController.php:97 | src/app/Http/Controllers/Admin/VoyagerTicketInvoiceController.php:6 | src/app/Http/Controllers/Admin/VoyagerUserController.php:53 | src/routes/admin.php:18,PROPOSED: explicit policy scope required; legacy global scopes/hard-coded roles must be translated,PROPOSED: inherit resource read plus file-specific policy; never infer from URL possession,PROPOSED: separate report.execute/report.export permission where applicable,CONFIRMED legacy permission; PROPOSED stable key/scopes
81,browse_teachers,teachers,operations.teachers.browse,src/app/Http/Controllers/Admin/VoyagerMyPanelController.php:23 | src/app/Http/Controllers/Admin/VoyagerPaymentController.php:9 | src/app/Http/Controllers/Admin/VoyagerReportController.php:624 | src/app/Http/Controllers/Admin/VoyagerTeacherController.php:35 | src/app/Http/Controllers/Admin/VoyagerUserController.php:60 | src/routes/admin.php:25,PROPOSED: explicit policy scope required; legacy global scopes/hard-coded roles must be translated,PROPOSED: inherit resource read plus file-specific policy; never infer from URL possession,PROPOSED: separate report.execute/report.export permission where applicable,CONFIRMED legacy permission; PROPOSED stable key/scopes
82,read_teachers,teachers,operations.teachers.read,src/app/Http/Controllers/Admin/VoyagerMyPanelController.php:23 | src/app/Http/Controllers/Admin/VoyagerPaymentController.php:9 | src/app/Http/Controllers/Admin/VoyagerReportController.php:624 | src/app/Http/Controllers/Admin/VoyagerTeacherController.php:35 | src/app/Http/Controllers/Admin/VoyagerUserController.php:60 | src/routes/admin.php:25,PROPOSED: explicit policy scope required; legacy global scopes/hard-coded roles must be translated,PROPOSED: inherit resource read plus file-specific policy; never infer from URL possession,PROPOSED: separate report.execute/report.export permission where applicable,CONFIRMED legacy permission; PROPOSED stable key/scopes
83,edit_teachers,teachers,operations.teachers.edit,src/app/Http/Controllers/Admin/VoyagerMyPanelController.php:23 | src/app/Http/Controllers/Admin/VoyagerPaymentController.php:9 | src/app/Http/Controllers/Admin/VoyagerReportController.php:624 | src/app/Http/Controllers/Admin/VoyagerTeacherController.php:35 | src/app/Http/Controllers/Admin/VoyagerUserController.php:60 | src/routes/admin.php:25,PROPOSED: explicit policy scope required; legacy global scopes/hard-coded roles must be translated,PROPOSED: inherit resource read plus file-specific policy; never infer from URL possession,PROPOSED: separate report.execute/report.export permission where applicable,CONFIRMED legacy permission; PROPOSED stable key/scopes
84,add_teachers,teachers,operations.teachers.add,src/app/Http/Controllers/Admin/VoyagerMyPanelController.php:23 | src/app/Http/Controllers/Admin/VoyagerPaymentController.php:9 | src/app/Http/Controllers/Admin/VoyagerReportController.php:624 | src/app/Http/Controllers/Admin/VoyagerTeacherController.php:35 | src/app/Http/Controllers/Admin/VoyagerUserController.php:60 | src/routes/admin.php:25,PROPOSED: explicit policy scope required; legacy global scopes/hard-coded roles must be translated,PROPOSED: inherit resource read plus file-specific policy; never infer from URL possession,PROPOSED: separate report.execute/report.export permission where applicable,CONFIRMED legacy permission; PROPOSED stable key/scopes
85,delete_teachers,teachers,operations.teachers.delete,src/app/Http/Controllers/Admin/VoyagerMyPanelController.php:23 | src/app/Http/Controllers/Admin/VoyagerPaymentController.php:9 | src/app/Http/Controllers/Admin/VoyagerReportController.php:624 | src/app/Http/Controllers/Admin/VoyagerTeacherController.php:35 | src/app/Http/Controllers/Admin/VoyagerUserController.php:60 | src/routes/admin.php:25,PROPOSED: explicit policy scope required; legacy global scopes/hard-coded roles must be translated,PROPOSED: inherit resource read plus file-specific policy; never infer from URL possession,PROPOSED: separate report.execute/report.export permission where applicable,CONFIRMED legacy permission; PROPOSED stable key/scopes
86,browse_candidates,candidates,candidate.candidates.browse,src/app/Http/Controllers/ApiController.php:6 | src/app/Http/Controllers/PageController.php:7 | src/app/Http/Controllers/Admin/VoyagerAgentController.php:8 | src/app/Http/Controllers/Admin/VoyagerAjaxController.php:7 | src/app/Http/Controllers/Admin/VoyagerAnnouncementsController.php:7 | src/app/Http/Controllers/Admin/VoyagerCandidateDocumentController.php:6 | src/app/Http/Controllers/Admin/VoyagerCandidatesController.php:8 | src/app/Http/Controllers/Admin/VoyagerExamController.php:6 | src/app/Http/Controllers/Admin/VoyagerExamResultController.php:6 | src/app/Http/Controllers/Admin/VoyagerInvoiceController.php:5 | src/app/Http/Controllers/Admin/VoyagerLicenseController.php:5 | src/app/Http/Controllers/Admin/VoyagerMyPanelController.php:8 | src/app/Http/Controllers/Admin/VoyagerNotificationsController.php:7 | src/app/Http/Controllers/Admin/VoyagerPaymentController.php:7 | src/app/Http/Controllers/Admin/VoyagerPaymentRequestController.php:6 | src/app/Http/Controllers/Admin/VoyagerReportController.php:6 | src/app/Http/Controllers/Admin/VoyagerSubAgentController.php:9 | src/app/Http/Controllers/Admin/VoyagerSubAgentPaymentRequestController.php:6 | src/app/Http/Controllers/Admin/VoyagerTicketInvoiceController.php:7 | src/app/Http/Controllers/Admin/VoyagerUserController.php:56 | src/routes/admin.php:20 | src/routes/api.php:21 | src/routes/web.php:29,PROPOSED: explicit policy scope required; legacy global scopes/hard-coded roles must be translated,PROPOSED: inherit resource read plus file-specific policy; never infer from URL possession,PROPOSED: separate report.execute/report.export permission where applicable,CONFIRMED legacy permission; PROPOSED stable key/scopes
87,read_candidates,candidates,candidate.candidates.read,src/app/Http/Controllers/ApiController.php:6 | src/app/Http/Controllers/PageController.php:7 | src/app/Http/Controllers/Admin/VoyagerAgentController.php:8 | src/app/Http/Controllers/Admin/VoyagerAjaxController.php:7 | src/app/Http/Controllers/Admin/VoyagerAnnouncementsController.php:7 | src/app/Http/Controllers/Admin/VoyagerCandidateDocumentController.php:6 | src/app/Http/Controllers/Admin/VoyagerCandidatesController.php:8 | src/app/Http/Controllers/Admin/VoyagerExamController.php:6 | src/app/Http/Controllers/Admin/VoyagerExamResultController.php:6 | src/app/Http/Controllers/Admin/VoyagerInvoiceController.php:5 | src/app/Http/Controllers/Admin/VoyagerLicenseController.php:5 | src/app/Http/Controllers/Admin/VoyagerMyPanelController.php:8 | src/app/Http/Controllers/Admin/VoyagerNotificationsController.php:7 | src/app/Http/Controllers/Admin/VoyagerPaymentController.php:7 | src/app/Http/Controllers/Admin/VoyagerPaymentRequestController.php:6 | src/app/Http/Controllers/Admin/VoyagerReportController.php:6 | src/app/Http/Controllers/Admin/VoyagerSubAgentController.php:9 | src/app/Http/Controllers/Admin/VoyagerSubAgentPaymentRequestController.php:6 | src/app/Http/Controllers/Admin/VoyagerTicketInvoiceController.php:7 | src/app/Http/Controllers/Admin/VoyagerUserController.php:56 | src/routes/admin.php:20 | src/routes/api.php:21 | src/routes/web.php:29,PROPOSED: explicit policy scope required; legacy global scopes/hard-coded roles must be translated,PROPOSED: inherit resource read plus file-specific policy; never infer from URL possession,PROPOSED: separate report.execute/report.export permission where applicable,CONFIRMED legacy permission; PROPOSED stable key/scopes
88,edit_candidates,candidates,candidate.candidates.edit,src/app/Http/Controllers/ApiController.php:6 | src/app/Http/Controllers/PageController.php:7 | src/app/Http/Controllers/Admin/VoyagerAgentController.php:8 | src/app/Http/Controllers/Admin/VoyagerAjaxController.php:7 | src/app/Http/Controllers/Admin/VoyagerAnnouncementsController.php:7 | src/app/Http/Controllers/Admin/VoyagerCandidateDocumentController.php:6 | src/app/Http/Controllers/Admin/VoyagerCandidatesController.php:8 | src/app/Http/Controllers/Admin/VoyagerExamController.php:6 | src/app/Http/Controllers/Admin/VoyagerExamResultController.php:6 | src/app/Http/Controllers/Admin/VoyagerInvoiceController.php:5 | src/app/Http/Controllers/Admin/VoyagerLicenseController.php:5 | src/app/Http/Controllers/Admin/VoyagerMyPanelController.php:8 | src/app/Http/Controllers/Admin/VoyagerNotificationsController.php:7 | src/app/Http/Controllers/Admin/VoyagerPaymentController.php:7 | src/app/Http/Controllers/Admin/VoyagerPaymentRequestController.php:6 | src/app/Http/Controllers/Admin/VoyagerReportController.php:6 | src/app/Http/Controllers/Admin/VoyagerSubAgentController.php:9 | src/app/Http/Controllers/Admin/VoyagerSubAgentPaymentRequestController.php:6 | src/app/Http/Controllers/Admin/VoyagerTicketInvoiceController.php:7 | src/app/Http/Controllers/Admin/VoyagerUserController.php:56 | src/routes/admin.php:20 | src/routes/api.php:21 | src/routes/web.php:29,PROPOSED: explicit policy scope required; legacy global scopes/hard-coded roles must be translated,PROPOSED: inherit resource read plus file-specific policy; never infer from URL possession,PROPOSED: separate report.execute/report.export permission where applicable,CONFIRMED legacy permission; PROPOSED stable key/scopes
89,add_candidates,candidates,candidate.candidates.add,src/app/Http/Controllers/ApiController.php:6 | src/app/Http/Controllers/PageController.php:7 | src/app/Http/Controllers/Admin/VoyagerAgentController.php:8 | src/app/Http/Controllers/Admin/VoyagerAjaxController.php:7 | src/app/Http/Controllers/Admin/VoyagerAnnouncementsController.php:7 | src/app/Http/Controllers/Admin/VoyagerCandidateDocumentController.php:6 | src/app/Http/Controllers/Admin/VoyagerCandidatesController.php:8 | src/app/Http/Controllers/Admin/VoyagerExamController.php:6 | src/app/Http/Controllers/Admin/VoyagerExamResultController.php:6 | src/app/Http/Controllers/Admin/VoyagerInvoiceController.php:5 | src/app/Http/Controllers/Admin/VoyagerLicenseController.php:5 | src/app/Http/Controllers/Admin/VoyagerMyPanelController.php:8 | src/app/Http/Controllers/Admin/VoyagerNotificationsController.php:7 | src/app/Http/Controllers/Admin/VoyagerPaymentController.php:7 | src/app/Http/Controllers/Admin/VoyagerPaymentRequestController.php:6 | src/app/Http/Controllers/Admin/VoyagerReportController.php:6 | src/app/Http/Controllers/Admin/VoyagerSubAgentController.php:9 | src/app/Http/Controllers/Admin/VoyagerSubAgentPaymentRequestController.php:6 | src/app/Http/Controllers/Admin/VoyagerTicketInvoiceController.php:7 | src/app/Http/Controllers/Admin/VoyagerUserController.php:56 | src/routes/admin.php:20 | src/routes/api.php:21 | src/routes/web.php:29,PROPOSED: explicit policy scope required; legacy global scopes/hard-coded roles must be translated,PROPOSED: inherit resource read plus file-specific policy; never infer from URL possession,PROPOSED: separate report.execute/report.export permission where applicable,CONFIRMED legacy permission; PROPOSED stable key/scopes
90,delete_candidates,candidates,candidate.candidates.delete,src/app/Http/Controllers/ApiController.php:6 | src/app/Http/Controllers/PageController.php:7 | src/app/Http/Controllers/Admin/VoyagerAgentController.php:8 | src/app/Http/Controllers/Admin/VoyagerAjaxController.php:7 | src/app/Http/Controllers/Admin/VoyagerAnnouncementsController.php:7 | src/app/Http/Controllers/Admin/VoyagerCandidateDocumentController.php:6 | src/app/Http/Controllers/Admin/VoyagerCandidatesController.php:8 | src/app/Http/Controllers/Admin/VoyagerExamController.php:6 | src/app/Http/Controllers/Admin/VoyagerExamResultController.php:6 | src/app/Http/Controllers/Admin/VoyagerInvoiceController.php:5 | src/app/Http/Controllers/Admin/VoyagerLicenseController.php:5 | src/app/Http/Controllers/Admin/VoyagerMyPanelController.php:8 | src/app/Http/Controllers/Admin/VoyagerNotificationsController.php:7 | src/app/Http/Controllers/Admin/VoyagerPaymentController.php:7 | src/app/Http/Controllers/Admin/VoyagerPaymentRequestController.php:6 | src/app/Http/Controllers/Admin/VoyagerReportController.php:6 | src/app/Http/Controllers/Admin/VoyagerSubAgentController.php:9 | src/app/Http/Controllers/Admin/VoyagerSubAgentPaymentRequestController.php:6 | src/app/Http/Controllers/Admin/VoyagerTicketInvoiceController.php:7 | src/app/Http/Controllers/Admin/VoyagerUserController.php:56 | src/routes/admin.php:20 | src/routes/api.php:21 | src/routes/web.php:29,PROPOSED: explicit policy scope required; legacy global scopes/hard-coded roles must be translated,PROPOSED: inherit resource read plus file-specific policy; never infer from URL possession,PROPOSED: separate report.execute/report.export permission where applicable,CONFIRMED legacy permission; PROPOSED stable key/scopes
91,browse_class_groups,class_groups,operations.class_groups.browse,src/app/Http/Controllers/ApiController.php:37 | src/app/Http/Controllers/PageController.php:8 | src/app/Http/Controllers/Admin/VoyagerAjaxController.php:31 | src/app/Http/Controllers/Admin/VoyagerCandidatesController.php:9 | src/app/Http/Controllers/Admin/VoyagerExamResultController.php:7 | src/app/Http/Controllers/Admin/VoyagerMyPanelController.php:847 | src/app/Http/Controllers/Admin/VoyagerReportController.php:440 | src/app/Http/Controllers/Admin/VoyagerTicketInvoiceController.php:243,PROPOSED: explicit policy scope required; legacy global scopes/hard-coded roles must be translated,PROPOSED: inherit resource read plus file-specific policy; never infer from URL possession,PROPOSED: separate report.execute/report.export permission where applicable,CONFIRMED legacy permission; PROPOSED stable key/scopes
92,read_class_groups,class_groups,operations.class_groups.read,src/app/Http/Controllers/ApiController.php:37 | src/app/Http/Controllers/PageController.php:8 | src/app/Http/Controllers/Admin/VoyagerAjaxController.php:31 | src/app/Http/Controllers/Admin/VoyagerCandidatesController.php:9 | src/app/Http/Controllers/Admin/VoyagerExamResultController.php:7 | src/app/Http/Controllers/Admin/VoyagerMyPanelController.php:847 | src/app/Http/Controllers/Admin/VoyagerReportController.php:440 | src/app/Http/Controllers/Admin/VoyagerTicketInvoiceController.php:243,PROPOSED: explicit policy scope required; legacy global scopes/hard-coded roles must be translated,PROPOSED: inherit resource read plus file-specific policy; never infer from URL possession,PROPOSED: separate report.execute/report.export permission where applicable,CONFIRMED legacy permission; PROPOSED stable key/scopes
93,edit_class_groups,class_groups,operations.class_groups.edit,src/app/Http/Controllers/ApiController.php:37 | src/app/Http/Controllers/PageController.php:8 | src/app/Http/Controllers/Admin/VoyagerAjaxController.php:31 | src/app/Http/Controllers/Admin/VoyagerCandidatesController.php:9 | src/app/Http/Controllers/Admin/VoyagerExamResultController.php:7 | src/app/Http/Controllers/Admin/VoyagerMyPanelController.php:847 | src/app/Http/Controllers/Admin/VoyagerReportController.php:440 | src/app/Http/Controllers/Admin/VoyagerTicketInvoiceController.php:243,PROPOSED: explicit policy scope required; legacy global scopes/hard-coded roles must be translated,PROPOSED: inherit resource read plus file-specific policy; never infer from URL possession,PROPOSED: separate report.execute/report.export permission where applicable,CONFIRMED legacy permission; PROPOSED stable key/scopes
94,add_class_groups,class_groups,operations.class_groups.add,src/app/Http/Controllers/ApiController.php:37 | src/app/Http/Controllers/PageController.php:8 | src/app/Http/Controllers/Admin/VoyagerAjaxController.php:31 | src/app/Http/Controllers/Admin/VoyagerCandidatesController.php:9 | src/app/Http/Controllers/Admin/VoyagerExamResultController.php:7 | src/app/Http/Controllers/Admin/VoyagerMyPanelController.php:847 | src/app/Http/Controllers/Admin/VoyagerReportController.php:440 | src/app/Http/Controllers/Admin/VoyagerTicketInvoiceController.php:243,PROPOSED: explicit policy scope required; legacy global scopes/hard-coded roles must be translated,PROPOSED: inherit resource read plus file-specific policy; never infer from URL possession,PROPOSED: separate report.execute/report.export permission where applicable,CONFIRMED legacy permission; PROPOSED stable key/scopes
95,delete_class_groups,class_groups,operations.class_groups.delete,src/app/Http/Controllers/ApiController.php:37 | src/app/Http/Controllers/PageController.php:8 | src/app/Http/Controllers/Admin/VoyagerAjaxController.php:31 | src/app/Http/Controllers/Admin/VoyagerCandidatesController.php:9 | src/app/Http/Controllers/Admin/VoyagerExamResultController.php:7 | src/app/Http/Controllers/Admin/VoyagerMyPanelController.php:847 | src/app/Http/Controllers/Admin/VoyagerReportController.php:440 | src/app/Http/Controllers/Admin/VoyagerTicketInvoiceController.php:243,PROPOSED: explicit policy scope required; legacy global scopes/hard-coded roles must be translated,PROPOSED: inherit resource read plus file-specific policy; never infer from URL possession,PROPOSED: separate report.execute/report.export permission where applicable,CONFIRMED legacy permission; PROPOSED stable key/scopes
96,browse_announcements,announcements,operations.announcements.browse,UNVERIFIED: Voyager/BREAD dynamic route or no explicit canonical action,PROPOSED: explicit policy scope required; legacy global scopes/hard-coded roles must be translated,PROPOSED: inherit resource read plus file-specific policy; never infer from URL possession,PROPOSED: separate report.execute/report.export permission where applicable,CONFIRMED legacy permission; PROPOSED stable key/scopes
97,read_announcements,announcements,operations.announcements.read,UNVERIFIED: Voyager/BREAD dynamic route or no explicit canonical action,PROPOSED: explicit policy scope required; legacy global scopes/hard-coded roles must be translated,PROPOSED: inherit resource read plus file-specific policy; never infer from URL possession,PROPOSED: separate report.execute/report.export permission where applicable,CONFIRMED legacy permission; PROPOSED stable key/scopes
98,edit_announcements,announcements,operations.announcements.edit,UNVERIFIED: Voyager/BREAD dynamic route or no explicit canonical action,PROPOSED: explicit policy scope required; legacy global scopes/hard-coded roles must be translated,PROPOSED: inherit resource read plus file-specific policy; never infer from URL possession,PROPOSED: separate report.execute/report.export permission where applicable,CONFIRMED legacy permission; PROPOSED stable key/scopes
99,add_announcements,announcements,operations.announcements.add,UNVERIFIED: Voyager/BREAD dynamic route or no explicit canonical action,PROPOSED: explicit policy scope required; legacy global scopes/hard-coded roles must be translated,PROPOSED: inherit resource read plus file-specific policy; never infer from URL possession,PROPOSED: separate report.execute/report.export permission where applicable,CONFIRMED legacy permission; PROPOSED stable key/scopes
100,delete_announcements,announcements,operations.announcements.delete,UNVERIFIED: Voyager/BREAD dynamic route or no explicit canonical action,PROPOSED: explicit policy scope required; legacy global scopes/hard-coded roles must be translated,PROPOSED: inherit resource read plus file-specific policy; never infer from URL possession,PROPOSED: separate report.execute/report.export permission where applicable,CONFIRMED legacy permission; PROPOSED stable key/scopes
101,browse_class_schedules,class_schedules,operations.class_schedules.browse,src/app/Http/Controllers/Admin/VoyagerClassScheduleController.php:6 | src/app/Http/Controllers/Admin/VoyagerReportController.php:624,PROPOSED: explicit policy scope required; legacy global scopes/hard-coded roles must be translated,PROPOSED: inherit resource read plus file-specific policy; never infer from URL possession,PROPOSED: separate report.execute/report.export permission where applicable,CONFIRMED legacy permission; PROPOSED stable key/scopes
102,read_class_schedules,class_schedules,operations.class_schedules.read,src/app/Http/Controllers/Admin/VoyagerClassScheduleController.php:6 | src/app/Http/Controllers/Admin/VoyagerReportController.php:624,PROPOSED: explicit policy scope required; legacy global scopes/hard-coded roles must be translated,PROPOSED: inherit resource read plus file-specific policy; never infer from URL possession,PROPOSED: separate report.execute/report.export permission where applicable,CONFIRMED legacy permission; PROPOSED stable key/scopes
103,edit_class_schedules,class_schedules,operations.class_schedules.edit,src/app/Http/Controllers/Admin/VoyagerClassScheduleController.php:6 | src/app/Http/Controllers/Admin/VoyagerReportController.php:624,PROPOSED: explicit policy scope required; legacy global scopes/hard-coded roles must be translated,PROPOSED: inherit resource read plus file-specific policy; never infer from URL possession,PROPOSED: separate report.execute/report.export permission where applicable,CONFIRMED legacy permission; PROPOSED stable key/scopes
104,add_class_schedules,class_schedules,operations.class_schedules.add,src/app/Http/Controllers/Admin/VoyagerClassScheduleController.php:6 | src/app/Http/Controllers/Admin/VoyagerReportController.php:624,PROPOSED: explicit policy scope required; legacy global scopes/hard-coded roles must be translated,PROPOSED: inherit resource read plus file-specific policy; never infer from URL possession,PROPOSED: separate report.execute/report.export permission where applicable,CONFIRMED legacy permission; PROPOSED stable key/scopes
105,delete_class_schedules,class_schedules,operations.class_schedules.delete,src/app/Http/Controllers/Admin/VoyagerClassScheduleController.php:6 | src/app/Http/Controllers/Admin/VoyagerReportController.php:624,PROPOSED: explicit policy scope required; legacy global scopes/hard-coded roles must be translated,PROPOSED: inherit resource read plus file-specific policy; never infer from URL possession,PROPOSED: separate report.execute/report.export permission where applicable,CONFIRMED legacy permission; PROPOSED stable key/scopes
106,browse_payments,payments,finance.payments.browse,src/app/Http/Controllers/Admin/VoyagerAjaxController.php:10 | src/app/Http/Controllers/Admin/VoyagerDatabaseController.php:79 | src/app/Http/Controllers/Admin/VoyagerMyPanelController.php:17 | src/app/Http/Controllers/Admin/VoyagerPaymentController.php:8 | src/app/Http/Controllers/Admin/VoyagerPaymentRequestController.php:91 | src/app/Http/Controllers/Admin/VoyagerReportController.php:7 | src/app/Http/Controllers/Admin/VoyagerSubAgentPaymentRequestController.php:93 | src/routes/admin.php:49,PROPOSED: explicit policy scope required; legacy global scopes/hard-coded roles must be translated,PROPOSED: inherit resource read plus file-specific policy; never infer from URL possession,PROPOSED: separate report.execute/report.export permission where applicable,CONFIRMED legacy permission; PROPOSED stable key/scopes
107,read_payments,payments,finance.payments.read,src/app/Http/Controllers/Admin/VoyagerAjaxController.php:10 | src/app/Http/Controllers/Admin/VoyagerDatabaseController.php:79 | src/app/Http/Controllers/Admin/VoyagerMyPanelController.php:17 | src/app/Http/Controllers/Admin/VoyagerPaymentController.php:8 | src/app/Http/Controllers/Admin/VoyagerPaymentRequestController.php:91 | src/app/Http/Controllers/Admin/VoyagerReportController.php:7 | src/app/Http/Controllers/Admin/VoyagerSubAgentPaymentRequestController.php:93 | src/routes/admin.php:49,PROPOSED: explicit policy scope required; legacy global scopes/hard-coded roles must be translated,PROPOSED: inherit resource read plus file-specific policy; never infer from URL possession,PROPOSED: separate report.execute/report.export permission where applicable,CONFIRMED legacy permission; PROPOSED stable key/scopes
108,edit_payments,payments,finance.payments.edit,src/app/Http/Controllers/Admin/VoyagerAjaxController.php:10 | src/app/Http/Controllers/Admin/VoyagerDatabaseController.php:79 | src/app/Http/Controllers/Admin/VoyagerMyPanelController.php:17 | src/app/Http/Controllers/Admin/VoyagerPaymentController.php:8 | src/app/Http/Controllers/Admin/VoyagerPaymentRequestController.php:91 | src/app/Http/Controllers/Admin/VoyagerReportController.php:7 | src/app/Http/Controllers/Admin/VoyagerSubAgentPaymentRequestController.php:93 | src/routes/admin.php:49,PROPOSED: explicit policy scope required; legacy global scopes/hard-coded roles must be translated,PROPOSED: inherit resource read plus file-specific policy; never infer from URL possession,PROPOSED: separate report.execute/report.export permission where applicable,CONFIRMED legacy permission; PROPOSED stable key/scopes
109,add_payments,payments,finance.payments.add,src/app/Http/Controllers/Admin/VoyagerAjaxController.php:10 | src/app/Http/Controllers/Admin/VoyagerDatabaseController.php:79 | src/app/Http/Controllers/Admin/VoyagerMyPanelController.php:17 | src/app/Http/Controllers/Admin/VoyagerPaymentController.php:8 | src/app/Http/Controllers/Admin/VoyagerPaymentRequestController.php:91 | src/app/Http/Controllers/Admin/VoyagerReportController.php:7 | src/app/Http/Controllers/Admin/VoyagerSubAgentPaymentRequestController.php:93 | src/routes/admin.php:49,PROPOSED: explicit policy scope required; legacy global scopes/hard-coded roles must be translated,PROPOSED: inherit resource read plus file-specific policy; never infer from URL possession,PROPOSED: separate report.execute/report.export permission where applicable,CONFIRMED legacy permission; PROPOSED stable key/scopes
110,delete_payments,payments,finance.payments.delete,src/app/Http/Controllers/Admin/VoyagerAjaxController.php:10 | src/app/Http/Controllers/Admin/VoyagerDatabaseController.php:79 | src/app/Http/Controllers/Admin/VoyagerMyPanelController.php:17 | src/app/Http/Controllers/Admin/VoyagerPaymentController.php:8 | src/app/Http/Controllers/Admin/VoyagerPaymentRequestController.php:91 | src/app/Http/Controllers/Admin/VoyagerReportController.php:7 | src/app/Http/Controllers/Admin/VoyagerSubAgentPaymentRequestController.php:93 | src/routes/admin.php:49,PROPOSED: explicit policy scope required; legacy global scopes/hard-coded roles must be translated,PROPOSED: inherit resource read plus file-specific policy; never infer from URL possession,PROPOSED: separate report.execute/report.export permission where applicable,CONFIRMED legacy permission; PROPOSED stable key/scopes
111,browse_reports,reports,operations.reports.browse,src/app/Http/Controllers/Admin/VoyagerInvoiceController.php:161 | src/app/Http/Controllers/Admin/VoyagerInvoiceMoneyReceiptController.php:24 | src/app/Http/Controllers/Admin/VoyagerReportController.php:195 | src/app/Http/Controllers/Admin/VoyagerTicketInvoiceController.php:193 | src/app/Http/Controllers/Admin/VoyagerTicketInvoiceMoneyReceiptController.php:24 | src/routes/admin.php:17,PROPOSED: explicit policy scope required; legacy global scopes/hard-coded roles must be translated,PROPOSED: inherit resource read plus file-specific policy; never infer from URL possession,PROPOSED: separate report.execute/report.export permission where applicable,CONFIRMED legacy permission; PROPOSED stable key/scopes
112,read_reports,reports,operations.reports.read,src/app/Http/Controllers/Admin/VoyagerInvoiceController.php:161 | src/app/Http/Controllers/Admin/VoyagerInvoiceMoneyReceiptController.php:24 | src/app/Http/Controllers/Admin/VoyagerReportController.php:195 | src/app/Http/Controllers/Admin/VoyagerTicketInvoiceController.php:193 | src/app/Http/Controllers/Admin/VoyagerTicketInvoiceMoneyReceiptController.php:24 | src/routes/admin.php:17,PROPOSED: explicit policy scope required; legacy global scopes/hard-coded roles must be translated,PROPOSED: inherit resource read plus file-specific policy; never infer from URL possession,PROPOSED: separate report.execute/report.export permission where applicable,CONFIRMED legacy permission; PROPOSED stable key/scopes
113,edit_reports,reports,operations.reports.edit,src/app/Http/Controllers/Admin/VoyagerInvoiceController.php:161 | src/app/Http/Controllers/Admin/VoyagerInvoiceMoneyReceiptController.php:24 | src/app/Http/Controllers/Admin/VoyagerReportController.php:195 | src/app/Http/Controllers/Admin/VoyagerTicketInvoiceController.php:193 | src/app/Http/Controllers/Admin/VoyagerTicketInvoiceMoneyReceiptController.php:24 | src/routes/admin.php:17,PROPOSED: explicit policy scope required; legacy global scopes/hard-coded roles must be translated,PROPOSED: inherit resource read plus file-specific policy; never infer from URL possession,PROPOSED: separate report.execute/report.export permission where applicable,CONFIRMED legacy permission; PROPOSED stable key/scopes
114,add_reports,reports,operations.reports.add,src/app/Http/Controllers/Admin/VoyagerInvoiceController.php:161 | src/app/Http/Controllers/Admin/VoyagerInvoiceMoneyReceiptController.php:24 | src/app/Http/Controllers/Admin/VoyagerReportController.php:195 | src/app/Http/Controllers/Admin/VoyagerTicketInvoiceController.php:193 | src/app/Http/Controllers/Admin/VoyagerTicketInvoiceMoneyReceiptController.php:24 | src/routes/admin.php:17,PROPOSED: explicit policy scope required; legacy global scopes/hard-coded roles must be translated,PROPOSED: inherit resource read plus file-specific policy; never infer from URL possession,PROPOSED: separate report.execute/report.export permission where applicable,CONFIRMED legacy permission; PROPOSED stable key/scopes
115,delete_reports,reports,operations.reports.delete,src/app/Http/Controllers/Admin/VoyagerInvoiceController.php:161 | src/app/Http/Controllers/Admin/VoyagerInvoiceMoneyReceiptController.php:24 | src/app/Http/Controllers/Admin/VoyagerReportController.php:195 | src/app/Http/Controllers/Admin/VoyagerTicketInvoiceController.php:193 | src/app/Http/Controllers/Admin/VoyagerTicketInvoiceMoneyReceiptController.php:24 | src/routes/admin.php:17,PROPOSED: explicit policy scope required; legacy global scopes/hard-coded roles must be translated,PROPOSED: inherit resource read plus file-specific policy; never infer from URL possession,PROPOSED: separate report.execute/report.export permission where applicable,CONFIRMED legacy permission; PROPOSED stable key/scopes
116,add_agent_panels,agent,operations.agent_panels.add,UNVERIFIED: Voyager/BREAD dynamic route or no explicit canonical action,PROPOSED: explicit policy scope required; legacy global scopes/hard-coded roles must be translated,PROPOSED: inherit resource read plus file-specific policy; never infer from URL possession,PROPOSED: separate report.execute/report.export permission where applicable,CONFIRMED legacy permission; PROPOSED stable key/scopes
117,browse_euro_to_bdt_rates,euro_to_bdt_rates,finance.euro_to_bdt_rates.browse,UNVERIFIED: Voyager/BREAD dynamic route or no explicit canonical action,PROPOSED: explicit policy scope required; legacy global scopes/hard-coded roles must be translated,PROPOSED: inherit resource read plus file-specific policy; never infer from URL possession,PROPOSED: separate report.execute/report.export permission where applicable,CONFIRMED legacy permission; PROPOSED stable key/scopes
118,read_euro_to_bdt_rates,euro_to_bdt_rates,finance.euro_to_bdt_rates.read,UNVERIFIED: Voyager/BREAD dynamic route or no explicit canonical action,PROPOSED: explicit policy scope required; legacy global scopes/hard-coded roles must be translated,PROPOSED: inherit resource read plus file-specific policy; never infer from URL possession,PROPOSED: separate report.execute/report.export permission where applicable,CONFIRMED legacy permission; PROPOSED stable key/scopes
119,edit_euro_to_bdt_rates,euro_to_bdt_rates,finance.euro_to_bdt_rates.edit,UNVERIFIED: Voyager/BREAD dynamic route or no explicit canonical action,PROPOSED: explicit policy scope required; legacy global scopes/hard-coded roles must be translated,PROPOSED: inherit resource read plus file-specific policy; never infer from URL possession,PROPOSED: separate report.execute/report.export permission where applicable,CONFIRMED legacy permission; PROPOSED stable key/scopes
120,add_euro_to_bdt_rates,euro_to_bdt_rates,finance.euro_to_bdt_rates.add,UNVERIFIED: Voyager/BREAD dynamic route or no explicit canonical action,PROPOSED: explicit policy scope required; legacy global scopes/hard-coded roles must be translated,PROPOSED: inherit resource read plus file-specific policy; never infer from URL possession,PROPOSED: separate report.execute/report.export permission where applicable,CONFIRMED legacy permission; PROPOSED stable key/scopes
121,delete_euro_to_bdt_rates,euro_to_bdt_rates,finance.euro_to_bdt_rates.delete,UNVERIFIED: Voyager/BREAD dynamic route or no explicit canonical action,PROPOSED: explicit policy scope required; legacy global scopes/hard-coded roles must be translated,PROPOSED: inherit resource read plus file-specific policy; never infer from URL possession,PROPOSED: separate report.execute/report.export permission where applicable,CONFIRMED legacy permission; PROPOSED stable key/scopes
122,browse_currencies,currencies,operations.currencies.browse,src/app/Http/Controllers/Admin/VoyagerMyPanelController.php:639,PROPOSED: explicit policy scope required; legacy global scopes/hard-coded roles must be translated,PROPOSED: inherit resource read plus file-specific policy; never infer from URL possession,PROPOSED: separate report.execute/report.export permission where applicable,CONFIRMED legacy permission; PROPOSED stable key/scopes
123,read_currencies,currencies,operations.currencies.read,src/app/Http/Controllers/Admin/VoyagerMyPanelController.php:639,PROPOSED: explicit policy scope required; legacy global scopes/hard-coded roles must be translated,PROPOSED: inherit resource read plus file-specific policy; never infer from URL possession,PROPOSED: separate report.execute/report.export permission where applicable,CONFIRMED legacy permission; PROPOSED stable key/scopes
124,edit_currencies,currencies,operations.currencies.edit,src/app/Http/Controllers/Admin/VoyagerMyPanelController.php:639,PROPOSED: explicit policy scope required; legacy global scopes/hard-coded roles must be translated,PROPOSED: inherit resource read plus file-specific policy; never infer from URL possession,PROPOSED: separate report.execute/report.export permission where applicable,CONFIRMED legacy permission; PROPOSED stable key/scopes
125,add_currencies,currencies,operations.currencies.add,src/app/Http/Controllers/Admin/VoyagerMyPanelController.php:639,PROPOSED: explicit policy scope required; legacy global scopes/hard-coded roles must be translated,PROPOSED: inherit resource read plus file-specific policy; never infer from URL possession,PROPOSED: separate report.execute/report.export permission where applicable,CONFIRMED legacy permission; PROPOSED stable key/scopes
126,delete_currencies,currencies,operations.currencies.delete,src/app/Http/Controllers/Admin/VoyagerMyPanelController.php:639,PROPOSED: explicit policy scope required; legacy global scopes/hard-coded roles must be translated,PROPOSED: inherit resource read plus file-specific policy; never infer from URL possession,PROPOSED: separate report.execute/report.export permission where applicable,CONFIRMED legacy permission; PROPOSED stable key/scopes
127,browse_agencies,agencies,candidate.agencies.browse,UNVERIFIED: Voyager/BREAD dynamic route or no explicit canonical action,PROPOSED: explicit policy scope required; legacy global scopes/hard-coded roles must be translated,PROPOSED: inherit resource read plus file-specific policy; never infer from URL possession,PROPOSED: separate report.execute/report.export permission where applicable,CONFIRMED legacy permission; PROPOSED stable key/scopes
128,read_agencies,agencies,candidate.agencies.read,UNVERIFIED: Voyager/BREAD dynamic route or no explicit canonical action,PROPOSED: explicit policy scope required; legacy global scopes/hard-coded roles must be translated,PROPOSED: inherit resource read plus file-specific policy; never infer from URL possession,PROPOSED: separate report.execute/report.export permission where applicable,CONFIRMED legacy permission; PROPOSED stable key/scopes
129,edit_agencies,agencies,candidate.agencies.edit,UNVERIFIED: Voyager/BREAD dynamic route or no explicit canonical action,PROPOSED: explicit policy scope required; legacy global scopes/hard-coded roles must be translated,PROPOSED: inherit resource read plus file-specific policy; never infer from URL possession,PROPOSED: separate report.execute/report.export permission where applicable,CONFIRMED legacy permission; PROPOSED stable key/scopes
130,add_agencies,agencies,candidate.agencies.add,UNVERIFIED: Voyager/BREAD dynamic route or no explicit canonical action,PROPOSED: explicit policy scope required; legacy global scopes/hard-coded roles must be translated,PROPOSED: inherit resource read plus file-specific policy; never infer from URL possession,PROPOSED: separate report.execute/report.export permission where applicable,CONFIRMED legacy permission; PROPOSED stable key/scopes
131,delete_agencies,agencies,candidate.agencies.delete,UNVERIFIED: Voyager/BREAD dynamic route or no explicit canonical action,PROPOSED: explicit policy scope required; legacy global scopes/hard-coded roles must be translated,PROPOSED: inherit resource read plus file-specific policy; never infer from URL possession,PROPOSED: separate report.execute/report.export permission where applicable,CONFIRMED legacy permission; PROPOSED stable key/scopes
132,browse_companies,companies,candidate.companies.browse,src/app/Http/Controllers/Admin/AuthenticationController.php:29 | src/app/Http/Controllers/Admin/VoyagerCandidatesController.php:619 | src/app/Http/Controllers/Admin/VoyagerReportController.php:741,PROPOSED: explicit policy scope required; legacy global scopes/hard-coded roles must be translated,PROPOSED: inherit resource read plus file-specific policy; never infer from URL possession,PROPOSED: separate report.execute/report.export permission where applicable,CONFIRMED legacy permission; PROPOSED stable key/scopes
133,read_companies,companies,candidate.companies.read,src/app/Http/Controllers/Admin/AuthenticationController.php:29 | src/app/Http/Controllers/Admin/VoyagerCandidatesController.php:619 | src/app/Http/Controllers/Admin/VoyagerReportController.php:741,PROPOSED: explicit policy scope required; legacy global scopes/hard-coded roles must be translated,PROPOSED: inherit resource read plus file-specific policy; never infer from URL possession,PROPOSED: separate report.execute/report.export permission where applicable,CONFIRMED legacy permission; PROPOSED stable key/scopes
134,edit_companies,companies,candidate.companies.edit,src/app/Http/Controllers/Admin/AuthenticationController.php:29 | src/app/Http/Controllers/Admin/VoyagerCandidatesController.php:619 | src/app/Http/Controllers/Admin/VoyagerReportController.php:741,PROPOSED: explicit policy scope required; legacy global scopes/hard-coded roles must be translated,PROPOSED: inherit resource read plus file-specific policy; never infer from URL possession,PROPOSED: separate report.execute/report.export permission where applicable,CONFIRMED legacy permission; PROPOSED stable key/scopes
135,add_companies,companies,candidate.companies.add,src/app/Http/Controllers/Admin/AuthenticationController.php:29 | src/app/Http/Controllers/Admin/VoyagerCandidatesController.php:619 | src/app/Http/Controllers/Admin/VoyagerReportController.php:741,PROPOSED: explicit policy scope required; legacy global scopes/hard-coded roles must be translated,PROPOSED: inherit resource read plus file-specific policy; never infer from URL possession,PROPOSED: separate report.execute/report.export permission where applicable,CONFIRMED legacy permission; PROPOSED stable key/scopes
136,delete_companies,companies,candidate.companies.delete,src/app/Http/Controllers/Admin/AuthenticationController.php:29 | src/app/Http/Controllers/Admin/VoyagerCandidatesController.php:619 | src/app/Http/Controllers/Admin/VoyagerReportController.php:741,PROPOSED: explicit policy scope required; legacy global scopes/hard-coded roles must be translated,PROPOSED: inherit resource read plus file-specific policy; never infer from URL possession,PROPOSED: separate report.execute/report.export permission where applicable,CONFIRMED legacy permission; PROPOSED stable key/scopes
137,browse_police_clearance,police_clearance,candidate.police_clearance.browse,UNVERIFIED: Voyager/BREAD dynamic route or no explicit canonical action,PROPOSED: explicit policy scope required; legacy global scopes/hard-coded roles must be translated,PROPOSED: inherit resource read plus file-specific policy; never infer from URL possession,PROPOSED: separate report.execute/report.export permission where applicable,CONFIRMED legacy permission; PROPOSED stable key/scopes
138,read_police_clearance,police_clearance,candidate.police_clearance.read,UNVERIFIED: Voyager/BREAD dynamic route or no explicit canonical action,PROPOSED: explicit policy scope required; legacy global scopes/hard-coded roles must be translated,PROPOSED: inherit resource read plus file-specific policy; never infer from URL possession,PROPOSED: separate report.execute/report.export permission where applicable,CONFIRMED legacy permission; PROPOSED stable key/scopes
139,edit_police_clearance,police_clearance,candidate.police_clearance.edit,UNVERIFIED: Voyager/BREAD dynamic route or no explicit canonical action,PROPOSED: explicit policy scope required; legacy global scopes/hard-coded roles must be translated,PROPOSED: inherit resource read plus file-specific policy; never infer from URL possession,PROPOSED: separate report.execute/report.export permission where applicable,CONFIRMED legacy permission; PROPOSED stable key/scopes
140,add_police_clearance,police_clearance,candidate.police_clearance.add,UNVERIFIED: Voyager/BREAD dynamic route or no explicit canonical action,PROPOSED: explicit policy scope required; legacy global scopes/hard-coded roles must be translated,PROPOSED: inherit resource read plus file-specific policy; never infer from URL possession,PROPOSED: separate report.execute/report.export permission where applicable,CONFIRMED legacy permission; PROPOSED stable key/scopes
141,delete_police_clearance,police_clearance,candidate.police_clearance.delete,UNVERIFIED: Voyager/BREAD dynamic route or no explicit canonical action,PROPOSED: explicit policy scope required; legacy global scopes/hard-coded roles must be translated,PROPOSED: inherit resource read plus file-specific policy; never infer from URL possession,PROPOSED: separate report.execute/report.export permission where applicable,CONFIRMED legacy permission; PROPOSED stable key/scopes
142,browse_manpower_training,manpower_training,operations.manpower_training.browse,UNVERIFIED: Voyager/BREAD dynamic route or no explicit canonical action,PROPOSED: explicit policy scope required; legacy global scopes/hard-coded roles must be translated,PROPOSED: inherit resource read plus file-specific policy; never infer from URL possession,PROPOSED: separate report.execute/report.export permission where applicable,CONFIRMED legacy permission; PROPOSED stable key/scopes
143,read_manpower_training,manpower_training,operations.manpower_training.read,UNVERIFIED: Voyager/BREAD dynamic route or no explicit canonical action,PROPOSED: explicit policy scope required; legacy global scopes/hard-coded roles must be translated,PROPOSED: inherit resource read plus file-specific policy; never infer from URL possession,PROPOSED: separate report.execute/report.export permission where applicable,CONFIRMED legacy permission; PROPOSED stable key/scopes
144,edit_manpower_training,manpower_training,operations.manpower_training.edit,UNVERIFIED: Voyager/BREAD dynamic route or no explicit canonical action,PROPOSED: explicit policy scope required; legacy global scopes/hard-coded roles must be translated,PROPOSED: inherit resource read plus file-specific policy; never infer from URL possession,PROPOSED: separate report.execute/report.export permission where applicable,CONFIRMED legacy permission; PROPOSED stable key/scopes
145,add_manpower_training,manpower_training,operations.manpower_training.add,UNVERIFIED: Voyager/BREAD dynamic route or no explicit canonical action,PROPOSED: explicit policy scope required; legacy global scopes/hard-coded roles must be translated,PROPOSED: inherit resource read plus file-specific policy; never infer from URL possession,PROPOSED: separate report.execute/report.export permission where applicable,CONFIRMED legacy permission; PROPOSED stable key/scopes
146,delete_manpower_training,manpower_training,operations.manpower_training.delete,UNVERIFIED: Voyager/BREAD dynamic route or no explicit canonical action,PROPOSED: explicit policy scope required; legacy global scopes/hard-coded roles must be translated,PROPOSED: inherit resource read plus file-specific policy; never infer from URL possession,PROPOSED: separate report.execute/report.export permission where applicable,CONFIRMED legacy permission; PROPOSED stable key/scopes
147,browse_manpower_trainings,manpower_trainings,workflow.manpower_trainings.browse,UNVERIFIED: Voyager/BREAD dynamic route or no explicit canonical action,PROPOSED: explicit policy scope required; legacy global scopes/hard-coded roles must be translated,PROPOSED: inherit resource read plus file-specific policy; never infer from URL possession,PROPOSED: separate report.execute/report.export permission where applicable,CONFIRMED legacy permission; PROPOSED stable key/scopes
148,read_manpower_trainings,manpower_trainings,workflow.manpower_trainings.read,UNVERIFIED: Voyager/BREAD dynamic route or no explicit canonical action,PROPOSED: explicit policy scope required; legacy global scopes/hard-coded roles must be translated,PROPOSED: inherit resource read plus file-specific policy; never infer from URL possession,PROPOSED: separate report.execute/report.export permission where applicable,CONFIRMED legacy permission; PROPOSED stable key/scopes
149,edit_manpower_trainings,manpower_trainings,workflow.manpower_trainings.edit,UNVERIFIED: Voyager/BREAD dynamic route or no explicit canonical action,PROPOSED: explicit policy scope required; legacy global scopes/hard-coded roles must be translated,PROPOSED: inherit resource read plus file-specific policy; never infer from URL possession,PROPOSED: separate report.execute/report.export permission where applicable,CONFIRMED legacy permission; PROPOSED stable key/scopes
150,add_manpower_trainings,manpower_trainings,workflow.manpower_trainings.add,UNVERIFIED: Voyager/BREAD dynamic route or no explicit canonical action,PROPOSED: explicit policy scope required; legacy global scopes/hard-coded roles must be translated,PROPOSED: inherit resource read plus file-specific policy; never infer from URL possession,PROPOSED: separate report.execute/report.export permission where applicable,CONFIRMED legacy permission; PROPOSED stable key/scopes
151,delete_manpower_trainings,manpower_trainings,workflow.manpower_trainings.delete,UNVERIFIED: Voyager/BREAD dynamic route or no explicit canonical action,PROPOSED: explicit policy scope required; legacy global scopes/hard-coded roles must be translated,PROPOSED: inherit resource read plus file-specific policy; never infer from URL possession,PROPOSED: separate report.execute/report.export permission where applicable,CONFIRMED legacy permission; PROPOSED stable key/scopes
152,browse_medicals,medicals,candidate.medicals.browse,src/app/Http/Controllers/Admin/VoyagerAjaxController.php:271,PROPOSED: explicit policy scope required; legacy global scopes/hard-coded roles must be translated,PROPOSED: inherit resource read plus file-specific policy; never infer from URL possession,PROPOSED: separate report.execute/report.export permission where applicable,CONFIRMED legacy permission; PROPOSED stable key/scopes
153,read_medicals,medicals,candidate.medicals.read,src/app/Http/Controllers/Admin/VoyagerAjaxController.php:271,PROPOSED: explicit policy scope required; legacy global scopes/hard-coded roles must be translated,PROPOSED: inherit resource read plus file-specific policy; never infer from URL possession,PROPOSED: separate report.execute/report.export permission where applicable,CONFIRMED legacy permission; PROPOSED stable key/scopes
154,edit_medicals,medicals,candidate.medicals.edit,src/app/Http/Controllers/Admin/VoyagerAjaxController.php:271,PROPOSED: explicit policy scope required; legacy global scopes/hard-coded roles must be translated,PROPOSED: inherit resource read plus file-specific policy; never infer from URL possession,PROPOSED: separate report.execute/report.export permission where applicable,CONFIRMED legacy permission; PROPOSED stable key/scopes
155,add_medicals,medicals,candidate.medicals.add,src/app/Http/Controllers/Admin/VoyagerAjaxController.php:271,PROPOSED: explicit policy scope required; legacy global scopes/hard-coded roles must be translated,PROPOSED: inherit resource read plus file-specific policy; never infer from URL possession,PROPOSED: separate report.execute/report.export permission where applicable,CONFIRMED legacy permission; PROPOSED stable key/scopes
156,delete_medicals,medicals,candidate.medicals.delete,src/app/Http/Controllers/Admin/VoyagerAjaxController.php:271,PROPOSED: explicit policy scope required; legacy global scopes/hard-coded roles must be translated,PROPOSED: inherit resource read plus file-specific policy; never infer from URL possession,PROPOSED: separate report.execute/report.export permission where applicable,CONFIRMED legacy permission; PROPOSED stable key/scopes
157,browse_labour_contracts,labour_contracts,candidate.labour_contracts.browse,UNVERIFIED: Voyager/BREAD dynamic route or no explicit canonical action,PROPOSED: explicit policy scope required; legacy global scopes/hard-coded roles must be translated,PROPOSED: inherit resource read plus file-specific policy; never infer from URL possession,PROPOSED: separate report.execute/report.export permission where applicable,CONFIRMED legacy permission; PROPOSED stable key/scopes
158,read_labour_contracts,labour_contracts,candidate.labour_contracts.read,UNVERIFIED: Voyager/BREAD dynamic route or no explicit canonical action,PROPOSED: explicit policy scope required; legacy global scopes/hard-coded roles must be translated,PROPOSED: inherit resource read plus file-specific policy; never infer from URL possession,PROPOSED: separate report.execute/report.export permission where applicable,CONFIRMED legacy permission; PROPOSED stable key/scopes
159,edit_labour_contracts,labour_contracts,candidate.labour_contracts.edit,UNVERIFIED: Voyager/BREAD dynamic route or no explicit canonical action,PROPOSED: explicit policy scope required; legacy global scopes/hard-coded roles must be translated,PROPOSED: inherit resource read plus file-specific policy; never infer from URL possession,PROPOSED: separate report.execute/report.export permission where applicable,CONFIRMED legacy permission; PROPOSED stable key/scopes
160,add_labour_contracts,labour_contracts,candidate.labour_contracts.add,UNVERIFIED: Voyager/BREAD dynamic route or no explicit canonical action,PROPOSED: explicit policy scope required; legacy global scopes/hard-coded roles must be translated,PROPOSED: inherit resource read plus file-specific policy; never infer from URL possession,PROPOSED: separate report.execute/report.export permission where applicable,CONFIRMED legacy permission; PROPOSED stable key/scopes
161,delete_labour_contracts,labour_contracts,candidate.labour_contracts.delete,UNVERIFIED: Voyager/BREAD dynamic route or no explicit canonical action,PROPOSED: explicit policy scope required; legacy global scopes/hard-coded roles must be translated,PROPOSED: inherit resource read plus file-specific policy; never infer from URL possession,PROPOSED: separate report.execute/report.export permission where applicable,CONFIRMED legacy permission; PROPOSED stable key/scopes
162,browse_visa_immigrations,visa_immigrations,candidate.visa_immigrations.browse,src/app/Http/Controllers/Admin/VoyagerAjaxController.php:38 | src/app/Http/Controllers/Admin/VoyagerReportController.php:461,PROPOSED: explicit policy scope required; legacy global scopes/hard-coded roles must be translated,PROPOSED: inherit resource read plus file-specific policy; never infer from URL possession,PROPOSED: separate report.execute/report.export permission where applicable,CONFIRMED legacy permission; PROPOSED stable key/scopes
163,read_visa_immigrations,visa_immigrations,candidate.visa_immigrations.read,src/app/Http/Controllers/Admin/VoyagerAjaxController.php:38 | src/app/Http/Controllers/Admin/VoyagerReportController.php:461,PROPOSED: explicit policy scope required; legacy global scopes/hard-coded roles must be translated,PROPOSED: inherit resource read plus file-specific policy; never infer from URL possession,PROPOSED: separate report.execute/report.export permission where applicable,CONFIRMED legacy permission; PROPOSED stable key/scopes
164,edit_visa_immigrations,visa_immigrations,candidate.visa_immigrations.edit,src/app/Http/Controllers/Admin/VoyagerAjaxController.php:38 | src/app/Http/Controllers/Admin/VoyagerReportController.php:461,PROPOSED: explicit policy scope required; legacy global scopes/hard-coded roles must be translated,PROPOSED: inherit resource read plus file-specific policy; never infer from URL possession,PROPOSED: separate report.execute/report.export permission where applicable,CONFIRMED legacy permission; PROPOSED stable key/scopes
165,add_visa_immigrations,visa_immigrations,candidate.visa_immigrations.add,src/app/Http/Controllers/Admin/VoyagerAjaxController.php:38 | src/app/Http/Controllers/Admin/VoyagerReportController.php:461,PROPOSED: explicit policy scope required; legacy global scopes/hard-coded roles must be translated,PROPOSED: inherit resource read plus file-specific policy; never infer from URL possession,PROPOSED: separate report.execute/report.export permission where applicable,CONFIRMED legacy permission; PROPOSED stable key/scopes
166,delete_visa_immigrations,visa_immigrations,candidate.visa_immigrations.delete,src/app/Http/Controllers/Admin/VoyagerAjaxController.php:38 | src/app/Http/Controllers/Admin/VoyagerReportController.php:461,PROPOSED: explicit policy scope required; legacy global scopes/hard-coded roles must be translated,PROPOSED: inherit resource read plus file-specific policy; never infer from URL possession,PROPOSED: separate report.execute/report.export permission where applicable,CONFIRMED legacy permission; PROPOSED stable key/scopes
167,browse_flight_schedules,flight_schedules,candidate.flight_schedules.browse,src/app/Http/Controllers/Admin/VoyagerReportController.php:461 | src/routes/admin.php:22,PROPOSED: explicit policy scope required; legacy global scopes/hard-coded roles must be translated,PROPOSED: inherit resource read plus file-specific policy; never infer from URL possession,PROPOSED: separate report.execute/report.export permission where applicable,CONFIRMED legacy permission; PROPOSED stable key/scopes
168,read_flight_schedules,flight_schedules,candidate.flight_schedules.read,src/app/Http/Controllers/Admin/VoyagerReportController.php:461 | src/routes/admin.php:22,PROPOSED: explicit policy scope required; legacy global scopes/hard-coded roles must be translated,PROPOSED: inherit resource read plus file-specific policy; never infer from URL possession,PROPOSED: separate report.execute/report.export permission where applicable,CONFIRMED legacy permission; PROPOSED stable key/scopes
169,edit_flight_schedules,flight_schedules,candidate.flight_schedules.edit,src/app/Http/Controllers/Admin/VoyagerReportController.php:461 | src/routes/admin.php:22,PROPOSED: explicit policy scope required; legacy global scopes/hard-coded roles must be translated,PROPOSED: inherit resource read plus file-specific policy; never infer from URL possession,PROPOSED: separate report.execute/report.export permission where applicable,CONFIRMED legacy permission; PROPOSED stable key/scopes
170,add_flight_schedules,flight_schedules,candidate.flight_schedules.add,src/app/Http/Controllers/Admin/VoyagerReportController.php:461 | src/routes/admin.php:22,PROPOSED: explicit policy scope required; legacy global scopes/hard-coded roles must be translated,PROPOSED: inherit resource read plus file-specific policy; never infer from URL possession,PROPOSED: separate report.execute/report.export permission where applicable,CONFIRMED legacy permission; PROPOSED stable key/scopes
171,delete_flight_schedules,flight_schedules,candidate.flight_schedules.delete,src/app/Http/Controllers/Admin/VoyagerReportController.php:461 | src/routes/admin.php:22,PROPOSED: explicit policy scope required; legacy global scopes/hard-coded roles must be translated,PROPOSED: inherit resource read plus file-specific policy; never infer from URL possession,PROPOSED: separate report.execute/report.export permission where applicable,CONFIRMED legacy permission; PROPOSED stable key/scopes
172,browse_arcs,arcs,candidate.arcs.browse,src/app/Http/Controllers/Admin/VoyagerReportController.php:778 | src/routes/admin.php:31,PROPOSED: explicit policy scope required; legacy global scopes/hard-coded roles must be translated,PROPOSED: inherit resource read plus file-specific policy; never infer from URL possession,PROPOSED: separate report.execute/report.export permission where applicable,CONFIRMED legacy permission; PROPOSED stable key/scopes
173,read_arcs,arcs,candidate.arcs.read,src/app/Http/Controllers/Admin/VoyagerReportController.php:778 | src/routes/admin.php:31,PROPOSED: explicit policy scope required; legacy global scopes/hard-coded roles must be translated,PROPOSED: inherit resource read plus file-specific policy; never infer from URL possession,PROPOSED: separate report.execute/report.export permission where applicable,CONFIRMED legacy permission; PROPOSED stable key/scopes
174,edit_arcs,arcs,candidate.arcs.edit,src/app/Http/Controllers/Admin/VoyagerReportController.php:778 | src/routes/admin.php:31,PROPOSED: explicit policy scope required; legacy global scopes/hard-coded roles must be translated,PROPOSED: inherit resource read plus file-specific policy; never infer from URL possession,PROPOSED: separate report.execute/report.export permission where applicable,CONFIRMED legacy permission; PROPOSED stable key/scopes
175,add_arcs,arcs,candidate.arcs.add,src/app/Http/Controllers/Admin/VoyagerReportController.php:778 | src/routes/admin.php:31,PROPOSED: explicit policy scope required; legacy global scopes/hard-coded roles must be translated,PROPOSED: inherit resource read plus file-specific policy; never infer from URL possession,PROPOSED: separate report.execute/report.export permission where applicable,CONFIRMED legacy permission; PROPOSED stable key/scopes
176,delete_arcs,arcs,candidate.arcs.delete,src/app/Http/Controllers/Admin/VoyagerReportController.php:778 | src/routes/admin.php:31,PROPOSED: explicit policy scope required; legacy global scopes/hard-coded roles must be translated,PROPOSED: inherit resource read plus file-specific policy; never infer from URL possession,PROPOSED: separate report.execute/report.export permission where applicable,CONFIRMED legacy permission; PROPOSED stable key/scopes
177,browse_police_clearances,police_clearances,workflow.police_clearances.browse,src/app/Http/Controllers/Admin/VoyagerReportController.php:752,PROPOSED: explicit policy scope required; legacy global scopes/hard-coded roles must be translated,PROPOSED: inherit resource read plus file-specific policy; never infer from URL possession,PROPOSED: separate report.execute/report.export permission where applicable,CONFIRMED legacy permission; PROPOSED stable key/scopes
178,read_police_clearances,police_clearances,workflow.police_clearances.read,src/app/Http/Controllers/Admin/VoyagerReportController.php:752,PROPOSED: explicit policy scope required; legacy global scopes/hard-coded roles must be translated,PROPOSED: inherit resource read plus file-specific policy; never infer from URL possession,PROPOSED: separate report.execute/report.export permission where applicable,CONFIRMED legacy permission; PROPOSED stable key/scopes
179,edit_police_clearances,police_clearances,workflow.police_clearances.edit,src/app/Http/Controllers/Admin/VoyagerReportController.php:752,PROPOSED: explicit policy scope required; legacy global scopes/hard-coded roles must be translated,PROPOSED: inherit resource read plus file-specific policy; never infer from URL possession,PROPOSED: separate report.execute/report.export permission where applicable,CONFIRMED legacy permission; PROPOSED stable key/scopes
180,add_police_clearances,police_clearances,workflow.police_clearances.add,src/app/Http/Controllers/Admin/VoyagerReportController.php:752,PROPOSED: explicit policy scope required; legacy global scopes/hard-coded roles must be translated,PROPOSED: inherit resource read plus file-specific policy; never infer from URL possession,PROPOSED: separate report.execute/report.export permission where applicable,CONFIRMED legacy permission; PROPOSED stable key/scopes
181,delete_police_clearances,police_clearances,workflow.police_clearances.delete,src/app/Http/Controllers/Admin/VoyagerReportController.php:752,PROPOSED: explicit policy scope required; legacy global scopes/hard-coded roles must be translated,PROPOSED: inherit resource read plus file-specific policy; never infer from URL possession,PROPOSED: separate report.execute/report.export permission where applicable,CONFIRMED legacy permission; PROPOSED stable key/scopes
182,browse_notifications,notifications,communications.notifications.browse,src/app/Http/Controllers/Admin/VoyagerAjaxController.php:9 | src/app/Http/Controllers/Admin/VoyagerCandidateDocumentController.php:9 | src/app/Http/Controllers/Admin/VoyagerCandidatesController.php:10 | src/app/Http/Controllers/Admin/VoyagerExamController.php:7 | src/app/Http/Controllers/Admin/VoyagerExamResultController.php:9 | src/app/Http/Controllers/Admin/VoyagerMyPanelController.php:16 | src/app/Http/Controllers/Admin/VoyagerPaymentRequestController.php:8 | src/app/Http/Controllers/Admin/VoyagerSubAgentPaymentRequestController.php:9 | src/app/Http/Controllers/Auth/ForgotPasswordController.php:16 | src/routes/admin.php:47,PROPOSED: explicit policy scope required; legacy global scopes/hard-coded roles must be translated,PROPOSED: inherit resource read plus file-specific policy; never infer from URL possession,PROPOSED: separate report.execute/report.export permission where applicable,CONFIRMED legacy permission; PROPOSED stable key/scopes
183,read_notifications,notifications,communications.notifications.read,src/app/Http/Controllers/Admin/VoyagerAjaxController.php:9 | src/app/Http/Controllers/Admin/VoyagerCandidateDocumentController.php:9 | src/app/Http/Controllers/Admin/VoyagerCandidatesController.php:10 | src/app/Http/Controllers/Admin/VoyagerExamController.php:7 | src/app/Http/Controllers/Admin/VoyagerExamResultController.php:9 | src/app/Http/Controllers/Admin/VoyagerMyPanelController.php:16 | src/app/Http/Controllers/Admin/VoyagerPaymentRequestController.php:8 | src/app/Http/Controllers/Admin/VoyagerSubAgentPaymentRequestController.php:9 | src/app/Http/Controllers/Auth/ForgotPasswordController.php:16 | src/routes/admin.php:47,PROPOSED: explicit policy scope required; legacy global scopes/hard-coded roles must be translated,PROPOSED: inherit resource read plus file-specific policy; never infer from URL possession,PROPOSED: separate report.execute/report.export permission where applicable,CONFIRMED legacy permission; PROPOSED stable key/scopes
184,edit_notifications,notifications,communications.notifications.edit,src/app/Http/Controllers/Admin/VoyagerAjaxController.php:9 | src/app/Http/Controllers/Admin/VoyagerCandidateDocumentController.php:9 | src/app/Http/Controllers/Admin/VoyagerCandidatesController.php:10 | src/app/Http/Controllers/Admin/VoyagerExamController.php:7 | src/app/Http/Controllers/Admin/VoyagerExamResultController.php:9 | src/app/Http/Controllers/Admin/VoyagerMyPanelController.php:16 | src/app/Http/Controllers/Admin/VoyagerPaymentRequestController.php:8 | src/app/Http/Controllers/Admin/VoyagerSubAgentPaymentRequestController.php:9 | src/app/Http/Controllers/Auth/ForgotPasswordController.php:16 | src/routes/admin.php:47,PROPOSED: explicit policy scope required; legacy global scopes/hard-coded roles must be translated,PROPOSED: inherit resource read plus file-specific policy; never infer from URL possession,PROPOSED: separate report.execute/report.export permission where applicable,CONFIRMED legacy permission; PROPOSED stable key/scopes
185,add_notifications,notifications,communications.notifications.add,src/app/Http/Controllers/Admin/VoyagerAjaxController.php:9 | src/app/Http/Controllers/Admin/VoyagerCandidateDocumentController.php:9 | src/app/Http/Controllers/Admin/VoyagerCandidatesController.php:10 | src/app/Http/Controllers/Admin/VoyagerExamController.php:7 | src/app/Http/Controllers/Admin/VoyagerExamResultController.php:9 | src/app/Http/Controllers/Admin/VoyagerMyPanelController.php:16 | src/app/Http/Controllers/Admin/VoyagerPaymentRequestController.php:8 | src/app/Http/Controllers/Admin/VoyagerSubAgentPaymentRequestController.php:9 | src/app/Http/Controllers/Auth/ForgotPasswordController.php:16 | src/routes/admin.php:47,PROPOSED: explicit policy scope required; legacy global scopes/hard-coded roles must be translated,PROPOSED: inherit resource read plus file-specific policy; never infer from URL possession,PROPOSED: separate report.execute/report.export permission where applicable,CONFIRMED legacy permission; PROPOSED stable key/scopes
186,delete_notifications,notifications,communications.notifications.delete,src/app/Http/Controllers/Admin/VoyagerAjaxController.php:9 | src/app/Http/Controllers/Admin/VoyagerCandidateDocumentController.php:9 | src/app/Http/Controllers/Admin/VoyagerCandidatesController.php:10 | src/app/Http/Controllers/Admin/VoyagerExamController.php:7 | src/app/Http/Controllers/Admin/VoyagerExamResultController.php:9 | src/app/Http/Controllers/Admin/VoyagerMyPanelController.php:16 | src/app/Http/Controllers/Admin/VoyagerPaymentRequestController.php:8 | src/app/Http/Controllers/Admin/VoyagerSubAgentPaymentRequestController.php:9 | src/app/Http/Controllers/Auth/ForgotPasswordController.php:16 | src/routes/admin.php:47,PROPOSED: explicit policy scope required; legacy global scopes/hard-coded roles must be translated,PROPOSED: inherit resource read plus file-specific policy; never infer from URL possession,PROPOSED: separate report.execute/report.export permission where applicable,CONFIRMED legacy permission; PROPOSED stable key/scopes
187,browse_exams,exams,operations.exams.browse,src/app/Http/Controllers/Admin/VoyagerExamController.php:50 | src/app/Http/Controllers/Admin/VoyagerExamResultController.php:8 | src/app/Http/Controllers/Admin/VoyagerReportController.php:564 | src/routes/admin.php:5,PROPOSED: explicit policy scope required; legacy global scopes/hard-coded roles must be translated,PROPOSED: inherit resource read plus file-specific policy; never infer from URL possession,PROPOSED: separate report.execute/report.export permission where applicable,CONFIRMED legacy permission; PROPOSED stable key/scopes
188,read_exams,exams,operations.exams.read,src/app/Http/Controllers/Admin/VoyagerExamController.php:50 | src/app/Http/Controllers/Admin/VoyagerExamResultController.php:8 | src/app/Http/Controllers/Admin/VoyagerReportController.php:564 | src/routes/admin.php:5,PROPOSED: explicit policy scope required; legacy global scopes/hard-coded roles must be translated,PROPOSED: inherit resource read plus file-specific policy; never infer from URL possession,PROPOSED: separate report.execute/report.export permission where applicable,CONFIRMED legacy permission; PROPOSED stable key/scopes
189,edit_exams,exams,operations.exams.edit,src/app/Http/Controllers/Admin/VoyagerExamController.php:50 | src/app/Http/Controllers/Admin/VoyagerExamResultController.php:8 | src/app/Http/Controllers/Admin/VoyagerReportController.php:564 | src/routes/admin.php:5,PROPOSED: explicit policy scope required; legacy global scopes/hard-coded roles must be translated,PROPOSED: inherit resource read plus file-specific policy; never infer from URL possession,PROPOSED: separate report.execute/report.export permission where applicable,CONFIRMED legacy permission; PROPOSED stable key/scopes
190,add_exams,exams,operations.exams.add,src/app/Http/Controllers/Admin/VoyagerExamController.php:50 | src/app/Http/Controllers/Admin/VoyagerExamResultController.php:8 | src/app/Http/Controllers/Admin/VoyagerReportController.php:564 | src/routes/admin.php:5,PROPOSED: explicit policy scope required; legacy global scopes/hard-coded roles must be translated,PROPOSED: inherit resource read plus file-specific policy; never infer from URL possession,PROPOSED: separate report.execute/report.export permission where applicable,CONFIRMED legacy permission; PROPOSED stable key/scopes
191,delete_exams,exams,operations.exams.delete,src/app/Http/Controllers/Admin/VoyagerExamController.php:50 | src/app/Http/Controllers/Admin/VoyagerExamResultController.php:8 | src/app/Http/Controllers/Admin/VoyagerReportController.php:564 | src/routes/admin.php:5,PROPOSED: explicit policy scope required; legacy global scopes/hard-coded roles must be translated,PROPOSED: inherit resource read plus file-specific policy; never infer from URL possession,PROPOSED: separate report.execute/report.export permission where applicable,CONFIRMED legacy permission; PROPOSED stable key/scopes
192,browse_exam_results,exam_results,operations.exam_results.browse,src/app/Http/Controllers/Admin/VoyagerExamResultController.php:36 | src/app/Http/Controllers/Admin/VoyagerReportController.php:649,PROPOSED: explicit policy scope required; legacy global scopes/hard-coded roles must be translated,PROPOSED: inherit resource read plus file-specific policy; never infer from URL possession,PROPOSED: separate report.execute/report.export permission where applicable,CONFIRMED legacy permission; PROPOSED stable key/scopes
193,read_exam_results,exam_results,operations.exam_results.read,src/app/Http/Controllers/Admin/VoyagerExamResultController.php:36 | src/app/Http/Controllers/Admin/VoyagerReportController.php:649,PROPOSED: explicit policy scope required; legacy global scopes/hard-coded roles must be translated,PROPOSED: inherit resource read plus file-specific policy; never infer from URL possession,PROPOSED: separate report.execute/report.export permission where applicable,CONFIRMED legacy permission; PROPOSED stable key/scopes
194,edit_exam_results,exam_results,operations.exam_results.edit,src/app/Http/Controllers/Admin/VoyagerExamResultController.php:36 | src/app/Http/Controllers/Admin/VoyagerReportController.php:649,PROPOSED: explicit policy scope required; legacy global scopes/hard-coded roles must be translated,PROPOSED: inherit resource read plus file-specific policy; never infer from URL possession,PROPOSED: separate report.execute/report.export permission where applicable,CONFIRMED legacy permission; PROPOSED stable key/scopes
195,add_exam_results,exam_results,operations.exam_results.add,src/app/Http/Controllers/Admin/VoyagerExamResultController.php:36 | src/app/Http/Controllers/Admin/VoyagerReportController.php:649,PROPOSED: explicit policy scope required; legacy global scopes/hard-coded roles must be translated,PROPOSED: inherit resource read plus file-specific policy; never infer from URL possession,PROPOSED: separate report.execute/report.export permission where applicable,CONFIRMED legacy permission; PROPOSED stable key/scopes
196,delete_exam_results,exam_results,operations.exam_results.delete,src/app/Http/Controllers/Admin/VoyagerExamResultController.php:36 | src/app/Http/Controllers/Admin/VoyagerReportController.php:649,PROPOSED: explicit policy scope required; legacy global scopes/hard-coded roles must be translated,PROPOSED: inherit resource read plus file-specific policy; never infer from URL possession,PROPOSED: separate report.execute/report.export permission where applicable,CONFIRMED legacy permission; PROPOSED stable key/scopes
197,browse_payment_requests,payment_requests,finance.payment_requests.browse,src/app/Http/Controllers/Admin/VoyagerAjaxController.php:11 | src/app/Http/Controllers/Admin/VoyagerCandidateDocumentController.php:8 | src/app/Http/Controllers/Admin/VoyagerMyPanelController.php:18 | src/app/Http/Controllers/Admin/VoyagerPaymentRequestController.php:7 | src/app/Http/Controllers/Admin/VoyagerSubAgentPaymentRequestController.php:8 | src/routes/admin.php:82,PROPOSED: explicit policy scope required; legacy global scopes/hard-coded roles must be translated,PROPOSED: inherit resource read plus file-specific policy; never infer from URL possession,PROPOSED: separate report.execute/report.export permission where applicable,CONFIRMED legacy permission; PROPOSED stable key/scopes
198,read_payment_requests,payment_requests,finance.payment_requests.read,src/app/Http/Controllers/Admin/VoyagerAjaxController.php:11 | src/app/Http/Controllers/Admin/VoyagerCandidateDocumentController.php:8 | src/app/Http/Controllers/Admin/VoyagerMyPanelController.php:18 | src/app/Http/Controllers/Admin/VoyagerPaymentRequestController.php:7 | src/app/Http/Controllers/Admin/VoyagerSubAgentPaymentRequestController.php:8 | src/routes/admin.php:82,PROPOSED: explicit policy scope required; legacy global scopes/hard-coded roles must be translated,PROPOSED: inherit resource read plus file-specific policy; never infer from URL possession,PROPOSED: separate report.execute/report.export permission where applicable,CONFIRMED legacy permission; PROPOSED stable key/scopes
199,edit_payment_requests,payment_requests,finance.payment_requests.edit,src/app/Http/Controllers/Admin/VoyagerAjaxController.php:11 | src/app/Http/Controllers/Admin/VoyagerCandidateDocumentController.php:8 | src/app/Http/Controllers/Admin/VoyagerMyPanelController.php:18 | src/app/Http/Controllers/Admin/VoyagerPaymentRequestController.php:7 | src/app/Http/Controllers/Admin/VoyagerSubAgentPaymentRequestController.php:8 | src/routes/admin.php:82,PROPOSED: explicit policy scope required; legacy global scopes/hard-coded roles must be translated,PROPOSED: inherit resource read plus file-specific policy; never infer from URL possession,PROPOSED: separate report.execute/report.export permission where applicable,CONFIRMED legacy permission; PROPOSED stable key/scopes
200,add_payment_requests,payment_requests,finance.payment_requests.add,src/app/Http/Controllers/Admin/VoyagerAjaxController.php:11 | src/app/Http/Controllers/Admin/VoyagerCandidateDocumentController.php:8 | src/app/Http/Controllers/Admin/VoyagerMyPanelController.php:18 | src/app/Http/Controllers/Admin/VoyagerPaymentRequestController.php:7 | src/app/Http/Controllers/Admin/VoyagerSubAgentPaymentRequestController.php:8 | src/routes/admin.php:82,PROPOSED: explicit policy scope required; legacy global scopes/hard-coded roles must be translated,PROPOSED: inherit resource read plus file-specific policy; never infer from URL possession,PROPOSED: separate report.execute/report.export permission where applicable,CONFIRMED legacy permission; PROPOSED stable key/scopes
201,delete_payment_requests,payment_requests,finance.payment_requests.delete,src/app/Http/Controllers/Admin/VoyagerAjaxController.php:11 | src/app/Http/Controllers/Admin/VoyagerCandidateDocumentController.php:8 | src/app/Http/Controllers/Admin/VoyagerMyPanelController.php:18 | src/app/Http/Controllers/Admin/VoyagerPaymentRequestController.php:7 | src/app/Http/Controllers/Admin/VoyagerSubAgentPaymentRequestController.php:8 | src/routes/admin.php:82,PROPOSED: explicit policy scope required; legacy global scopes/hard-coded roles must be translated,PROPOSED: inherit resource read plus file-specific policy; never infer from URL possession,PROPOSED: separate report.execute/report.export permission where applicable,CONFIRMED legacy permission; PROPOSED stable key/scopes
202,browse_employees,employees,operations.employees.browse,src/app/Http/Controllers/Admin/VoyagerEmployeeController.php:35 | src/app/Http/Controllers/Admin/VoyagerMyPanelController.php:77 | src/app/Http/Controllers/Admin/VoyagerUserController.php:63 | src/routes/admin.php:23,PROPOSED: explicit policy scope required; legacy global scopes/hard-coded roles must be translated,PROPOSED: inherit resource read plus file-specific policy; never infer from URL possession,PROPOSED: separate report.execute/report.export permission where applicable,CONFIRMED legacy permission; PROPOSED stable key/scopes
203,read_employees,employees,operations.employees.read,src/app/Http/Controllers/Admin/VoyagerEmployeeController.php:35 | src/app/Http/Controllers/Admin/VoyagerMyPanelController.php:77 | src/app/Http/Controllers/Admin/VoyagerUserController.php:63 | src/routes/admin.php:23,PROPOSED: explicit policy scope required; legacy global scopes/hard-coded roles must be translated,PROPOSED: inherit resource read plus file-specific policy; never infer from URL possession,PROPOSED: separate report.execute/report.export permission where applicable,CONFIRMED legacy permission; PROPOSED stable key/scopes
204,edit_employees,employees,operations.employees.edit,src/app/Http/Controllers/Admin/VoyagerEmployeeController.php:35 | src/app/Http/Controllers/Admin/VoyagerMyPanelController.php:77 | src/app/Http/Controllers/Admin/VoyagerUserController.php:63 | src/routes/admin.php:23,PROPOSED: explicit policy scope required; legacy global scopes/hard-coded roles must be translated,PROPOSED: inherit resource read plus file-specific policy; never infer from URL possession,PROPOSED: separate report.execute/report.export permission where applicable,CONFIRMED legacy permission; PROPOSED stable key/scopes
205,add_employees,employees,operations.employees.add,src/app/Http/Controllers/Admin/VoyagerEmployeeController.php:35 | src/app/Http/Controllers/Admin/VoyagerMyPanelController.php:77 | src/app/Http/Controllers/Admin/VoyagerUserController.php:63 | src/routes/admin.php:23,PROPOSED: explicit policy scope required; legacy global scopes/hard-coded roles must be translated,PROPOSED: inherit resource read plus file-specific policy; never infer from URL possession,PROPOSED: separate report.execute/report.export permission where applicable,CONFIRMED legacy permission; PROPOSED stable key/scopes
206,delete_employees,employees,operations.employees.delete,src/app/Http/Controllers/Admin/VoyagerEmployeeController.php:35 | src/app/Http/Controllers/Admin/VoyagerMyPanelController.php:77 | src/app/Http/Controllers/Admin/VoyagerUserController.php:63 | src/routes/admin.php:23,PROPOSED: explicit policy scope required; legacy global scopes/hard-coded roles must be translated,PROPOSED: inherit resource read plus file-specific policy; never infer from URL possession,PROPOSED: separate report.execute/report.export permission where applicable,CONFIRMED legacy permission; PROPOSED stable key/scopes
207,browse_employers,employers,operations.employers.browse,src/app/Http/Controllers/PageController.php:134 | src/app/Http/Controllers/Admin/VoyagerEmployerController.php:35 | src/app/Http/Controllers/Admin/VoyagerMyPanelController.php:80 | src/app/Http/Controllers/Admin/VoyagerReportController.php:537 | src/app/Http/Controllers/Admin/VoyagerUserController.php:66 | src/routes/admin.php:54 | src/routes/web.php:30,PROPOSED: explicit policy scope required; legacy global scopes/hard-coded roles must be translated,PROPOSED: inherit resource read plus file-specific policy; never infer from URL possession,PROPOSED: separate report.execute/report.export permission where applicable,CONFIRMED legacy permission; PROPOSED stable key/scopes
208,read_employers,employers,operations.employers.read,src/app/Http/Controllers/PageController.php:134 | src/app/Http/Controllers/Admin/VoyagerEmployerController.php:35 | src/app/Http/Controllers/Admin/VoyagerMyPanelController.php:80 | src/app/Http/Controllers/Admin/VoyagerReportController.php:537 | src/app/Http/Controllers/Admin/VoyagerUserController.php:66 | src/routes/admin.php:54 | src/routes/web.php:30,PROPOSED: explicit policy scope required; legacy global scopes/hard-coded roles must be translated,PROPOSED: inherit resource read plus file-specific policy; never infer from URL possession,PROPOSED: separate report.execute/report.export permission where applicable,CONFIRMED legacy permission; PROPOSED stable key/scopes
209,edit_employers,employers,operations.employers.edit,src/app/Http/Controllers/PageController.php:134 | src/app/Http/Controllers/Admin/VoyagerEmployerController.php:35 | src/app/Http/Controllers/Admin/VoyagerMyPanelController.php:80 | src/app/Http/Controllers/Admin/VoyagerReportController.php:537 | src/app/Http/Controllers/Admin/VoyagerUserController.php:66 | src/routes/admin.php:54 | src/routes/web.php:30,PROPOSED: explicit policy scope required; legacy global scopes/hard-coded roles must be translated,PROPOSED: inherit resource read plus file-specific policy; never infer from URL possession,PROPOSED: separate report.execute/report.export permission where applicable,CONFIRMED legacy permission; PROPOSED stable key/scopes
210,add_employers,employers,operations.employers.add,src/app/Http/Controllers/PageController.php:134 | src/app/Http/Controllers/Admin/VoyagerEmployerController.php:35 | src/app/Http/Controllers/Admin/VoyagerMyPanelController.php:80 | src/app/Http/Controllers/Admin/VoyagerReportController.php:537 | src/app/Http/Controllers/Admin/VoyagerUserController.php:66 | src/routes/admin.php:54 | src/routes/web.php:30,PROPOSED: explicit policy scope required; legacy global scopes/hard-coded roles must be translated,PROPOSED: inherit resource read plus file-specific policy; never infer from URL possession,PROPOSED: separate report.execute/report.export permission where applicable,CONFIRMED legacy permission; PROPOSED stable key/scopes
211,delete_employers,employers,operations.employers.delete,src/app/Http/Controllers/PageController.php:134 | src/app/Http/Controllers/Admin/VoyagerEmployerController.php:35 | src/app/Http/Controllers/Admin/VoyagerMyPanelController.php:80 | src/app/Http/Controllers/Admin/VoyagerReportController.php:537 | src/app/Http/Controllers/Admin/VoyagerUserController.php:66 | src/routes/admin.php:54 | src/routes/web.php:30,PROPOSED: explicit policy scope required; legacy global scopes/hard-coded roles must be translated,PROPOSED: inherit resource read plus file-specific policy; never infer from URL possession,PROPOSED: separate report.execute/report.export permission where applicable,CONFIRMED legacy permission; PROPOSED stable key/scopes
212,browse_agenciers,agenciers,partners.agenciers.browse,src/app/Http/Controllers/Admin/VoyagerAgencierController.php:35 | src/app/Http/Controllers/Admin/VoyagerAjaxController.php:35 | src/app/Http/Controllers/Admin/VoyagerInvoiceController.php:8 | src/app/Http/Controllers/Admin/VoyagerMyPanelController.php:847 | src/app/Http/Controllers/Admin/VoyagerReportController.php:461 | src/app/Http/Controllers/Admin/VoyagerTicketInvoiceController.php:5,PROPOSED: explicit policy scope required; legacy global scopes/hard-coded roles must be translated,PROPOSED: inherit resource read plus file-specific policy; never infer from URL possession,PROPOSED: separate report.execute/report.export permission where applicable,CONFIRMED legacy permission; PROPOSED stable key/scopes
213,read_agenciers,agenciers,partners.agenciers.read,src/app/Http/Controllers/Admin/VoyagerAgencierController.php:35 | src/app/Http/Controllers/Admin/VoyagerAjaxController.php:35 | src/app/Http/Controllers/Admin/VoyagerInvoiceController.php:8 | src/app/Http/Controllers/Admin/VoyagerMyPanelController.php:847 | src/app/Http/Controllers/Admin/VoyagerReportController.php:461 | src/app/Http/Controllers/Admin/VoyagerTicketInvoiceController.php:5,PROPOSED: explicit policy scope required; legacy global scopes/hard-coded roles must be translated,PROPOSED: inherit resource read plus file-specific policy; never infer from URL possession,PROPOSED: separate report.execute/report.export permission where applicable,CONFIRMED legacy permission; PROPOSED stable key/scopes
214,edit_agenciers,agenciers,partners.agenciers.edit,src/app/Http/Controllers/Admin/VoyagerAgencierController.php:35 | src/app/Http/Controllers/Admin/VoyagerAjaxController.php:35 | src/app/Http/Controllers/Admin/VoyagerInvoiceController.php:8 | src/app/Http/Controllers/Admin/VoyagerMyPanelController.php:847 | src/app/Http/Controllers/Admin/VoyagerReportController.php:461 | src/app/Http/Controllers/Admin/VoyagerTicketInvoiceController.php:5,PROPOSED: explicit policy scope required; legacy global scopes/hard-coded roles must be translated,PROPOSED: inherit resource read plus file-specific policy; never infer from URL possession,PROPOSED: separate report.execute/report.export permission where applicable,CONFIRMED legacy permission; PROPOSED stable key/scopes
215,add_agenciers,agenciers,partners.agenciers.add,src/app/Http/Controllers/Admin/VoyagerAgencierController.php:35 | src/app/Http/Controllers/Admin/VoyagerAjaxController.php:35 | src/app/Http/Controllers/Admin/VoyagerInvoiceController.php:8 | src/app/Http/Controllers/Admin/VoyagerMyPanelController.php:847 | src/app/Http/Controllers/Admin/VoyagerReportController.php:461 | src/app/Http/Controllers/Admin/VoyagerTicketInvoiceController.php:5,PROPOSED: explicit policy scope required; legacy global scopes/hard-coded roles must be translated,PROPOSED: inherit resource read plus file-specific policy; never infer from URL possession,PROPOSED: separate report.execute/report.export permission where applicable,CONFIRMED legacy permission; PROPOSED stable key/scopes
216,delete_agenciers,agenciers,partners.agenciers.delete,src/app/Http/Controllers/Admin/VoyagerAgencierController.php:35 | src/app/Http/Controllers/Admin/VoyagerAjaxController.php:35 | src/app/Http/Controllers/Admin/VoyagerInvoiceController.php:8 | src/app/Http/Controllers/Admin/VoyagerMyPanelController.php:847 | src/app/Http/Controllers/Admin/VoyagerReportController.php:461 | src/app/Http/Controllers/Admin/VoyagerTicketInvoiceController.php:5,PROPOSED: explicit policy scope required; legacy global scopes/hard-coded roles must be translated,PROPOSED: inherit resource read plus file-specific policy; never infer from URL possession,PROPOSED: separate report.execute/report.export permission where applicable,CONFIRMED legacy permission; PROPOSED stable key/scopes
217,browse_candidate_documents,candidate_documents,candidate.candidate_documents.browse,src/app/Http/Controllers/Admin/VoyagerCandidateDocumentController.php:7,PROPOSED: explicit policy scope required; legacy global scopes/hard-coded roles must be translated,PROPOSED: inherit resource read plus file-specific policy; never infer from URL possession,PROPOSED: separate report.execute/report.export permission where applicable,CONFIRMED legacy permission; PROPOSED stable key/scopes
218,read_candidate_documents,candidate_documents,candidate.candidate_documents.read,src/app/Http/Controllers/Admin/VoyagerCandidateDocumentController.php:7,PROPOSED: explicit policy scope required; legacy global scopes/hard-coded roles must be translated,PROPOSED: inherit resource read plus file-specific policy; never infer from URL possession,PROPOSED: separate report.execute/report.export permission where applicable,CONFIRMED legacy permission; PROPOSED stable key/scopes
219,edit_candidate_documents,candidate_documents,candidate.candidate_documents.edit,src/app/Http/Controllers/Admin/VoyagerCandidateDocumentController.php:7,PROPOSED: explicit policy scope required; legacy global scopes/hard-coded roles must be translated,PROPOSED: inherit resource read plus file-specific policy; never infer from URL possession,PROPOSED: separate report.execute/report.export permission where applicable,CONFIRMED legacy permission; PROPOSED stable key/scopes
220,add_candidate_documents,candidate_documents,candidate.candidate_documents.add,src/app/Http/Controllers/Admin/VoyagerCandidateDocumentController.php:7,PROPOSED: explicit policy scope required; legacy global scopes/hard-coded roles must be translated,PROPOSED: inherit resource read plus file-specific policy; never infer from URL possession,PROPOSED: separate report.execute/report.export permission where applicable,CONFIRMED legacy permission; PROPOSED stable key/scopes
221,delete_candidate_documents,candidate_documents,candidate.candidate_documents.delete,src/app/Http/Controllers/Admin/VoyagerCandidateDocumentController.php:7,PROPOSED: explicit policy scope required; legacy global scopes/hard-coded roles must be translated,PROPOSED: inherit resource read plus file-specific policy; never infer from URL possession,PROPOSED: separate report.execute/report.export permission where applicable,CONFIRMED legacy permission; PROPOSED stable key/scopes
222,browse_companiers,companiers,partners.companiers.browse,src/app/Http/Controllers/Admin/VoyagerAjaxController.php:36 | src/app/Http/Controllers/Admin/VoyagerCompanierController.php:35 | src/app/Http/Controllers/Admin/VoyagerMyPanelController.php:847 | src/app/Http/Controllers/Admin/VoyagerReportController.php:461 | src/app/Http/Controllers/Admin/VoyagerTicketInvoiceController.php:8,PROPOSED: explicit policy scope required; legacy global scopes/hard-coded roles must be translated,PROPOSED: inherit resource read plus file-specific policy; never infer from URL possession,PROPOSED: separate report.execute/report.export permission where applicable,CONFIRMED legacy permission; PROPOSED stable key/scopes
223,read_companiers,companiers,partners.companiers.read,src/app/Http/Controllers/Admin/VoyagerAjaxController.php:36 | src/app/Http/Controllers/Admin/VoyagerCompanierController.php:35 | src/app/Http/Controllers/Admin/VoyagerMyPanelController.php:847 | src/app/Http/Controllers/Admin/VoyagerReportController.php:461 | src/app/Http/Controllers/Admin/VoyagerTicketInvoiceController.php:8,PROPOSED: explicit policy scope required; legacy global scopes/hard-coded roles must be translated,PROPOSED: inherit resource read plus file-specific policy; never infer from URL possession,PROPOSED: separate report.execute/report.export permission where applicable,CONFIRMED legacy permission; PROPOSED stable key/scopes
224,edit_companiers,companiers,partners.companiers.edit,src/app/Http/Controllers/Admin/VoyagerAjaxController.php:36 | src/app/Http/Controllers/Admin/VoyagerCompanierController.php:35 | src/app/Http/Controllers/Admin/VoyagerMyPanelController.php:847 | src/app/Http/Controllers/Admin/VoyagerReportController.php:461 | src/app/Http/Controllers/Admin/VoyagerTicketInvoiceController.php:8,PROPOSED: explicit policy scope required; legacy global scopes/hard-coded roles must be translated,PROPOSED: inherit resource read plus file-specific policy; never infer from URL possession,PROPOSED: separate report.execute/report.export permission where applicable,CONFIRMED legacy permission; PROPOSED stable key/scopes
225,add_companiers,companiers,partners.companiers.add,src/app/Http/Controllers/Admin/VoyagerAjaxController.php:36 | src/app/Http/Controllers/Admin/VoyagerCompanierController.php:35 | src/app/Http/Controllers/Admin/VoyagerMyPanelController.php:847 | src/app/Http/Controllers/Admin/VoyagerReportController.php:461 | src/app/Http/Controllers/Admin/VoyagerTicketInvoiceController.php:8,PROPOSED: explicit policy scope required; legacy global scopes/hard-coded roles must be translated,PROPOSED: inherit resource read plus file-specific policy; never infer from URL possession,PROPOSED: separate report.execute/report.export permission where applicable,CONFIRMED legacy permission; PROPOSED stable key/scopes
226,delete_companiers,companiers,partners.companiers.delete,src/app/Http/Controllers/Admin/VoyagerAjaxController.php:36 | src/app/Http/Controllers/Admin/VoyagerCompanierController.php:35 | src/app/Http/Controllers/Admin/VoyagerMyPanelController.php:847 | src/app/Http/Controllers/Admin/VoyagerReportController.php:461 | src/app/Http/Controllers/Admin/VoyagerTicketInvoiceController.php:8,PROPOSED: explicit policy scope required; legacy global scopes/hard-coded roles must be translated,PROPOSED: inherit resource read plus file-specific policy; never infer from URL possession,PROPOSED: separate report.execute/report.export permission where applicable,CONFIRMED legacy permission; PROPOSED stable key/scopes
227,browse_invoices,invoices,finance.invoices.browse,src/app/Http/Controllers/Admin/VoyagerAjaxController.php:94 | src/app/Http/Controllers/Admin/VoyagerInvoiceController.php:6 | src/app/Http/Controllers/Admin/VoyagerInvoiceMoneyReceiptController.php:5 | src/app/Http/Controllers/Admin/VoyagerMyPanelController.php:816 | src/app/Http/Controllers/Admin/VoyagerReportController.php:859 | src/app/Http/Controllers/Admin/VoyagerTicketInvoiceController.php:9 | src/app/Http/Controllers/Admin/VoyagerTicketInvoiceMoneyReceiptController.php:5 | src/routes/admin.php:36,PROPOSED: explicit policy scope required; legacy global scopes/hard-coded roles must be translated,PROPOSED: inherit resource read plus file-specific policy; never infer from URL possession,PROPOSED: separate report.execute/report.export permission where applicable,CONFIRMED legacy permission; PROPOSED stable key/scopes
228,read_invoices,invoices,finance.invoices.read,src/app/Http/Controllers/Admin/VoyagerAjaxController.php:94 | src/app/Http/Controllers/Admin/VoyagerInvoiceController.php:6 | src/app/Http/Controllers/Admin/VoyagerInvoiceMoneyReceiptController.php:5 | src/app/Http/Controllers/Admin/VoyagerMyPanelController.php:816 | src/app/Http/Controllers/Admin/VoyagerReportController.php:859 | src/app/Http/Controllers/Admin/VoyagerTicketInvoiceController.php:9 | src/app/Http/Controllers/Admin/VoyagerTicketInvoiceMoneyReceiptController.php:5 | src/routes/admin.php:36,PROPOSED: explicit policy scope required; legacy global scopes/hard-coded roles must be translated,PROPOSED: inherit resource read plus file-specific policy; never infer from URL possession,PROPOSED: separate report.execute/report.export permission where applicable,CONFIRMED legacy permission; PROPOSED stable key/scopes
229,edit_invoices,invoices,finance.invoices.edit,src/app/Http/Controllers/Admin/VoyagerAjaxController.php:94 | src/app/Http/Controllers/Admin/VoyagerInvoiceController.php:6 | src/app/Http/Controllers/Admin/VoyagerInvoiceMoneyReceiptController.php:5 | src/app/Http/Controllers/Admin/VoyagerMyPanelController.php:816 | src/app/Http/Controllers/Admin/VoyagerReportController.php:859 | src/app/Http/Controllers/Admin/VoyagerTicketInvoiceController.php:9 | src/app/Http/Controllers/Admin/VoyagerTicketInvoiceMoneyReceiptController.php:5 | src/routes/admin.php:36,PROPOSED: explicit policy scope required; legacy global scopes/hard-coded roles must be translated,PROPOSED: inherit resource read plus file-specific policy; never infer from URL possession,PROPOSED: separate report.execute/report.export permission where applicable,CONFIRMED legacy permission; PROPOSED stable key/scopes
230,add_invoices,invoices,finance.invoices.add,src/app/Http/Controllers/Admin/VoyagerAjaxController.php:94 | src/app/Http/Controllers/Admin/VoyagerInvoiceController.php:6 | src/app/Http/Controllers/Admin/VoyagerInvoiceMoneyReceiptController.php:5 | src/app/Http/Controllers/Admin/VoyagerMyPanelController.php:816 | src/app/Http/Controllers/Admin/VoyagerReportController.php:859 | src/app/Http/Controllers/Admin/VoyagerTicketInvoiceController.php:9 | src/app/Http/Controllers/Admin/VoyagerTicketInvoiceMoneyReceiptController.php:5 | src/routes/admin.php:36,PROPOSED: explicit policy scope required; legacy global scopes/hard-coded roles must be translated,PROPOSED: inherit resource read plus file-specific policy; never infer from URL possession,PROPOSED: separate report.execute/report.export permission where applicable,CONFIRMED legacy permission; PROPOSED stable key/scopes
231,delete_invoices,invoices,finance.invoices.delete,src/app/Http/Controllers/Admin/VoyagerAjaxController.php:94 | src/app/Http/Controllers/Admin/VoyagerInvoiceController.php:6 | src/app/Http/Controllers/Admin/VoyagerInvoiceMoneyReceiptController.php:5 | src/app/Http/Controllers/Admin/VoyagerMyPanelController.php:816 | src/app/Http/Controllers/Admin/VoyagerReportController.php:859 | src/app/Http/Controllers/Admin/VoyagerTicketInvoiceController.php:9 | src/app/Http/Controllers/Admin/VoyagerTicketInvoiceMoneyReceiptController.php:5 | src/routes/admin.php:36,PROPOSED: explicit policy scope required; legacy global scopes/hard-coded roles must be translated,PROPOSED: inherit resource read plus file-specific policy; never infer from URL possession,PROPOSED: separate report.execute/report.export permission where applicable,CONFIRMED legacy permission; PROPOSED stable key/scopes
232,browse_invoice_money_receipts,invoice_money_receipts,finance.invoice_money_receipts.browse,src/app/Http/Controllers/Admin/VoyagerInvoiceMoneyReceiptController.php:6 | src/app/Http/Controllers/Admin/VoyagerReportController.php:859 | src/app/Http/Controllers/Admin/VoyagerTicketInvoiceMoneyReceiptController.php:6,PROPOSED: explicit policy scope required; legacy global scopes/hard-coded roles must be translated,PROPOSED: inherit resource read plus file-specific policy; never infer from URL possession,PROPOSED: separate report.execute/report.export permission where applicable,CONFIRMED legacy permission; PROPOSED stable key/scopes
233,read_invoice_money_receipts,invoice_money_receipts,finance.invoice_money_receipts.read,src/app/Http/Controllers/Admin/VoyagerInvoiceMoneyReceiptController.php:6 | src/app/Http/Controllers/Admin/VoyagerReportController.php:859 | src/app/Http/Controllers/Admin/VoyagerTicketInvoiceMoneyReceiptController.php:6,PROPOSED: explicit policy scope required; legacy global scopes/hard-coded roles must be translated,PROPOSED: inherit resource read plus file-specific policy; never infer from URL possession,PROPOSED: separate report.execute/report.export permission where applicable,CONFIRMED legacy permission; PROPOSED stable key/scopes
234,edit_invoice_money_receipts,invoice_money_receipts,finance.invoice_money_receipts.edit,src/app/Http/Controllers/Admin/VoyagerInvoiceMoneyReceiptController.php:6 | src/app/Http/Controllers/Admin/VoyagerReportController.php:859 | src/app/Http/Controllers/Admin/VoyagerTicketInvoiceMoneyReceiptController.php:6,PROPOSED: explicit policy scope required; legacy global scopes/hard-coded roles must be translated,PROPOSED: inherit resource read plus file-specific policy; never infer from URL possession,PROPOSED: separate report.execute/report.export permission where applicable,CONFIRMED legacy permission; PROPOSED stable key/scopes
235,add_invoice_money_receipts,invoice_money_receipts,finance.invoice_money_receipts.add,src/app/Http/Controllers/Admin/VoyagerInvoiceMoneyReceiptController.php:6 | src/app/Http/Controllers/Admin/VoyagerReportController.php:859 | src/app/Http/Controllers/Admin/VoyagerTicketInvoiceMoneyReceiptController.php:6,PROPOSED: explicit policy scope required; legacy global scopes/hard-coded roles must be translated,PROPOSED: inherit resource read plus file-specific policy; never infer from URL possession,PROPOSED: separate report.execute/report.export permission where applicable,CONFIRMED legacy permission; PROPOSED stable key/scopes
236,delete_invoice_money_receipts,invoice_money_receipts,finance.invoice_money_receipts.delete,src/app/Http/Controllers/Admin/VoyagerInvoiceMoneyReceiptController.php:6 | src/app/Http/Controllers/Admin/VoyagerReportController.php:859 | src/app/Http/Controllers/Admin/VoyagerTicketInvoiceMoneyReceiptController.php:6,PROPOSED: explicit policy scope required; legacy global scopes/hard-coded roles must be translated,PROPOSED: inherit resource read plus file-specific policy; never infer from URL possession,PROPOSED: separate report.execute/report.export permission where applicable,CONFIRMED legacy permission; PROPOSED stable key/scopes
237,browse_document_types,document_types,operations.document_types.browse,src/app/Http/Controllers/Admin/VoyagerCandidateDocumentController.php:57,PROPOSED: explicit policy scope required; legacy global scopes/hard-coded roles must be translated,PROPOSED: inherit resource read plus file-specific policy; never infer from URL possession,PROPOSED: separate report.execute/report.export permission where applicable,CONFIRMED legacy permission; PROPOSED stable key/scopes
238,read_document_types,document_types,operations.document_types.read,src/app/Http/Controllers/Admin/VoyagerCandidateDocumentController.php:57,PROPOSED: explicit policy scope required; legacy global scopes/hard-coded roles must be translated,PROPOSED: inherit resource read plus file-specific policy; never infer from URL possession,PROPOSED: separate report.execute/report.export permission where applicable,CONFIRMED legacy permission; PROPOSED stable key/scopes
239,edit_document_types,document_types,operations.document_types.edit,src/app/Http/Controllers/Admin/VoyagerCandidateDocumentController.php:57,PROPOSED: explicit policy scope required; legacy global scopes/hard-coded roles must be translated,PROPOSED: inherit resource read plus file-specific policy; never infer from URL possession,PROPOSED: separate report.execute/report.export permission where applicable,CONFIRMED legacy permission; PROPOSED stable key/scopes
240,add_document_types,document_types,operations.document_types.add,src/app/Http/Controllers/Admin/VoyagerCandidateDocumentController.php:57,PROPOSED: explicit policy scope required; legacy global scopes/hard-coded roles must be translated,PROPOSED: inherit resource read plus file-specific policy; never infer from URL possession,PROPOSED: separate report.execute/report.export permission where applicable,CONFIRMED legacy permission; PROPOSED stable key/scopes
241,delete_document_types,document_types,operations.document_types.delete,src/app/Http/Controllers/Admin/VoyagerCandidateDocumentController.php:57,PROPOSED: explicit policy scope required; legacy global scopes/hard-coded roles must be translated,PROPOSED: inherit resource read plus file-specific policy; never infer from URL possession,PROPOSED: separate report.execute/report.export permission where applicable,CONFIRMED legacy permission; PROPOSED stable key/scopes
242,browse_selected_candidates,selected_candidates,candidate.selected_candidates.browse,UNVERIFIED: Voyager/BREAD dynamic route or no explicit canonical action,PROPOSED: explicit policy scope required; legacy global scopes/hard-coded roles must be translated,PROPOSED: inherit resource read plus file-specific policy; never infer from URL possession,PROPOSED: separate report.execute/report.export permission where applicable,CONFIRMED legacy permission; PROPOSED stable key/scopes
243,read_selected_candidates,selected_candidates,candidate.selected_candidates.read,UNVERIFIED: Voyager/BREAD dynamic route or no explicit canonical action,PROPOSED: explicit policy scope required; legacy global scopes/hard-coded roles must be translated,PROPOSED: inherit resource read plus file-specific policy; never infer from URL possession,PROPOSED: separate report.execute/report.export permission where applicable,CONFIRMED legacy permission; PROPOSED stable key/scopes
244,edit_selected_candidates,selected_candidates,candidate.selected_candidates.edit,UNVERIFIED: Voyager/BREAD dynamic route or no explicit canonical action,PROPOSED: explicit policy scope required; legacy global scopes/hard-coded roles must be translated,PROPOSED: inherit resource read plus file-specific policy; never infer from URL possession,PROPOSED: separate report.execute/report.export permission where applicable,CONFIRMED legacy permission; PROPOSED stable key/scopes
245,add_selected_candidates,selected_candidates,candidate.selected_candidates.add,UNVERIFIED: Voyager/BREAD dynamic route or no explicit canonical action,PROPOSED: explicit policy scope required; legacy global scopes/hard-coded roles must be translated,PROPOSED: inherit resource read plus file-specific policy; never infer from URL possession,PROPOSED: separate report.execute/report.export permission where applicable,CONFIRMED legacy permission; PROPOSED stable key/scopes
246,delete_selected_candidates,selected_candidates,candidate.selected_candidates.delete,UNVERIFIED: Voyager/BREAD dynamic route or no explicit canonical action,PROPOSED: explicit policy scope required; legacy global scopes/hard-coded roles must be translated,PROPOSED: inherit resource read plus file-specific policy; never infer from URL possession,PROPOSED: separate report.execute/report.export permission where applicable,CONFIRMED legacy permission; PROPOSED stable key/scopes
247,browse_positions,positions,operations.positions.browse,UNVERIFIED: Voyager/BREAD dynamic route or no explicit canonical action,PROPOSED: explicit policy scope required; legacy global scopes/hard-coded roles must be translated,PROPOSED: inherit resource read plus file-specific policy; never infer from URL possession,PROPOSED: separate report.execute/report.export permission where applicable,CONFIRMED legacy permission; PROPOSED stable key/scopes
248,read_positions,positions,operations.positions.read,UNVERIFIED: Voyager/BREAD dynamic route or no explicit canonical action,PROPOSED: explicit policy scope required; legacy global scopes/hard-coded roles must be translated,PROPOSED: inherit resource read plus file-specific policy; never infer from URL possession,PROPOSED: separate report.execute/report.export permission where applicable,CONFIRMED legacy permission; PROPOSED stable key/scopes
249,edit_positions,positions,operations.positions.edit,UNVERIFIED: Voyager/BREAD dynamic route or no explicit canonical action,PROPOSED: explicit policy scope required; legacy global scopes/hard-coded roles must be translated,PROPOSED: inherit resource read plus file-specific policy; never infer from URL possession,PROPOSED: separate report.execute/report.export permission where applicable,CONFIRMED legacy permission; PROPOSED stable key/scopes
250,add_positions,positions,operations.positions.add,UNVERIFIED: Voyager/BREAD dynamic route or no explicit canonical action,PROPOSED: explicit policy scope required; legacy global scopes/hard-coded roles must be translated,PROPOSED: inherit resource read plus file-specific policy; never infer from URL possession,PROPOSED: separate report.execute/report.export permission where applicable,CONFIRMED legacy permission; PROPOSED stable key/scopes
251,delete_positions,positions,operations.positions.delete,UNVERIFIED: Voyager/BREAD dynamic route or no explicit canonical action,PROPOSED: explicit policy scope required; legacy global scopes/hard-coded roles must be translated,PROPOSED: inherit resource read plus file-specific policy; never infer from URL possession,PROPOSED: separate report.execute/report.export permission where applicable,CONFIRMED legacy permission; PROPOSED stable key/scopes
252,browse_licenses,licenses,operations.licenses.browse,UNVERIFIED: Voyager/BREAD dynamic route or no explicit canonical action,PROPOSED: explicit policy scope required; legacy global scopes/hard-coded roles must be translated,PROPOSED: inherit resource read plus file-specific policy; never infer from URL possession,PROPOSED: separate report.execute/report.export permission where applicable,CONFIRMED legacy permission; PROPOSED stable key/scopes
253,read_licenses,licenses,operations.licenses.read,UNVERIFIED: Voyager/BREAD dynamic route or no explicit canonical action,PROPOSED: explicit policy scope required; legacy global scopes/hard-coded roles must be translated,PROPOSED: inherit resource read plus file-specific policy; never infer from URL possession,PROPOSED: separate report.execute/report.export permission where applicable,CONFIRMED legacy permission; PROPOSED stable key/scopes
254,edit_licenses,licenses,operations.licenses.edit,UNVERIFIED: Voyager/BREAD dynamic route or no explicit canonical action,PROPOSED: explicit policy scope required; legacy global scopes/hard-coded roles must be translated,PROPOSED: inherit resource read plus file-specific policy; never infer from URL possession,PROPOSED: separate report.execute/report.export permission where applicable,CONFIRMED legacy permission; PROPOSED stable key/scopes
255,add_licenses,licenses,operations.licenses.add,UNVERIFIED: Voyager/BREAD dynamic route or no explicit canonical action,PROPOSED: explicit policy scope required; legacy global scopes/hard-coded roles must be translated,PROPOSED: inherit resource read plus file-specific policy; never infer from URL possession,PROPOSED: separate report.execute/report.export permission where applicable,CONFIRMED legacy permission; PROPOSED stable key/scopes
256,delete_licenses,licenses,operations.licenses.delete,UNVERIFIED: Voyager/BREAD dynamic route or no explicit canonical action,PROPOSED: explicit policy scope required; legacy global scopes/hard-coded roles must be translated,PROPOSED: inherit resource read plus file-specific policy; never infer from URL possession,PROPOSED: separate report.execute/report.export permission where applicable,CONFIRMED legacy permission; PROPOSED stable key/scopes
267,browse_ticket_companies,ticket_companies,operations.ticket_companies.browse,UNVERIFIED: Voyager/BREAD dynamic route or no explicit canonical action,PROPOSED: explicit policy scope required; legacy global scopes/hard-coded roles must be translated,PROPOSED: inherit resource read plus file-specific policy; never infer from URL possession,PROPOSED: separate report.execute/report.export permission where applicable,CONFIRMED legacy permission; PROPOSED stable key/scopes
268,read_ticket_companies,ticket_companies,operations.ticket_companies.read,UNVERIFIED: Voyager/BREAD dynamic route or no explicit canonical action,PROPOSED: explicit policy scope required; legacy global scopes/hard-coded roles must be translated,PROPOSED: inherit resource read plus file-specific policy; never infer from URL possession,PROPOSED: separate report.execute/report.export permission where applicable,CONFIRMED legacy permission; PROPOSED stable key/scopes
269,edit_ticket_companies,ticket_companies,operations.ticket_companies.edit,UNVERIFIED: Voyager/BREAD dynamic route or no explicit canonical action,PROPOSED: explicit policy scope required; legacy global scopes/hard-coded roles must be translated,PROPOSED: inherit resource read plus file-specific policy; never infer from URL possession,PROPOSED: separate report.execute/report.export permission where applicable,CONFIRMED legacy permission; PROPOSED stable key/scopes
270,add_ticket_companies,ticket_companies,operations.ticket_companies.add,UNVERIFIED: Voyager/BREAD dynamic route or no explicit canonical action,PROPOSED: explicit policy scope required; legacy global scopes/hard-coded roles must be translated,PROPOSED: inherit resource read plus file-specific policy; never infer from URL possession,PROPOSED: separate report.execute/report.export permission where applicable,CONFIRMED legacy permission; PROPOSED stable key/scopes
271,delete_ticket_companies,ticket_companies,operations.ticket_companies.delete,UNVERIFIED: Voyager/BREAD dynamic route or no explicit canonical action,PROPOSED: explicit policy scope required; legacy global scopes/hard-coded roles must be translated,PROPOSED: inherit resource read plus file-specific policy; never infer from URL possession,PROPOSED: separate report.execute/report.export permission where applicable,CONFIRMED legacy permission; PROPOSED stable key/scopes
272,browse_ticket_invoices,ticket_invoices,finance.ticket_invoices.browse,src/app/Http/Controllers/Admin/VoyagerReportController.php:830 | src/app/Http/Controllers/Admin/VoyagerTicketInvoiceController.php:12 | src/app/Http/Controllers/Admin/VoyagerTicketInvoiceMoneyReceiptController.php:5,PROPOSED: explicit policy scope required; legacy global scopes/hard-coded roles must be translated,PROPOSED: inherit resource read plus file-specific policy; never infer from URL possession,PROPOSED: separate report.execute/report.export permission where applicable,CONFIRMED legacy permission; PROPOSED stable key/scopes
273,read_ticket_invoices,ticket_invoices,finance.ticket_invoices.read,src/app/Http/Controllers/Admin/VoyagerReportController.php:830 | src/app/Http/Controllers/Admin/VoyagerTicketInvoiceController.php:12 | src/app/Http/Controllers/Admin/VoyagerTicketInvoiceMoneyReceiptController.php:5,PROPOSED: explicit policy scope required; legacy global scopes/hard-coded roles must be translated,PROPOSED: inherit resource read plus file-specific policy; never infer from URL possession,PROPOSED: separate report.execute/report.export permission where applicable,CONFIRMED legacy permission; PROPOSED stable key/scopes
274,edit_ticket_invoices,ticket_invoices,finance.ticket_invoices.edit,src/app/Http/Controllers/Admin/VoyagerReportController.php:830 | src/app/Http/Controllers/Admin/VoyagerTicketInvoiceController.php:12 | src/app/Http/Controllers/Admin/VoyagerTicketInvoiceMoneyReceiptController.php:5,PROPOSED: explicit policy scope required; legacy global scopes/hard-coded roles must be translated,PROPOSED: inherit resource read plus file-specific policy; never infer from URL possession,PROPOSED: separate report.execute/report.export permission where applicable,CONFIRMED legacy permission; PROPOSED stable key/scopes
275,add_ticket_invoices,ticket_invoices,finance.ticket_invoices.add,src/app/Http/Controllers/Admin/VoyagerReportController.php:830 | src/app/Http/Controllers/Admin/VoyagerTicketInvoiceController.php:12 | src/app/Http/Controllers/Admin/VoyagerTicketInvoiceMoneyReceiptController.php:5,PROPOSED: explicit policy scope required; legacy global scopes/hard-coded roles must be translated,PROPOSED: inherit resource read plus file-specific policy; never infer from URL possession,PROPOSED: separate report.execute/report.export permission where applicable,CONFIRMED legacy permission; PROPOSED stable key/scopes
276,delete_ticket_invoices,ticket_invoices,finance.ticket_invoices.delete,src/app/Http/Controllers/Admin/VoyagerReportController.php:830 | src/app/Http/Controllers/Admin/VoyagerTicketInvoiceController.php:12 | src/app/Http/Controllers/Admin/VoyagerTicketInvoiceMoneyReceiptController.php:5,PROPOSED: explicit policy scope required; legacy global scopes/hard-coded roles must be translated,PROPOSED: inherit resource read plus file-specific policy; never infer from URL possession,PROPOSED: separate report.execute/report.export permission where applicable,CONFIRMED legacy permission; PROPOSED stable key/scopes
277,browse_ticket_invoice_money_receipts,ticket_invoice_money_receipts,finance.ticket_invoice_money_receipts.browse,src/app/Http/Controllers/Admin/VoyagerReportController.php:860 | src/app/Http/Controllers/Admin/VoyagerTicketInvoiceMoneyReceiptController.php:6,PROPOSED: explicit policy scope required; legacy global scopes/hard-coded roles must be translated,PROPOSED: inherit resource read plus file-specific policy; never infer from URL possession,PROPOSED: separate report.execute/report.export permission where applicable,CONFIRMED legacy permission; PROPOSED stable key/scopes
278,read_ticket_invoice_money_receipts,ticket_invoice_money_receipts,finance.ticket_invoice_money_receipts.read,src/app/Http/Controllers/Admin/VoyagerReportController.php:860 | src/app/Http/Controllers/Admin/VoyagerTicketInvoiceMoneyReceiptController.php:6,PROPOSED: explicit policy scope required; legacy global scopes/hard-coded roles must be translated,PROPOSED: inherit resource read plus file-specific policy; never infer from URL possession,PROPOSED: separate report.execute/report.export permission where applicable,CONFIRMED legacy permission; PROPOSED stable key/scopes
279,edit_ticket_invoice_money_receipts,ticket_invoice_money_receipts,finance.ticket_invoice_money_receipts.edit,src/app/Http/Controllers/Admin/VoyagerReportController.php:860 | src/app/Http/Controllers/Admin/VoyagerTicketInvoiceMoneyReceiptController.php:6,PROPOSED: explicit policy scope required; legacy global scopes/hard-coded roles must be translated,PROPOSED: inherit resource read plus file-specific policy; never infer from URL possession,PROPOSED: separate report.execute/report.export permission where applicable,CONFIRMED legacy permission; PROPOSED stable key/scopes
280,add_ticket_invoice_money_receipts,ticket_invoice_money_receipts,finance.ticket_invoice_money_receipts.add,src/app/Http/Controllers/Admin/VoyagerReportController.php:860 | src/app/Http/Controllers/Admin/VoyagerTicketInvoiceMoneyReceiptController.php:6,PROPOSED: explicit policy scope required; legacy global scopes/hard-coded roles must be translated,PROPOSED: inherit resource read plus file-specific policy; never infer from URL possession,PROPOSED: separate report.execute/report.export permission where applicable,CONFIRMED legacy permission; PROPOSED stable key/scopes
281,delete_ticket_invoice_money_receipts,ticket_invoice_money_receipts,finance.ticket_invoice_money_receipts.delete,src/app/Http/Controllers/Admin/VoyagerReportController.php:860 | src/app/Http/Controllers/Admin/VoyagerTicketInvoiceMoneyReceiptController.php:6,PROPOSED: explicit policy scope required; legacy global scopes/hard-coded roles must be translated,PROPOSED: inherit resource read plus file-specific policy; never infer from URL possession,PROPOSED: separate report.execute/report.export permission where applicable,CONFIRMED legacy permission; PROPOSED stable key/scopes
282,browse_sub_agents,sub_agents,operations.sub_agents.browse,src/app/Http/Controllers/Admin/VoyagerAjaxController.php:13 | src/app/Http/Controllers/Admin/VoyagerCandidateDocumentController.php:94 | src/app/Http/Controllers/Admin/VoyagerCandidatesController.php:11 | src/app/Http/Controllers/Admin/VoyagerMyPanelController.php:22 | src/app/Http/Controllers/Admin/VoyagerPaymentRequestController.php:98 | src/app/Http/Controllers/Admin/VoyagerSubAgentController.php:8 | src/app/Http/Controllers/Admin/VoyagerSubAgentPaymentRequestController.php:7,PROPOSED: explicit policy scope required; legacy global scopes/hard-coded roles must be translated,PROPOSED: inherit resource read plus file-specific policy; never infer from URL possession,PROPOSED: separate report.execute/report.export permission where applicable,CONFIRMED legacy permission; PROPOSED stable key/scopes
283,read_sub_agents,sub_agents,operations.sub_agents.read,src/app/Http/Controllers/Admin/VoyagerAjaxController.php:13 | src/app/Http/Controllers/Admin/VoyagerCandidateDocumentController.php:94 | src/app/Http/Controllers/Admin/VoyagerCandidatesController.php:11 | src/app/Http/Controllers/Admin/VoyagerMyPanelController.php:22 | src/app/Http/Controllers/Admin/VoyagerPaymentRequestController.php:98 | src/app/Http/Controllers/Admin/VoyagerSubAgentController.php:8 | src/app/Http/Controllers/Admin/VoyagerSubAgentPaymentRequestController.php:7,PROPOSED: explicit policy scope required; legacy global scopes/hard-coded roles must be translated,PROPOSED: inherit resource read plus file-specific policy; never infer from URL possession,PROPOSED: separate report.execute/report.export permission where applicable,CONFIRMED legacy permission; PROPOSED stable key/scopes
284,edit_sub_agents,sub_agents,operations.sub_agents.edit,src/app/Http/Controllers/Admin/VoyagerAjaxController.php:13 | src/app/Http/Controllers/Admin/VoyagerCandidateDocumentController.php:94 | src/app/Http/Controllers/Admin/VoyagerCandidatesController.php:11 | src/app/Http/Controllers/Admin/VoyagerMyPanelController.php:22 | src/app/Http/Controllers/Admin/VoyagerPaymentRequestController.php:98 | src/app/Http/Controllers/Admin/VoyagerSubAgentController.php:8 | src/app/Http/Controllers/Admin/VoyagerSubAgentPaymentRequestController.php:7,PROPOSED: explicit policy scope required; legacy global scopes/hard-coded roles must be translated,PROPOSED: inherit resource read plus file-specific policy; never infer from URL possession,PROPOSED: separate report.execute/report.export permission where applicable,CONFIRMED legacy permission; PROPOSED stable key/scopes
285,add_sub_agents,sub_agents,operations.sub_agents.add,src/app/Http/Controllers/Admin/VoyagerAjaxController.php:13 | src/app/Http/Controllers/Admin/VoyagerCandidateDocumentController.php:94 | src/app/Http/Controllers/Admin/VoyagerCandidatesController.php:11 | src/app/Http/Controllers/Admin/VoyagerMyPanelController.php:22 | src/app/Http/Controllers/Admin/VoyagerPaymentRequestController.php:98 | src/app/Http/Controllers/Admin/VoyagerSubAgentController.php:8 | src/app/Http/Controllers/Admin/VoyagerSubAgentPaymentRequestController.php:7,PROPOSED: explicit policy scope required; legacy global scopes/hard-coded roles must be translated,PROPOSED: inherit resource read plus file-specific policy; never infer from URL possession,PROPOSED: separate report.execute/report.export permission where applicable,CONFIRMED legacy permission; PROPOSED stable key/scopes
286,delete_sub_agents,sub_agents,operations.sub_agents.delete,src/app/Http/Controllers/Admin/VoyagerAjaxController.php:13 | src/app/Http/Controllers/Admin/VoyagerCandidateDocumentController.php:94 | src/app/Http/Controllers/Admin/VoyagerCandidatesController.php:11 | src/app/Http/Controllers/Admin/VoyagerMyPanelController.php:22 | src/app/Http/Controllers/Admin/VoyagerPaymentRequestController.php:98 | src/app/Http/Controllers/Admin/VoyagerSubAgentController.php:8 | src/app/Http/Controllers/Admin/VoyagerSubAgentPaymentRequestController.php:7,PROPOSED: explicit policy scope required; legacy global scopes/hard-coded roles must be translated,PROPOSED: inherit resource read plus file-specific policy; never infer from URL possession,PROPOSED: separate report.execute/report.export permission where applicable,CONFIRMED legacy permission; PROPOSED stable key/scopes
287,browse_sub_agent_payment_requests,sub_agent_payment_requests,finance.sub_agent_payment_requests.browse,src/app/Http/Controllers/Admin/VoyagerAjaxController.php:12 | src/app/Http/Controllers/Admin/VoyagerMyPanelController.php:19 | src/app/Http/Controllers/Admin/VoyagerSubAgentPaymentRequestController.php:8,PROPOSED: explicit policy scope required; legacy global scopes/hard-coded roles must be translated,PROPOSED: inherit resource read plus file-specific policy; never infer from URL possession,PROPOSED: separate report.execute/report.export permission where applicable,CONFIRMED legacy permission; PROPOSED stable key/scopes
288,read_sub_agent_payment_requests,sub_agent_payment_requests,finance.sub_agent_payment_requests.read,src/app/Http/Controllers/Admin/VoyagerAjaxController.php:12 | src/app/Http/Controllers/Admin/VoyagerMyPanelController.php:19 | src/app/Http/Controllers/Admin/VoyagerSubAgentPaymentRequestController.php:8,PROPOSED: explicit policy scope required; legacy global scopes/hard-coded roles must be translated,PROPOSED: inherit resource read plus file-specific policy; never infer from URL possession,PROPOSED: separate report.execute/report.export permission where applicable,CONFIRMED legacy permission; PROPOSED stable key/scopes
289,edit_sub_agent_payment_requests,sub_agent_payment_requests,finance.sub_agent_payment_requests.edit,src/app/Http/Controllers/Admin/VoyagerAjaxController.php:12 | src/app/Http/Controllers/Admin/VoyagerMyPanelController.php:19 | src/app/Http/Controllers/Admin/VoyagerSubAgentPaymentRequestController.php:8,PROPOSED: explicit policy scope required; legacy global scopes/hard-coded roles must be translated,PROPOSED: inherit resource read plus file-specific policy; never infer from URL possession,PROPOSED: separate report.execute/report.export permission where applicable,CONFIRMED legacy permission; PROPOSED stable key/scopes
290,add_sub_agent_payment_requests,sub_agent_payment_requests,finance.sub_agent_payment_requests.add,src/app/Http/Controllers/Admin/VoyagerAjaxController.php:12 | src/app/Http/Controllers/Admin/VoyagerMyPanelController.php:19 | src/app/Http/Controllers/Admin/VoyagerSubAgentPaymentRequestController.php:8,PROPOSED: explicit policy scope required; legacy global scopes/hard-coded roles must be translated,PROPOSED: inherit resource read plus file-specific policy; never infer from URL possession,PROPOSED: separate report.execute/report.export permission where applicable,CONFIRMED legacy permission; PROPOSED stable key/scopes
291,delete_sub_agent_payment_requests,sub_agent_payment_requests,finance.sub_agent_payment_requests.delete,src/app/Http/Controllers/Admin/VoyagerAjaxController.php:12 | src/app/Http/Controllers/Admin/VoyagerMyPanelController.php:19 | src/app/Http/Controllers/Admin/VoyagerSubAgentPaymentRequestController.php:8,PROPOSED: explicit policy scope required; legacy global scopes/hard-coded roles must be translated,PROPOSED: inherit resource read plus file-specific policy; never infer from URL possession,PROPOSED: separate report.execute/report.export permission where applicable,CONFIRMED legacy permission; PROPOSED stable key/scopes
