source_table,purpose,insert_row_count,primary_key,indexes,declared_fks,logical_relationships,model_refs,controller_refs,service_helper_refs,report_refs,sensitive_fields,status_fields,duplicate_legacy_evidence,target_table,target_module,decision,legacy_id_mapping,validation_rule,migration_risk
agenciers,Master records for overseas employment agencies/account principals.,13,id,[],[],country_id->countries.id [INFERRED],src/app/Models/Agencier.php:8 | src/app/Models/Candidate.php:29 | src/app/Models/Invoice.php:12 | src/app/Models/TicketInvoice.php:10,src/app/Http/Controllers/Admin/VoyagerAgencierController.php:35 | src/app/Http/Controllers/Admin/VoyagerAjaxController.php:35 | src/app/Http/Controllers/Admin/VoyagerInvoiceController.php:8 | src/app/Http/Controllers/Admin/VoyagerMyPanelController.php:847 | src/app/Http/Controllers/Admin/VoyagerReportController.php:461 | src/app/Http/Controllers/Admin/VoyagerTicketInvoiceController.php:5,src/app/Helpers/CommonClass.php:5,selected-candidate-report: src/app/Http/Controllers/Admin/VoyagerReportController.php::selectedCandidateReport; src/resources/views/vendor/voyager/reports/print/selected-candidate-report.blade.php | flight-report: src/app/Http/Controllers/Admin/VoyagerReportController.php::flightReport; src/resources/views/vendor/voyager/reports/print/flight-report.blade.php | employee-report: src/app/Http/Controllers/Admin/VoyagerReportController.php::employerReport; src/resources/views/vendor/voyager/reports/print/employer-report.blade.php | exam-report: src/app/Http/Controllers/Admin/VoyagerReportController.php::examReport; src/resources/views/vendor/voyager/reports/print/exam-report.blade.php | flight-schedule: src/app/Http/Controllers/Admin/VoyagerReportController.php::flightSchedule; src/resources/views/vendor/voyager/reports/print/flight-schedule.blade.php | candidate-resume-report: src/app/Http/Controllers/Admin/VoyagerReportController.php::candidateResumeReport; src/resources/views/vendor/voyager/reports/print/candidate-resume-report.blade.php | candidate-list-report: src/app/Http/Controllers/Admin/VoyagerReportController.php::candidateListReport; src/resources/views/vendor/voyager/reports/print/candidate-list-report.blade.php | tickets-report: src/app/Http/Controllers/Admin/VoyagerReportController.php::ticketsReport; src/resources/views/vendor/voyager/reports/print/tickets-report.blade.php | money-receipt-report: src/app/Http/Controllers/Admin/VoyagerReportController.php::moneyReceiptReport; src/resources/views/vendor/voyager/reports/print/money-receipt-report.blade.php,"name,email,mobile,address,balance,owner_name,owner_mobile,owner_email,signature,bank_account_name,bank_account_no,bank_name,bank_branch_name,bank_iban_no,bank_swift_no",status,Near-name collision but materially different columns/ownership; do not merge without business keys.,partners.agencies,partners,KEEP,"legacy_key_map(source_system='manpower_mysql',source_table,source_id)->target_type,target_id; unique on source triplet",source INSERT tuples=13; reconcile target lineage count and PK uniqueness; compare deterministic field hashes excluding approved transforms,HIGH
agencies,Candidate-specific agency name/address snapshots; not the agencier master.,265,id,[],[],candidate_id->candidates.id [INFERRED],src/app/Models/Agency.php:8,UNVERIFIED: no canonical controller reference found,UNVERIFIED: no canonical service/helper reference found,UNVERIFIED: definitive active report catalog contains no query/view reference to this table,"name,address",none,Near-name collision but materially different columns/ownership; do not merge without business keys.,candidate.agency_snapshots,candidate,KEEP,"legacy_key_map(source_system='manpower_mysql',source_table,source_id)->target_type,target_id; unique on source triplet",source INSERT tuples=265; reconcile target lineage count and PK uniqueness; compare deterministic field hashes excluding approved transforms,HIGH
agents,Legacy records for agents; business semantics beyond schema/source references are UNVERIFIED.,40,id,[],[],UNVERIFIED: no safe relationship inferred,src/app/Models/Agent.php:8 | src/app/Models/Candidate.php:23 | src/app/Models/PaymentRequest.php:13,src/app/Http/Controllers/AgentController.php:13 | src/app/Http/Controllers/Admin/VoyagerAgentController.php:7 | src/app/Http/Controllers/Admin/VoyagerAjaxController.php:6 | src/app/Http/Controllers/Admin/VoyagerAnnouncementsController.php:6 | src/app/Http/Controllers/Admin/VoyagerCandidateDocumentController.php:91 | src/app/Http/Controllers/Admin/VoyagerCandidatesController.php:7 | src/app/Http/Controllers/Admin/VoyagerMyPanelController.php:6 | src/app/Http/Controllers/Admin/VoyagerNotificationsController.php:6 | src/app/Http/Controllers/Admin/VoyagerPaymentController.php:6 | src/app/Http/Controllers/Admin/VoyagerPaymentRequestController.php:95 | src/app/Http/Controllers/Admin/VoyagerProfileController.php:31 | src/app/Http/Controllers/Admin/VoyagerReportController.php:5 | src/app/Http/Controllers/Admin/VoyagerSubAgentController.php:7 | src/app/Http/Controllers/Admin/VoyagerSubAgentPaymentRequestController.php:97 | src/app/Http/Controllers/Admin/VoyagerTicketInvoiceController.php:6 | src/app/Http/Controllers/Admin/VoyagerUserController.php:53,src/app/Helpers/CommonClass.php:6,agent-ledger: src/app/Http/Controllers/Admin/VoyagerReportController.php::agentLedger; src/resources/views/vendor/voyager/reports/print/agent-ledger.blade.php | agent-report: src/app/Http/Controllers/Admin/VoyagerReportController.php::agentReport; src/resources/views/vendor/voyager/reports/print/agent-report.blade.php | selected-candidate-report: src/app/Http/Controllers/Admin/VoyagerReportController.php::selectedCandidateReport; src/resources/views/vendor/voyager/reports/print/selected-candidate-report.blade.php | flight-report: src/app/Http/Controllers/Admin/VoyagerReportController.php::flightReport; src/resources/views/vendor/voyager/reports/print/flight-report.blade.php | employee-report: src/app/Http/Controllers/Admin/VoyagerReportController.php::employerReport; src/resources/views/vendor/voyager/reports/print/employer-report.blade.php | exam-report: src/app/Http/Controllers/Admin/VoyagerReportController.php::examReport; src/resources/views/vendor/voyager/reports/print/exam-report.blade.php | flight-schedule: src/app/Http/Controllers/Admin/VoyagerReportController.php::flightSchedule; src/resources/views/vendor/voyager/reports/print/flight-schedule.blade.php | candidate-resume-report: src/app/Http/Controllers/Admin/VoyagerReportController.php::candidateResumeReport; src/resources/views/vendor/voyager/reports/print/candidate-resume-report.blade.php | candidate-list-report: src/app/Http/Controllers/Admin/VoyagerReportController.php::candidateListReport; src/resources/views/vendor/voyager/reports/print/candidate-list-report.blade.php,"name,email,secondary_email,mobile,secondary_mobile,emergency_mobile,bid,bid_file_path,nid,nid_file_path,passport_no,passport_issue_date,passport_expire_date,passport_file_path,dob,full_photo_file_path,half_photo_file_path,father_name,mother_name,present_address_house,present_address_road,present_address_village,present_address_post,present_address_thana_id,present_address_district_id,present_address_division_id,permanent_address_house,permanent_address_road,permanent_address_village,permanent_address_post,permanent_address_thana_id,permanent_address_district_id,permanent_address_division_id,balance,cv_file_path",status,None evidenced by name/schema alone.,operations.agents,operations,KEEP,"legacy_key_map(source_system='manpower_mysql',source_table,source_id)->target_type,target_id; unique on source triplet",source INSERT tuples=40; reconcile target lineage count and PK uniqueness; compare deterministic field hashes excluding approved transforms,HIGH
announcement_class_groups,Legacy records for announcement class groups; business semantics beyond schema/source references are UNVERIFIED.,3060,id,[],[],announcement_id->announcements.id [INFERRED] | class_group_id->class_groups.id [INFERRED],src/app/Models/AnnouncementClassGroup.php:8,UNVERIFIED: no canonical controller reference found,UNVERIFIED: no canonical service/helper reference found,UNVERIFIED: definitive active report catalog contains no query/view reference to this table,none identified by field-name heuristic,none,None evidenced by name/schema alone.,operations.announcement_class_groups,operations,KEEP,"legacy_key_map(source_system='manpower_mysql',source_table,source_id)->target_type,target_id; unique on source triplet",source INSERT tuples=3060; reconcile target lineage count and PK uniqueness; compare deterministic field hashes excluding approved transforms,MEDIUM
announcements,Legacy records for announcements; business semantics beyond schema/source references are UNVERIFIED.,832,id,[],[],group_id->class_groups.id [INFERRED],src/app/Models/Announcement.php:8,UNVERIFIED: no canonical controller reference found,UNVERIFIED: no canonical service/helper reference found,UNVERIFIED: definitive active report catalog contains no query/view reference to this table,file_path,status,None evidenced by name/schema alone.,operations.announcements,operations,KEEP,"legacy_key_map(source_system='manpower_mysql',source_table,source_id)->target_type,target_id; unique on source triplet",source INSERT tuples=832; reconcile target lineage count and PK uniqueness; compare deterministic field hashes excluding approved transforms,HIGH
arcs,Legacy records for arcs; business semantics beyond schema/source references are UNVERIFIED.,632,id,[],[],candidate_id->candidates.id [INFERRED],src/app/Models/Arc.php:8,src/app/Http/Controllers/Admin/VoyagerReportController.php:778,src/app/Helpers/CommonClass.php:8,arc-report: src/app/Http/Controllers/Admin/VoyagerReportController.php::arcReport; src/resources/views/vendor/voyager/reports/print/arc-report.blade.php,acr_file_path,"is_lifetime,status",None evidenced by name/schema alone.,candidate.arcs,candidate,KEEP,"legacy_key_map(source_system='manpower_mysql',source_table,source_id)->target_type,target_id; unique on source triplet",source INSERT tuples=632; reconcile target lineage count and PK uniqueness; compare deterministic field hashes excluding approved transforms,HIGH
attribute_list,Legacy records for attribute list; business semantics beyond schema/source references are UNVERIFIED.,0,id,[],[],user_id->users.id [INFERRED],src/app/Models/AttributeList.php:8,src/app/Http/Controllers/PageController.php:6 | src/app/Http/Controllers/Admin/VoyagerMyPanelController.php:7,UNVERIFIED: no canonical service/helper reference found,UNVERIFIED: definitive active report catalog contains no query/view reference to this table,attribute_name,none,None evidenced by name/schema alone.,operations.attribute_list,operations,KEEP,"legacy_key_map(source_system='manpower_mysql',source_table,source_id)->target_type,target_id; unique on source triplet",source INSERT tuples=0; reconcile target lineage count and PK uniqueness; compare deterministic field hashes excluding approved transforms,HIGH
candidate_documents,Legacy records for candidate documents; business semantics beyond schema/source references are UNVERIFIED.,1195,id,[],[],candidate_id->candidates.id [INFERRED] | document_type_id->document_types.id [INFERRED],src/app/Models/CandidateDocument.php:8,src/app/Http/Controllers/Admin/VoyagerCandidateDocumentController.php:7,UNVERIFIED: no canonical service/helper reference found,UNVERIFIED: definitive active report catalog contains no query/view reference to this table,file_path,status,None evidenced by name/schema alone.,candidate.candidate_documents,candidate,KEEP,"legacy_key_map(source_system='manpower_mysql',source_table,source_id)->target_type,target_id; unique on source triplet",source INSERT tuples=1195; reconcile target lineage count and PK uniqueness; compare deterministic field hashes excluding approved transforms,HIGH
candidates,Central candidate entity. All 79 source columns preserved as-is. No physical split permitted in initial migration. Future normalization is a separate approved change.,1679,id,"[{""kind"":""INDEX"",""name"":""idx_created_at"",""columns"":[""created_at""]},{""kind"":""INDEX"",""name"":""idx_agency_id"",""columns"":[""agent_id""]},{""kind"":""INDEX"",""name"":""idx_class_group_id"",""columns"":[""class_group_id""]},{""kind"":""INDEX"",""name"":""idx_companier_id"",""columns"":[""companier_id""]},{""kind"":""INDEX"",""name"":""idx_agencier_id"",""columns"":[""agencier_id""]},{""kind"":""INDEX"",""name"":""idx_candidates_replaced_by"",""columns"":[""replaced_by_candidate_id""]}]","[{""name"":""fk_candidates_replaced_by"",""columns"":[""replaced_by_candidate_id""],""ref_table"":""candidates"",""ref_columns"":[""id""],""actions"":""ON DELETE SET NULL""}]",replaced_by_candidate_id->candidates.id [CONFIRMED] | agent_id->agents.id [INFERRED] | class_group_id->class_groups.id [INFERRED] | companier_id->companiers.id [INFERRED] | agencier_id->agenciers.id [INFERRED] | position_id->positions.id [INFERRED] | sub_agent_id->sub_agents.id [INFERRED] | country_id->countries.id [INFERRED],src/app/Models/Arc.php:10 | src/app/Models/Candidate.php:10 | src/app/Models/ClassGroup.php:24 | src/app/Models/Companier.php:21 | src/app/Models/ExamResult.php:10 | src/app/Models/Invoice.php:28 | src/app/Models/PaymentRequest.php:10 | src/app/Models/PoliceClearance.php:10 | src/app/Models/SelectedCandidate.php:10 | src/app/Models/SubAgentPaymentRequest.php:10 | src/app/Models/TicketInvoice.php:10 | src/app/Models/TicketInvoiceLine.php:11 | src/app/Models/VisaImmigration.php:10,src/app/Http/Controllers/ApiController.php:6 | src/app/Http/Controllers/PageController.php:7 | src/app/Http/Controllers/Admin/VoyagerAgentController.php:8 | src/app/Http/Controllers/Admin/VoyagerAjaxController.php:7 | src/app/Http/Controllers/Admin/VoyagerAnnouncementsController.php:7 | src/app/Http/Controllers/Admin/VoyagerCandidateDocumentController.php:6 | src/app/Http/Controllers/Admin/VoyagerCandidatesController.php:8 | src/app/Http/Controllers/Admin/VoyagerExamController.php:6 | src/app/Http/Controllers/Admin/VoyagerExamResultController.php:6 | src/app/Http/Controllers/Admin/VoyagerInvoiceController.php:5 | src/app/Http/Controllers/Admin/VoyagerLicenseController.php:5 | src/app/Http/Controllers/Admin/VoyagerMyPanelController.php:8 | src/app/Http/Controllers/Admin/VoyagerNotificationsController.php:7 | src/app/Http/Controllers/Admin/VoyagerPaymentController.php:7 | src/app/Http/Controllers/Admin/VoyagerPaymentRequestController.php:6 | src/app/Http/Controllers/Admin/VoyagerReportController.php:6 | src/app/Http/Controllers/Admin/VoyagerSubAgentController.php:9 | src/app/Http/Controllers/Admin/VoyagerSubAgentPaymentRequestController.php:6 | src/app/Http/Controllers/Admin/VoyagerTicketInvoiceController.php:7 | src/app/Http/Controllers/Admin/VoyagerUserController.php:56,src/app/Helpers/CommonClass.php:9,agent-report: src/app/Http/Controllers/Admin/VoyagerReportController.php::agentReport; src/resources/views/vendor/voyager/reports/print/agent-report.blade.php | selected-candidate-report: src/app/Http/Controllers/Admin/VoyagerReportController.php::selectedCandidateReport; src/resources/views/vendor/voyager/reports/print/selected-candidate-report.blade.php | flight-report: src/app/Http/Controllers/Admin/VoyagerReportController.php::flightReport; src/resources/views/vendor/voyager/reports/print/flight-report.blade.php | employee-report: src/app/Http/Controllers/Admin/VoyagerReportController.php::employerReport; src/resources/views/vendor/voyager/reports/print/employer-report.blade.php | exam-report: src/app/Http/Controllers/Admin/VoyagerReportController.php::examReport; src/resources/views/vendor/voyager/reports/print/exam-report.blade.php | flight-schedule: src/app/Http/Controllers/Admin/VoyagerReportController.php::flightSchedule; src/resources/views/vendor/voyager/reports/print/flight-schedule.blade.php | exam-result-sheet: src/app/Http/Controllers/Admin/VoyagerReportController.php::examResultSheet; src/resources/views/vendor/voyager/reports/print/exam-result-sheet.blade.php | candidate-resume-report: src/app/Http/Controllers/Admin/VoyagerReportController.php::candidateResumeReport; src/resources/views/vendor/voyager/reports/print/candidate-resume-report.blade.php | candidate-list-report: src/app/Http/Controllers/Admin/VoyagerReportController.php::candidateListReport; src/resources/views/vendor/voyager/reports/print/candidate-list-report.blade.php | police-clearance-report: src/app/Http/Controllers/Admin/VoyagerReportController.php::policeClearanceReport; src/resources/views/vendor/voyager/reports/print/police-clearance-report.blade.php | arc-report: src/app/Http/Controllers/Admin/VoyagerReportController.php::arcReport; src/resources/views/vendor/voyager/reports/print/arc-report.blade.php | visa-report: src/app/Http/Controllers/Admin/VoyagerReportController.php::visaReport; src/resources/views/vendor/voyager/reports/print/visa-report.blade.php | tickets-report: src/app/Http/Controllers/Admin/VoyagerReportController.php::ticketsReport; src/resources/views/vendor/voyager/reports/print/tickets-report.blade.php,"name,email,secondary_email,mobile,secondary_mobile,emergency_mobile,bid,bid_file_path,nid,nid_file_path,passport_no,passport_issue_date,passport_expire_date,passport_file_path,dob,full_photo_file_path,half_photo_file_path,father_name,mother_name,present_address_house,present_address_road,present_address_village,present_address_post,present_address_thana_id,present_address_district_id,present_address_division_id,permanent_address_house,permanent_address_road,permanent_address_village,permanent_address_post,permanent_address_thana_id,permanent_address_district_id,permanent_address_division_id,balance,cv_file_path,remarks,replacement_remarks,skill_certificate_file_path,stamp_file_path","status,marital_status,company_status",None evidenced by name/schema alone.,candidate.candidates,candidate,KEEP,"legacy_key_map(source_system='manpower_mysql',source_table,source_id)->target_type,target_id; unique on source triplet",source INSERT tuples=1679; reconcile target lineage count and PK uniqueness; compare deterministic field hashes excluding approved transforms,HIGH
categories,Legacy records for categories; business semantics beyond schema/source references are UNVERIFIED.,2,id,"[{""kind"":""UNIQUE"",""name"":""categories_slug_unique"",""columns"":[""slug""]},{""kind"":""INDEX"",""name"":""categories_parent_id_foreign"",""columns"":[""parent_id""]}]","[{""name"":""categories_parent_id_foreign"",""columns"":[""parent_id""],""ref_table"":""categories"",""ref_columns"":[""id""],""actions"":""ON DELETE SET NULL ON UPDATE CASCADE""}]",parent_id->categories.id [CONFIRMED],UNVERIFIED: no canonical model maps to this table by explicit $table or Laravel naming convention,src/app/Http/Controllers/Admin/VoyagerDatabaseController.php:74,UNVERIFIED: no canonical service/helper reference found,UNVERIFIED: definitive active report catalog contains no query/view reference to this table,name,none,None evidenced by name/schema alone.,legacy_platform.categories,legacy_platform,IGNORE,"legacy_key_map(source_system='manpower_mysql',source_table,source_id)->target_type,target_id; unique on source triplet",source INSERT tuples=2; reconcile target lineage count and PK uniqueness; compare deterministic field hashes excluding approved transforms,HIGH
class_groups,Legacy records for class groups; business semantics beyond schema/source references are UNVERIFIED.,63,id,[],[],UNVERIFIED: no safe relationship inferred,src/app/Models/Candidate.php:20 | src/app/Models/ClassGroup.php:8 | src/app/Models/ClassSchedule.php:10 | src/app/Models/Exam.php:10 | src/app/Models/ExamResult.php:25 | src/app/Models/SelectedCandidate.php:10,src/app/Http/Controllers/ApiController.php:37 | src/app/Http/Controllers/PageController.php:8 | src/app/Http/Controllers/Admin/VoyagerAjaxController.php:31 | src/app/Http/Controllers/Admin/VoyagerCandidatesController.php:9 | src/app/Http/Controllers/Admin/VoyagerExamResultController.php:7 | src/app/Http/Controllers/Admin/VoyagerMyPanelController.php:847 | src/app/Http/Controllers/Admin/VoyagerReportController.php:440 | src/app/Http/Controllers/Admin/VoyagerTicketInvoiceController.php:243,src/app/Helpers/CommonClass.php:564,agent-report: src/app/Http/Controllers/Admin/VoyagerReportController.php::agentReport; src/resources/views/vendor/voyager/reports/print/agent-report.blade.php | employee-report: src/app/Http/Controllers/Admin/VoyagerReportController.php::employerReport; src/resources/views/vendor/voyager/reports/print/employer-report.blade.php | teacher-schedule: src/app/Http/Controllers/Admin/VoyagerReportController.php::teacherSchedule; src/resources/views/vendor/voyager/reports/print/teacher-schedule.blade.php | exam-result-sheet: src/app/Http/Controllers/Admin/VoyagerReportController.php::examResultSheet; src/resources/views/vendor/voyager/reports/print/exam-result-sheet.blade.php | candidate-resume-report: src/app/Http/Controllers/Admin/VoyagerReportController.php::candidateResumeReport; src/resources/views/vendor/voyager/reports/print/candidate-resume-report.blade.php | candidate-list-report: src/app/Http/Controllers/Admin/VoyagerReportController.php::candidateListReport; src/resources/views/vendor/voyager/reports/print/candidate-list-report.blade.php,"name,fee_amount",status,None evidenced by name/schema alone.,operations.class_groups,operations,KEEP,"legacy_key_map(source_system='manpower_mysql',source_table,source_id)->target_type,target_id; unique on source triplet",source INSERT tuples=63; reconcile target lineage count and PK uniqueness; compare deterministic field hashes excluding approved transforms,HIGH
class_schedules,Legacy records for class schedules; business semantics beyond schema/source references are UNVERIFIED.,3,id,[],[],teacher_id->teachers.id [INFERRED] | class_group_id->class_groups.id [INFERRED],src/app/Models/ClassSchedule.php:8 | src/app/Models/Teacher.php:21,src/app/Http/Controllers/Admin/VoyagerClassScheduleController.php:6 | src/app/Http/Controllers/Admin/VoyagerReportController.php:624,UNVERIFIED: no canonical service/helper reference found,teacher-schedule: src/app/Http/Controllers/Admin/VoyagerReportController.php::teacherSchedule; src/resources/views/vendor/voyager/reports/print/teacher-schedule.blade.php,none identified by field-name heuristic,status,None evidenced by name/schema alone.,operations.class_schedules,operations,KEEP,"legacy_key_map(source_system='manpower_mysql',source_table,source_id)->target_type,target_id; unique on source triplet",source INSERT tuples=3; reconcile target lineage count and PK uniqueness; compare deterministic field hashes excluding approved transforms,MEDIUM
companiers,Master records for overseas employer companies/account principals.,390,id,[],[],country_id->countries.id [INFERRED],src/app/Models/Candidate.php:32 | src/app/Models/Companier.php:10 | src/app/Models/Invoice.php:12 | src/app/Models/License.php:11 | src/app/Models/TicketInvoice.php:10,src/app/Http/Controllers/Admin/VoyagerAjaxController.php:36 | src/app/Http/Controllers/Admin/VoyagerCompanierController.php:35 | src/app/Http/Controllers/Admin/VoyagerMyPanelController.php:847 | src/app/Http/Controllers/Admin/VoyagerReportController.php:461 | src/app/Http/Controllers/Admin/VoyagerTicketInvoiceController.php:8,src/app/Helpers/CommonClass.php:10,selected-candidate-report: src/app/Http/Controllers/Admin/VoyagerReportController.php::selectedCandidateReport; src/resources/views/vendor/voyager/reports/print/selected-candidate-report.blade.php | flight-report: src/app/Http/Controllers/Admin/VoyagerReportController.php::flightReport; src/resources/views/vendor/voyager/reports/print/flight-report.blade.php | employee-report: src/app/Http/Controllers/Admin/VoyagerReportController.php::employerReport; src/resources/views/vendor/voyager/reports/print/employer-report.blade.php | flight-schedule: src/app/Http/Controllers/Admin/VoyagerReportController.php::flightSchedule; src/resources/views/vendor/voyager/reports/print/flight-schedule.blade.php | candidate-resume-report: src/app/Http/Controllers/Admin/VoyagerReportController.php::candidateResumeReport; src/resources/views/vendor/voyager/reports/print/candidate-resume-report.blade.php | candidate-list-report: src/app/Http/Controllers/Admin/VoyagerReportController.php::candidateListReport; src/resources/views/vendor/voyager/reports/print/candidate-list-report.blade.php | company-report: src/app/Http/Controllers/Admin/VoyagerReportController.php::companyReport; src/resources/views/vendor/voyager/reports/print/company-report.blade.php | tickets-report: src/app/Http/Controllers/Admin/VoyagerReportController.php::ticketsReport; src/resources/views/vendor/voyager/reports/print/tickets-report.blade.php | money-receipt-report: src/app/Http/Controllers/Admin/VoyagerReportController.php::moneyReceiptReport; src/resources/views/vendor/voyager/reports/print/money-receipt-report.blade.php,"name,email,mobile,address,balance,owner_name,owner_mobile,owner_email",status,Near-name collision but materially different columns/ownership; do not merge without business keys.,partners.companies,partners,KEEP,"legacy_key_map(source_system='manpower_mysql',source_table,source_id)->target_type,target_id; unique on source triplet",source INSERT tuples=390; reconcile target lineage count and PK uniqueness; compare deterministic field hashes excluding approved transforms,HIGH
companies,Candidate-specific company name/address snapshots; not the companier master.,263,id,[],[],candidate_id->candidates.id [INFERRED],src/app/Models/Company.php:8,src/app/Http/Controllers/Admin/AuthenticationController.php:29 | src/app/Http/Controllers/Admin/VoyagerCandidatesController.php:619 | src/app/Http/Controllers/Admin/VoyagerReportController.php:741,UNVERIFIED: no canonical service/helper reference found,UNVERIFIED: definitive active report catalog contains no query/view reference to this table,"name,address",none,Near-name collision but materially different columns/ownership; do not merge without business keys.,candidate.company_snapshots,candidate,KEEP,"legacy_key_map(source_system='manpower_mysql',source_table,source_id)->target_type,target_id; unique on source triplet",source INSERT tuples=263; reconcile target lineage count and PK uniqueness; compare deterministic field hashes excluding approved transforms,HIGH
countries,Legacy records for countries; business semantics beyond schema/source references are UNVERIFIED.,239,id,[],[],UNVERIFIED: no safe relationship inferred,src/app/Models/Country.php:8,UNVERIFIED: no canonical controller reference found,UNVERIFIED: no canonical service/helper reference found,company-report: src/app/Http/Controllers/Admin/VoyagerReportController.php::companyReport; src/resources/views/vendor/voyager/reports/print/company-report.blade.php,"name,code_name,phone_code",none,None evidenced by name/schema alone.,operations.countries,operations,KEEP,"legacy_key_map(source_system='manpower_mysql',source_table,source_id)->target_type,target_id; unique on source triplet",source INSERT tuples=239; reconcile target lineage count and PK uniqueness; compare deterministic field hashes excluding approved transforms,HIGH
currencies,Legacy records for currencies; business semantics beyond schema/source references are UNVERIFIED.,2,id,[],[],UNVERIFIED: no safe relationship inferred,src/app/Models/Currency.php:8,src/app/Http/Controllers/Admin/VoyagerMyPanelController.php:639,UNVERIFIED: no canonical service/helper reference found,UNVERIFIED: definitive active report catalog contains no query/view reference to this table,"full_name,short_name",status,None evidenced by name/schema alone.,operations.currencies,operations,KEEP,"legacy_key_map(source_system='manpower_mysql',source_table,source_id)->target_type,target_id; unique on source triplet",source INSERT tuples=2; reconcile target lineage count and PK uniqueness; compare deterministic field hashes excluding approved transforms,HIGH
curricular_list,Legacy records for curricular list; business semantics beyond schema/source references are UNVERIFIED.,0,id,[],[],user_id->users.id [INFERRED],src/app/Models/CurricularList.php:8,src/app/Http/Controllers/PageController.php:9 | src/app/Http/Controllers/Admin/VoyagerMyPanelController.php:10,UNVERIFIED: no canonical service/helper reference found,UNVERIFIED: definitive active report catalog contains no query/view reference to this table,curricular_name,none,None evidenced by name/schema alone.,operations.curricular_list,operations,KEEP,"legacy_key_map(source_system='manpower_mysql',source_table,source_id)->target_type,target_id; unique on source triplet",source INSERT tuples=0; reconcile target lineage count and PK uniqueness; compare deterministic field hashes excluding approved transforms,HIGH
data_rows,Legacy records for data rows; business semantics beyond schema/source references are UNVERIFIED.,799,id,"[{""kind"":""INDEX"",""name"":""data_rows_data_type_id_foreign"",""columns"":[""data_type_id""]}]","[{""name"":""data_rows_data_type_id_foreign"",""columns"":[""data_type_id""],""ref_table"":""data_types"",""ref_columns"":[""id""],""actions"":""ON DELETE CASCADE ON UPDATE CASCADE""}]",data_type_id->data_types.id [CONFIRMED],UNVERIFIED: no canonical model maps to this table by explicit $table or Laravel naming convention,UNVERIFIED: no canonical controller reference found,UNVERIFIED: no canonical service/helper reference found,UNVERIFIED: definitive active report catalog contains no query/view reference to this table,display_name,none,None evidenced by name/schema alone.,legacy_platform.data_rows,legacy_platform,IGNORE,"legacy_key_map(source_system='manpower_mysql',source_table,source_id)->target_type,target_id; unique on source triplet",source INSERT tuples=799; reconcile target lineage count and PK uniqueness; compare deterministic field hashes excluding approved transforms,HIGH
data_types,Legacy records for data types; business semantics beyond schema/source references are UNVERIFIED.,47,id,"[{""kind"":""UNIQUE"",""name"":""data_types_name_unique"",""columns"":[""name""]},{""kind"":""UNIQUE"",""name"":""data_types_slug_unique"",""columns"":[""slug""]}]",[],UNVERIFIED: no safe relationship inferred,UNVERIFIED: no canonical model maps to this table by explicit $table or Laravel naming convention,src/app/Http/Controllers/Admin/AuthenticationController.php:75 | src/app/Http/Controllers/Admin/VoyagerAgencierController.php:27 | src/app/Http/Controllers/Admin/VoyagerAgencyController.php:28 | src/app/Http/Controllers/Admin/VoyagerAgentController.php:28 | src/app/Http/Controllers/Admin/VoyagerAnnouncementsController.php:28 | src/app/Http/Controllers/Admin/VoyagerArcController.php:28 | src/app/Http/Controllers/Admin/VoyagerCandidateDocumentController.php:25 | src/app/Http/Controllers/Admin/VoyagerCandidatesController.php:37 | src/app/Http/Controllers/Admin/VoyagerClassScheduleController.php:20 | src/app/Http/Controllers/Admin/VoyagerCompanierController.php:27 | src/app/Http/Controllers/Admin/VoyagerCompanyController.php:28 | src/app/Http/Controllers/Admin/VoyagerEmployeeController.php:27 | src/app/Http/Controllers/Admin/VoyagerEmployerController.php:27 | src/app/Http/Controllers/Admin/VoyagerExamController.php:21 | src/app/Http/Controllers/Admin/VoyagerExamResultController.php:25 | src/app/Http/Controllers/Admin/VoyagerFlightScheduleController.php:28 | src/app/Http/Controllers/Admin/VoyagerInvoiceController.php:23 | src/app/Http/Controllers/Admin/VoyagerInvoiceMoneyReceiptController.php:66 | src/app/Http/Controllers/Admin/VoyagerLabourContractController.php:28 | src/app/Http/Controllers/Admin/VoyagerLicenseController.php:22 | src/app/Http/Controllers/Admin/VoyagerManpowerController.php:28 | src/app/Http/Controllers/Admin/VoyagerMedicalMinistryController.php:28 | src/app/Http/Controllers/Admin/VoyagerMyPanelController.php:86 | src/app/Http/Controllers/Admin/VoyagerNotificationsController.php:30 | src/app/Http/Controllers/Admin/VoyagerPaymentController.php:23 | src/app/Http/Controllers/Admin/VoyagerPaymentRequestController.php:24 | src/app/Http/Controllers/Admin/VoyagerPoliceClearanceController.php:28 | src/app/Http/Controllers/Admin/VoyagerProfileController.php:33 | src/app/Http/Controllers/Admin/VoyagerReportController.php:28 | src/app/Http/Controllers/Admin/VoyagerSubAgentController.php:33 | src/app/Http/Controllers/Admin/VoyagerSubAgentPaymentRequestController.php:26 | src/app/Http/Controllers/Admin/VoyagerTeacherController.php:27 | src/app/Http/Controllers/Admin/VoyagerTicketInvoiceController.php:26 | src/app/Http/Controllers/Admin/VoyagerTicketInvoiceMoneyReceiptController.php:66 | src/app/Http/Controllers/Admin/VoyagerUserController.php:43 | src/app/Http/Controllers/Admin/VoyagerVisaImmigrationController.php:28,UNVERIFIED: no canonical service/helper reference found,UNVERIFIED: definitive active report catalog contains no query/view reference to this table,"name,display_name_singular,display_name_plural,model_name,policy_name",none,None evidenced by name/schema alone.,legacy_platform.data_types,legacy_platform,IGNORE,"legacy_key_map(source_system='manpower_mysql',source_table,source_id)->target_type,target_id; unique on source triplet",source INSERT tuples=47; reconcile target lineage count and PK uniqueness; compare deterministic field hashes excluding approved transforms,HIGH
districts,Legacy records for districts; business semantics beyond schema/source references are UNVERIFIED.,64,UNVERIFIED: no PK declared in dump,[],[],division_id->divisions.id [INFERRED],UNVERIFIED: no canonical model maps to this table by explicit $table or Laravel naming convention,UNVERIFIED: no canonical controller reference found,UNVERIFIED: no canonical service/helper reference found,UNVERIFIED: definitive active report catalog contains no query/view reference to this table,"name,bn_name",none,None evidenced by name/schema alone.,operations.districts,operations,KEEP,"legacy_key_map(source_system='manpower_mysql',source_table,source_id)->target_type,target_id; unique on source triplet",source INSERT tuples=64; reconcile target lineage count and PK uniqueness; compare deterministic field hashes excluding approved transforms,HIGH
divisions,Legacy records for divisions; business semantics beyond schema/source references are UNVERIFIED.,8,UNVERIFIED: no PK declared in dump,[],[],UNVERIFIED: no safe relationship inferred,UNVERIFIED: no canonical model maps to this table by explicit $table or Laravel naming convention,UNVERIFIED: no canonical controller reference found,UNVERIFIED: no canonical service/helper reference found,UNVERIFIED: definitive active report catalog contains no query/view reference to this table,"name,bn_name",none,None evidenced by name/schema alone.,operations.divisions,operations,KEEP,"legacy_key_map(source_system='manpower_mysql',source_table,source_id)->target_type,target_id; unique on source triplet",source INSERT tuples=8; reconcile target lineage count and PK uniqueness; compare deterministic field hashes excluding approved transforms,HIGH
document_types,Legacy records for document types; business semantics beyond schema/source references are UNVERIFIED.,30,id,[],[],UNVERIFIED: no safe relationship inferred,src/app/Models/CandidateDocument.php:10 | src/app/Models/DocumentType.php:8,src/app/Http/Controllers/Admin/VoyagerCandidateDocumentController.php:57,UNVERIFIED: no canonical service/helper reference found,UNVERIFIED: definitive active report catalog contains no query/view reference to this table,name,status,None evidenced by name/schema alone.,operations.document_types,operations,KEEP,"legacy_key_map(source_system='manpower_mysql',source_table,source_id)->target_type,target_id; unique on source triplet",source INSERT tuples=30; reconcile target lineage count and PK uniqueness; compare deterministic field hashes excluding approved transforms,HIGH
educations,Legacy records for educations; business semantics beyond schema/source references are UNVERIFIED.,907,id,[],[],user_id->users.id [INFERRED],src/app/Models/Education.php:8,src/app/Http/Controllers/PageController.php:10 | src/app/Http/Controllers/Admin/VoyagerMyPanelController.php:11,UNVERIFIED: no canonical service/helper reference found,UNVERIFIED: definitive active report catalog contains no query/view reference to this table,"exam_name,institute_name,certificate_file_path,board_name",status,None evidenced by name/schema alone.,operations.educations,operations,KEEP,"legacy_key_map(source_system='manpower_mysql',source_table,source_id)->target_type,target_id; unique on source triplet",source INSERT tuples=907; reconcile target lineage count and PK uniqueness; compare deterministic field hashes excluding approved transforms,HIGH
employees,Legacy records for employees; business semantics beyond schema/source references are UNVERIFIED.,3,id,[],[],UNVERIFIED: no safe relationship inferred,src/app/Models/Employee.php:10,src/app/Http/Controllers/Admin/VoyagerEmployeeController.php:35 | src/app/Http/Controllers/Admin/VoyagerMyPanelController.php:77 | src/app/Http/Controllers/Admin/VoyagerUserController.php:63,src/app/Helpers/CommonClass.php:12,UNVERIFIED: definitive active report catalog contains no query/view reference to this table,"name,email,mobile,nid,nid_file_path,passport_no,passport_issue_date,passport_expire_date,passport_file_path,dob,full_photo_file_path,half_photo_file_path,father_name,mother_name,present_address_house,permanent_address_house,cv_file_path",status,None evidenced by name/schema alone.,operations.employees,operations,KEEP,"legacy_key_map(source_system='manpower_mysql',source_table,source_id)->target_type,target_id; unique on source triplet",source INSERT tuples=3; reconcile target lineage count and PK uniqueness; compare deterministic field hashes excluding approved transforms,HIGH
employer_candidates,Legacy records for employer candidates; business semantics beyond schema/source references are UNVERIFIED.,0,id,[],[],employer_id->employers.id [INFERRED] | candidate_id->candidates.id [INFERRED],src/app/Models/Candidate.php:76 | src/app/Models/EmployerCandidate.php:8,src/app/Http/Controllers/PageController.php:105 | src/app/Http/Controllers/Admin/VoyagerAjaxController.php:8,src/app/Helpers/CommonClass.php:13,UNVERIFIED: definitive active report catalog contains no query/view reference to this table,none identified by field-name heuristic,none,None evidenced by name/schema alone.,candidate.employer_candidates,candidate,KEEP,"legacy_key_map(source_system='manpower_mysql',source_table,source_id)->target_type,target_id; unique on source triplet",source INSERT tuples=0; reconcile target lineage count and PK uniqueness; compare deterministic field hashes excluding approved transforms,LOW
employers,Legacy records for employers; business semantics beyond schema/source references are UNVERIFIED.,1,id,[],[],UNVERIFIED: no safe relationship inferred,src/app/Models/Employer.php:10,src/app/Http/Controllers/PageController.php:134 | src/app/Http/Controllers/Admin/VoyagerEmployerController.php:35 | src/app/Http/Controllers/Admin/VoyagerMyPanelController.php:80 | src/app/Http/Controllers/Admin/VoyagerReportController.php:537 | src/app/Http/Controllers/Admin/VoyagerUserController.php:66,src/app/Helpers/CommonClass.php:235,UNVERIFIED: definitive active report catalog contains no query/view reference to this table,"name,email,mobile,nid,nid_file_path,passport_no,passport_issue_date,passport_expire_date,passport_file_path,dob,full_photo_file_path,half_photo_file_path,father_name,mother_name,present_address_house,permanent_address_house,cv_file_path",status,None evidenced by name/schema alone.,operations.employers,operations,KEEP,"legacy_key_map(source_system='manpower_mysql',source_table,source_id)->target_type,target_id; unique on source triplet",source INSERT tuples=1; reconcile target lineage count and PK uniqueness; compare deterministic field hashes excluding approved transforms,HIGH
euro_to_bdt_rates,Legacy records for euro to bdt rates; business semantics beyond schema/source references are UNVERIFIED.,1,id,[],[],UNVERIFIED: no safe relationship inferred,src/app/Models/EuroToBdtRate.php:8,UNVERIFIED: no canonical controller reference found,UNVERIFIED: no canonical service/helper reference found,UNVERIFIED: definitive active report catalog contains no query/view reference to this table,none identified by field-name heuristic,none,None evidenced by name/schema alone.,finance.euro_to_bdt_rates,finance,KEEP,"legacy_key_map(source_system='manpower_mysql',source_table,source_id)->target_type,target_id; unique on source triplet",source INSERT tuples=1; reconcile target lineage count and PK uniqueness; compare deterministic field hashes excluding approved transforms,MEDIUM
exam_results,Legacy records for exam results; business semantics beyond schema/source references are UNVERIFIED.,18854,id,[],[],exam_id->exams.id [INFERRED] | candidate_id->candidates.id [INFERRED] | class_group_id->class_groups.id [INFERRED],src/app/Models/Candidate.php:68 | src/app/Models/ExamResult.php:8,src/app/Http/Controllers/Admin/VoyagerExamResultController.php:36 | src/app/Http/Controllers/Admin/VoyagerReportController.php:649,UNVERIFIED: no canonical service/helper reference found,employee-report: src/app/Http/Controllers/Admin/VoyagerReportController.php::employerReport; src/resources/views/vendor/voyager/reports/print/employer-report.blade.php | exam-report: src/app/Http/Controllers/Admin/VoyagerReportController.php::examReport; src/resources/views/vendor/voyager/reports/print/exam-report.blade.php | exam-result-sheet: src/app/Http/Controllers/Admin/VoyagerReportController.php::examResultSheet; src/resources/views/vendor/voyager/reports/print/exam-result-sheet.blade.php,remarks,status,None evidenced by name/schema alone.,operations.exam_results,operations,KEEP,"legacy_key_map(source_system='manpower_mysql',source_table,source_id)->target_type,target_id; unique on source triplet",source INSERT tuples=18854; reconcile target lineage count and PK uniqueness; compare deterministic field hashes excluding approved transforms,HIGH
exams,Legacy records for exams; business semantics beyond schema/source references are UNVERIFIED.,28,id,[],[],class_group_id->class_groups.id [INFERRED],src/app/Models/Exam.php:8 | src/app/Models/ExamResult.php:20,src/app/Http/Controllers/Admin/VoyagerExamController.php:50 | src/app/Http/Controllers/Admin/VoyagerExamResultController.php:8 | src/app/Http/Controllers/Admin/VoyagerReportController.php:564,UNVERIFIED: no canonical service/helper reference found,exam-report: src/app/Http/Controllers/Admin/VoyagerReportController.php::examReport; src/resources/views/vendor/voyager/reports/print/exam-report.blade.php | exam-result-sheet: src/app/Http/Controllers/Admin/VoyagerReportController.php::examResultSheet; src/resources/views/vendor/voyager/reports/print/exam-result-sheet.blade.php,"name,remarks",status,None evidenced by name/schema alone.,operations.exams,operations,KEEP,"legacy_key_map(source_system='manpower_mysql',source_table,source_id)->target_type,target_id; unique on source triplet",source INSERT tuples=28; reconcile target lineage count and PK uniqueness; compare deterministic field hashes excluding approved transforms,HIGH
experiences,Legacy records for experiences; business semantics beyond schema/source references are UNVERIFIED.,1003,id,[],[],user_id->users.id [INFERRED] | country_id->countries.id [INFERRED],src/app/Models/Exprience.php:11,UNVERIFIED: no canonical controller reference found,UNVERIFIED: no canonical service/helper reference found,UNVERIFIED: definitive active report catalog contains no query/view reference to this table,"company_name,company_address",status,None evidenced by name/schema alone.,operations.experiences,operations,KEEP,"legacy_key_map(source_system='manpower_mysql',source_table,source_id)->target_type,target_id; unique on source triplet",source INSERT tuples=1003; reconcile target lineage count and PK uniqueness; compare deterministic field hashes excluding approved transforms,HIGH
expertise_list,Legacy records for expertise list; business semantics beyond schema/source references are UNVERIFIED.,0,id,[],[],user_id->users.id [INFERRED],src/app/Models/ExpertiseList.php:8,src/app/Http/Controllers/PageController.php:11 | src/app/Http/Controllers/Admin/VoyagerMyPanelController.php:12,UNVERIFIED: no canonical service/helper reference found,UNVERIFIED: definitive active report catalog contains no query/view reference to this table,expertise_name,none,None evidenced by name/schema alone.,operations.expertise_list,operations,KEEP,"legacy_key_map(source_system='manpower_mysql',source_table,source_id)->target_type,target_id; unique on source triplet",source INSERT tuples=0; reconcile target lineage count and PK uniqueness; compare deterministic field hashes excluding approved transforms,HIGH
failed_jobs,Legacy records for failed jobs; business semantics beyond schema/source references are UNVERIFIED.,0,id,"[{""kind"":""UNIQUE"",""name"":""failed_jobs_uuid_unique"",""columns"":[""uuid""]}]",[],UNVERIFIED: no safe relationship inferred,UNVERIFIED: no canonical model maps to this table by explicit $table or Laravel naming convention,UNVERIFIED: no canonical controller reference found,UNVERIFIED: no canonical service/helper reference found,UNVERIFIED: definitive active report catalog contains no query/view reference to this table,none identified by field-name heuristic,none,None evidenced by name/schema alone.,legacy_platform.failed_jobs,legacy_platform,IGNORE,"legacy_key_map(source_system='manpower_mysql',source_table,source_id)->target_type,target_id; unique on source triplet",source INSERT tuples=0; reconcile target lineage count and PK uniqueness; compare deterministic field hashes excluding approved transforms,LOW
flight_schedules,Legacy records for flight schedules; business semantics beyond schema/source references are UNVERIFIED.,640,id,[],[],candidate_id->candidates.id [INFERRED],src/app/Models/Candidate.php:62 | src/app/Models/FlightSchedule.php:8,src/app/Http/Controllers/Admin/VoyagerReportController.php:461,src/app/Helpers/CommonClass.php:14,selected-candidate-report: src/app/Http/Controllers/Admin/VoyagerReportController.php::selectedCandidateReport; src/resources/views/vendor/voyager/reports/print/selected-candidate-report.blade.php | flight-report: src/app/Http/Controllers/Admin/VoyagerReportController.php::flightReport; src/resources/views/vendor/voyager/reports/print/flight-report.blade.php | flight-schedule: src/app/Http/Controllers/Admin/VoyagerReportController.php::flightSchedule; src/resources/views/vendor/voyager/reports/print/flight-schedule.blade.php | candidate-resume-report: src/app/Http/Controllers/Admin/VoyagerReportController.php::candidateResumeReport; src/resources/views/vendor/voyager/reports/print/candidate-resume-report.blade.php | candidate-list-report: src/app/Http/Controllers/Admin/VoyagerReportController.php::candidateListReport; src/resources/views/vendor/voyager/reports/print/candidate-list-report.blade.php,"airlinece_name,ticket_file_path,arrival_seal_page_file_path",none,None evidenced by name/schema alone.,candidate.flight_schedules,candidate,KEEP,"legacy_key_map(source_system='manpower_mysql',source_table,source_id)->target_type,target_id; unique on source triplet",source INSERT tuples=640; reconcile target lineage count and PK uniqueness; compare deterministic field hashes excluding approved transforms,HIGH
interest_list,Legacy records for interest list; business semantics beyond schema/source references are UNVERIFIED.,0,id,[],[],user_id->users.id [INFERRED],src/app/Models/InterestList.php:8,src/app/Http/Controllers/PageController.php:13 | src/app/Http/Controllers/Admin/VoyagerMyPanelController.php:14,UNVERIFIED: no canonical service/helper reference found,UNVERIFIED: definitive active report catalog contains no query/view reference to this table,interest_name,none,None evidenced by name/schema alone.,operations.interest_list,operations,KEEP,"legacy_key_map(source_system='manpower_mysql',source_table,source_id)->target_type,target_id; unique on source triplet",source INSERT tuples=0; reconcile target lineage count and PK uniqueness; compare deterministic field hashes excluding approved transforms,HIGH
invoice_candidates,Legacy records for invoice candidates; business semantics beyond schema/source references are UNVERIFIED.,930,id,[],[],invoice_id->invoices.id [INFERRED] | candidate_id->candidates.id [INFERRED],src/app/Models/Invoice.php:12 | src/app/Models/InvoiceCandidate.php:8,UNVERIFIED: no canonical controller reference found,UNVERIFIED: no canonical service/helper reference found,UNVERIFIED: definitive active report catalog contains no query/view reference to this table,none identified by field-name heuristic,none,None evidenced by name/schema alone.,finance.invoice_candidates,finance,KEEP,"legacy_key_map(source_system='manpower_mysql',source_table,source_id)->target_type,target_id; unique on source triplet",source INSERT tuples=930; reconcile target lineage count and PK uniqueness; compare deterministic field hashes excluding approved transforms,MEDIUM
invoice_heads,Legacy records for invoice heads; business semantics beyond schema/source references are UNVERIFIED.,16,id,[],[],UNVERIFIED: no safe relationship inferred,src/app/Models/InvoiceHead.php:8,UNVERIFIED: no canonical controller reference found,UNVERIFIED: no canonical service/helper reference found,UNVERIFIED: definitive active report catalog contains no query/view reference to this table,none identified by field-name heuristic,status,None evidenced by name/schema alone.,finance.invoice_heads,finance,KEEP,"legacy_key_map(source_system='manpower_mysql',source_table,source_id)->target_type,target_id; unique on source triplet",source INSERT tuples=16; reconcile target lineage count and PK uniqueness; compare deterministic field hashes excluding approved transforms,MEDIUM
invoice_lines,Legacy records for invoice lines; business semantics beyond schema/source references are UNVERIFIED.,7792,id,[],[],invoice_id->invoices.id [INFERRED] | invoice_head_id->invoice_heads.id [INFERRED],src/app/Models/Invoice.php:12 | src/app/Models/InvoiceLine.php:8 | src/app/Models/TicketInvoice.php:10,src/app/Http/Controllers/Admin/VoyagerInvoiceController.php:7 | src/app/Http/Controllers/Admin/VoyagerTicketInvoiceController.php:10,UNVERIFIED: no canonical service/helper reference found,UNVERIFIED: definitive active report catalog contains no query/view reference to this table,"sub_total_amount,vat_amount,total_amount",none,None evidenced by name/schema alone.,finance.invoice_lines,finance,KEEP,"legacy_key_map(source_system='manpower_mysql',source_table,source_id)->target_type,target_id; unique on source triplet",source INSERT tuples=7792; reconcile target lineage count and PK uniqueness; compare deterministic field hashes excluding approved transforms,HIGH
invoice_money_receipts,Legacy records for invoice money receipts; business semantics beyond schema/source references are UNVERIFIED.,321,id,[],[],invoice_id->invoices.id [INFERRED],src/app/Models/InvoiceMoneyReceipt.php:8,src/app/Http/Controllers/Admin/VoyagerInvoiceMoneyReceiptController.php:6 | src/app/Http/Controllers/Admin/VoyagerReportController.php:859 | src/app/Http/Controllers/Admin/VoyagerTicketInvoiceMoneyReceiptController.php:6,UNVERIFIED: no canonical service/helper reference found,money-receipt-report: src/app/Http/Controllers/Admin/VoyagerReportController.php::moneyReceiptReport; src/resources/views/vendor/voyager/reports/print/money-receipt-report.blade.php,amount,none,None evidenced by name/schema alone.,finance.invoice_money_receipts,finance,KEEP,"legacy_key_map(source_system='manpower_mysql',source_table,source_id)->target_type,target_id; unique on source triplet",source INSERT tuples=321; reconcile target lineage count and PK uniqueness; compare deterministic field hashes excluding approved transforms,HIGH
invoices,Legacy records for invoices; business semantics beyond schema/source references are UNVERIFIED.,487,id,[],[],companier_id->companiers.id [INFERRED] | country_id->countries.id [INFERRED],src/app/Models/Invoice.php:10 | src/app/Models/InvoiceMoneyReceipt.php:10 | src/app/Models/TicketInvoiceMoneyReceipt.php:10,src/app/Http/Controllers/Admin/VoyagerAjaxController.php:94 | src/app/Http/Controllers/Admin/VoyagerInvoiceController.php:6 | src/app/Http/Controllers/Admin/VoyagerInvoiceMoneyReceiptController.php:5 | src/app/Http/Controllers/Admin/VoyagerMyPanelController.php:816 | src/app/Http/Controllers/Admin/VoyagerReportController.php:859 | src/app/Http/Controllers/Admin/VoyagerTicketInvoiceController.php:9 | src/app/Http/Controllers/Admin/VoyagerTicketInvoiceMoneyReceiptController.php:5,UNVERIFIED: no canonical service/helper reference found,money-receipt-report: src/app/Http/Controllers/Admin/VoyagerReportController.php::moneyReceiptReport; src/resources/views/vendor/voyager/reports/print/money-receipt-report.blade.php,"owner_name,bank_account_name,bank_account_no,bank_name,bank_branch_name,bank_swift_no,bank_iban_no",status,None evidenced by name/schema alone.,finance.invoices,finance,KEEP,"legacy_key_map(source_system='manpower_mysql',source_table,source_id)->target_type,target_id; unique on source triplet",source INSERT tuples=487; reconcile target lineage count and PK uniqueness; compare deterministic field hashes excluding approved transforms,HIGH
labour_contracts,Legacy records for labour contracts; business semantics beyond schema/source references are UNVERIFIED.,1153,id,[],[],candidate_id->candidates.id [INFERRED],src/app/Models/LabourContract.php:8,UNVERIFIED: no canonical controller reference found,src/app/Helpers/CommonClass.php:15,UNVERIFIED: definitive active report catalog contains no query/view reference to this table,document_file_path,status,None evidenced by name/schema alone.,candidate.labour_contracts,candidate,KEEP,"legacy_key_map(source_system='manpower_mysql',source_table,source_id)->target_type,target_id; unique on source triplet",source INSERT tuples=1153; reconcile target lineage count and PK uniqueness; compare deterministic field hashes excluding approved transforms,HIGH
language_list,Legacy records for language list; business semantics beyond schema/source references are UNVERIFIED.,1403,id,[],[],user_id->users.id [INFERRED],src/app/Models/LanguageList.php:8,src/app/Http/Controllers/PageController.php:14 | src/app/Http/Controllers/Admin/VoyagerMyPanelController.php:15,UNVERIFIED: no canonical service/helper reference found,UNVERIFIED: definitive active report catalog contains no query/view reference to this table,language_name,language_status,None evidenced by name/schema alone.,operations.language_list,operations,KEEP,"legacy_key_map(source_system='manpower_mysql',source_table,source_id)->target_type,target_id; unique on source triplet",source INSERT tuples=1403; reconcile target lineage count and PK uniqueness; compare deterministic field hashes excluding approved transforms,HIGH
license_positions,Legacy records for license positions; business semantics beyond schema/source references are UNVERIFIED.,3952,id,[],[],license_id->licenses.id [INFERRED] | position_id->positions.id [INFERRED],src/app/Models/License.php:11 | src/app/Models/LicensePosition.php:8,src/app/Http/Controllers/Admin/VoyagerLicenseController.php:7,UNVERIFIED: no canonical service/helper reference found,UNVERIFIED: definitive active report catalog contains no query/view reference to this table,none identified by field-name heuristic,none,None evidenced by name/schema alone.,operations.license_positions,operations,KEEP,"legacy_key_map(source_system='manpower_mysql',source_table,source_id)->target_type,target_id; unique on source triplet",source INSERT tuples=3952; reconcile target lineage count and PK uniqueness; compare deterministic field hashes excluding approved transforms,MEDIUM
licenses,Legacy records for licenses; business semantics beyond schema/source references are UNVERIFIED.,125,id,"[{""kind"":""UNIQUE"",""name"":""licenses_license_no_unique"",""columns"":[""license_no""]}]",[],companier_id->companiers.id [INFERRED],src/app/Models/License.php:8,UNVERIFIED: no canonical controller reference found,UNVERIFIED: no canonical service/helper reference found,UNVERIFIED: definitive active report catalog contains no query/view reference to this table,license_file_path,status,None evidenced by name/schema alone.,operations.licenses,operations,KEEP,"legacy_key_map(source_system='manpower_mysql',source_table,source_id)->target_type,target_id; unique on source triplet",source INSERT tuples=125; reconcile target lineage count and PK uniqueness; compare deterministic field hashes excluding approved transforms,HIGH
live_status,Legacy records for live status; business semantics beyond schema/source references are UNVERIFIED.,10,id,[],[],UNVERIFIED: no safe relationship inferred,src/app/Models/LiveStatus.php:8,UNVERIFIED: no canonical controller reference found,src/app/Helpers/CommonClass.php:16,UNVERIFIED: definitive active report catalog contains no query/view reference to this table,name,status,None evidenced by name/schema alone.,operations.live_status,operations,KEEP,"legacy_key_map(source_system='manpower_mysql',source_table,source_id)->target_type,target_id; unique on source triplet",source INSERT tuples=10; reconcile target lineage count and PK uniqueness; compare deterministic field hashes excluding approved transforms,HIGH
manpower_trainings,Candidate manpower-processing training records.,352,id,[],[],candidate_id->candidates.id [INFERRED],src/app/Models/ManpowerTraining.php:8,UNVERIFIED: no canonical controller reference found,src/app/Helpers/CommonClass.php:17,UNVERIFIED: definitive active report catalog contains no query/view reference to this table,"certificate_file_path,manpower_file_path,finger_print_file_path",status,Near-name collision but materially different columns/ownership; do not merge without business keys.,workflow.manpower_training_events,workflow,KEEP,"legacy_key_map(source_system='manpower_mysql',source_table,source_id)->target_type,target_id; unique on source triplet",source INSERT tuples=352; reconcile target lineage count and PK uniqueness; compare deterministic field hashes excluding approved transforms,HIGH
medicals,Legacy records for medicals; business semantics beyond schema/source references are UNVERIFIED.,384,id,[],[],candidate_id->candidates.id [INFERRED] | country_id->countries.id [INFERRED],src/app/Models/Medical.php:8,src/app/Http/Controllers/Admin/VoyagerAjaxController.php:271,UNVERIFIED: no canonical service/helper reference found,UNVERIFIED: definitive active report catalog contains no query/view reference to this table,document_file_path,status,None evidenced by name/schema alone.,candidate.medicals,candidate,KEEP,"legacy_key_map(source_system='manpower_mysql',source_table,source_id)->target_type,target_id; unique on source triplet",source INSERT tuples=384; reconcile target lineage count and PK uniqueness; compare deterministic field hashes excluding approved transforms,HIGH
menu_items,Legacy records for menu items; business semantics beyond schema/source references are UNVERIFIED.,62,id,"[{""kind"":""INDEX"",""name"":""menu_items_menu_id_foreign"",""columns"":[""menu_id""]}]","[{""name"":""menu_items_menu_id_foreign"",""columns"":[""menu_id""],""ref_table"":""menus"",""ref_columns"":[""id""],""actions"":""ON DELETE CASCADE""}]",menu_id->menus.id [CONFIRMED] | parent_id->menu_items.id [INFERRED],UNVERIFIED: no canonical model maps to this table by explicit $table or Laravel naming convention,UNVERIFIED: no canonical controller reference found,UNVERIFIED: no canonical service/helper reference found,UNVERIFIED: definitive active report catalog contains no query/view reference to this table,none identified by field-name heuristic,none,None evidenced by name/schema alone.,legacy_platform.menu_items,legacy_platform,IGNORE,"legacy_key_map(source_system='manpower_mysql',source_table,source_id)->target_type,target_id; unique on source triplet",source INSERT tuples=62; reconcile target lineage count and PK uniqueness; compare deterministic field hashes excluding approved transforms,MEDIUM
menus,Legacy records for menus; business semantics beyond schema/source references are UNVERIFIED.,2,id,"[{""kind"":""UNIQUE"",""name"":""menus_name_unique"",""columns"":[""name""]}]",[],UNVERIFIED: no safe relationship inferred,UNVERIFIED: no canonical model maps to this table by explicit $table or Laravel naming convention,UNVERIFIED: no canonical controller reference found,UNVERIFIED: no canonical service/helper reference found,UNVERIFIED: definitive active report catalog contains no query/view reference to this table,name,none,None evidenced by name/schema alone.,legacy_platform.menus,legacy_platform,IGNORE,"legacy_key_map(source_system='manpower_mysql',source_table,source_id)->target_type,target_id; unique on source triplet",source INSERT tuples=2; reconcile target lineage count and PK uniqueness; compare deterministic field hashes excluding approved transforms,HIGH
migrations,Legacy records for migrations; business semantics beyond schema/source references are UNVERIFIED.,27,id,[],[],UNVERIFIED: no safe relationship inferred,UNVERIFIED: no canonical model maps to this table by explicit $table or Laravel naming convention,UNVERIFIED: no canonical controller reference found,UNVERIFIED: no canonical service/helper reference found,UNVERIFIED: definitive active report catalog contains no query/view reference to this table,none identified by field-name heuristic,none,None evidenced by name/schema alone.,legacy_platform.migrations,legacy_platform,IGNORE,"legacy_key_map(source_system='manpower_mysql',source_table,source_id)->target_type,target_id; unique on source triplet",source INSERT tuples=27; reconcile target lineage count and PK uniqueness; compare deterministic field hashes excluding approved transforms,MEDIUM
notification_class_groups,Legacy records for notification class groups; business semantics beyond schema/source references are UNVERIFIED.,600830,id,[],[],notification_id->notifications.id [INFERRED] | class_group_id->class_groups.id [INFERRED],src/app/Models/NotificationClassGroup.php:8,UNVERIFIED: no canonical controller reference found,UNVERIFIED: no canonical service/helper reference found,UNVERIFIED: definitive active report catalog contains no query/view reference to this table,none identified by field-name heuristic,none,None evidenced by name/schema alone.,communications.notification_audiences,communications,KEEP,"legacy_key_map(source_system='manpower_mysql',source_table,source_id)->target_type,target_id; unique on source triplet",source INSERT tuples=600830; reconcile target lineage count and PK uniqueness; compare deterministic field hashes excluding approved transforms,MEDIUM
notifications,Per-user notification deliveries; dominant-volume operational data.,420493,id,[],[],user_id->users.id [INFERRED] | group_id->class_groups.id [INFERRED],src/app/Models/Notification.php:10 | src/app/Models/User.php:10,src/app/Http/Controllers/Admin/VoyagerAjaxController.php:9 | src/app/Http/Controllers/Admin/VoyagerCandidateDocumentController.php:9 | src/app/Http/Controllers/Admin/VoyagerCandidatesController.php:10 | src/app/Http/Controllers/Admin/VoyagerExamController.php:7 | src/app/Http/Controllers/Admin/VoyagerExamResultController.php:9 | src/app/Http/Controllers/Admin/VoyagerMyPanelController.php:16 | src/app/Http/Controllers/Admin/VoyagerPaymentRequestController.php:8 | src/app/Http/Controllers/Admin/VoyagerSubAgentPaymentRequestController.php:9 | src/app/Http/Controllers/Auth/ForgotPasswordController.php:16,src/app/Helpers/CommonClass.php:18,UNVERIFIED: definitive active report catalog contains no query/view reference to this table,none identified by field-name heuristic,is_seen,None evidenced by name/schema alone.,communications.notifications,communications,KEEP,"legacy_key_map(source_system='manpower_mysql',source_table,source_id)->target_type,target_id; unique on source triplet",source INSERT tuples=420493; reconcile target lineage count and PK uniqueness; compare deterministic field hashes excluding approved transforms,MEDIUM
pages,Legacy records for pages; business semantics beyond schema/source references are UNVERIFIED.,1,id,"[{""kind"":""UNIQUE"",""name"":""pages_slug_unique"",""columns"":[""slug""]}]",[],UNVERIFIED: no safe relationship inferred,UNVERIFIED: no canonical model maps to this table by explicit $table or Laravel naming convention,src/app/Http/Controllers/Admin/AuthenticationController.php:81 | src/app/Http/Controllers/Admin/VoyagerAgencyController.php:25 | src/app/Http/Controllers/Admin/VoyagerArcController.php:25 | src/app/Http/Controllers/Admin/VoyagerCandidatesController.php:34 | src/app/Http/Controllers/Admin/VoyagerCompanyController.php:25 | src/app/Http/Controllers/Admin/VoyagerDatabaseController.php:48 | src/app/Http/Controllers/Admin/VoyagerFlightScheduleController.php:25 | src/app/Http/Controllers/Admin/VoyagerLabourContractController.php:25 | src/app/Http/Controllers/Admin/VoyagerManpowerController.php:25 | src/app/Http/Controllers/Admin/VoyagerMedicalMinistryController.php:25 | src/app/Http/Controllers/Admin/VoyagerPoliceClearanceController.php:25 | src/app/Http/Controllers/Admin/VoyagerReportController.php:25 | src/app/Http/Controllers/Admin/VoyagerSubAgentController.php:30 | src/app/Http/Controllers/Admin/VoyagerVisaImmigrationController.php:25,UNVERIFIED: no canonical service/helper reference found,UNVERIFIED: definitive active report catalog contains no query/view reference to this table,none identified by field-name heuristic,status,None evidenced by name/schema alone.,legacy_platform.pages,legacy_platform,IGNORE,"legacy_key_map(source_system='manpower_mysql',source_table,source_id)->target_type,target_id; unique on source triplet",source INSERT tuples=1; reconcile target lineage count and PK uniqueness; compare deterministic field hashes excluding approved transforms,MEDIUM
password_resets,Legacy records for password resets; business semantics beyond schema/source references are UNVERIFIED.,0,UNVERIFIED: no PK declared in dump,"[{""kind"":""INDEX"",""name"":""password_resets_email_index"",""columns"":[""email""]}]",[],UNVERIFIED: no safe relationship inferred,UNVERIFIED: no canonical model maps to this table by explicit $table or Laravel naming convention,UNVERIFIED: no canonical controller reference found,UNVERIFIED: no canonical service/helper reference found,UNVERIFIED: definitive active report catalog contains no query/view reference to this table,"email,token",none,None evidenced by name/schema alone.,legacy_platform.password_resets,legacy_platform,IGNORE,"legacy_key_map(source_system='manpower_mysql',source_table,source_id)->target_type,target_id; unique on source triplet",source INSERT tuples=0; reconcile target lineage count and PK uniqueness; compare deterministic field hashes excluding approved transforms,HIGH
payment_requests,Legacy records for payment requests; business semantics beyond schema/source references are UNVERIFIED.,702,id,[],[],agent_id->agents.id [INFERRED] | group_id->class_groups.id [INFERRED] | candidate_id->candidates.id [INFERRED] | payment_id->payments.id [INFERRED],src/app/Models/PaymentRequest.php:8,src/app/Http/Controllers/Admin/VoyagerAjaxController.php:11 | src/app/Http/Controllers/Admin/VoyagerCandidateDocumentController.php:8 | src/app/Http/Controllers/Admin/VoyagerMyPanelController.php:18 | src/app/Http/Controllers/Admin/VoyagerPaymentRequestController.php:7 | src/app/Http/Controllers/Admin/VoyagerSubAgentPaymentRequestController.php:8,src/app/Helpers/CommonClass.php:19,UNVERIFIED: definitive active report catalog contains no query/view reference to this table,"amount,remarks",status,None evidenced by name/schema alone.,finance.payment_requests,finance,KEEP,"legacy_key_map(source_system='manpower_mysql',source_table,source_id)->target_type,target_id; unique on source triplet",source INSERT tuples=702; reconcile target lineage count and PK uniqueness; compare deterministic field hashes excluding approved transforms,HIGH
payment_requests_backup_01072026,Legacy records for payment requests backup 01072026; business semantics beyond schema/source references are UNVERIFIED.,584,UNVERIFIED: no PK declared in dump,[],[],agent_id->agents.id [INFERRED] | group_id->class_groups.id [INFERRED] | candidate_id->candidates.id [INFERRED] | payment_id->payments.id [INFERRED],UNVERIFIED: no canonical model maps to this table by explicit $table or Laravel naming convention,UNVERIFIED: no canonical controller reference found,UNVERIFIED: no canonical service/helper reference found,UNVERIFIED: definitive active report catalog contains no query/view reference to this table,"amount,remarks",status,"Backup/temp naming is direct legacy-copy evidence; archive, do not union automatically.",archive.payment_requests_backup_01072026,archive,ARCHIVE,"legacy_key_map(source_system='manpower_mysql',source_table,source_id)->target_type,target_id; unique on source triplet",source INSERT tuples=584; reconcile target lineage count and PK uniqueness; compare deterministic field hashes excluding approved transforms,HIGH
payments,Mutable legacy financial transaction/agent-balance records.,1542,id,[],[],agent_id->agents.id [INFERRED] | sub_agent_id->sub_agents.id [INFERRED] | candidate_id->candidates.id [INFERRED] | teacher_id->teachers.id [INFERRED] | employee_id->employees.id [INFERRED] | employer_id->employers.id [INFERRED] | user_id->users.id [INFERRED] | currency_id->currencies.id [INFERRED] | request_id->payment_requests.id [INFERRED],src/app/Models/Agent.php:12 | src/app/Models/Employee.php:13 | src/app/Models/Employer.php:13 | src/app/Models/Payment.php:11 | src/app/Models/SubAgent.php:12 | src/app/Models/Teacher.php:13,src/app/Http/Controllers/Admin/VoyagerAjaxController.php:10 | src/app/Http/Controllers/Admin/VoyagerDatabaseController.php:79 | src/app/Http/Controllers/Admin/VoyagerMyPanelController.php:17 | src/app/Http/Controllers/Admin/VoyagerPaymentController.php:8 | src/app/Http/Controllers/Admin/VoyagerPaymentRequestController.php:91 | src/app/Http/Controllers/Admin/VoyagerReportController.php:7 | src/app/Http/Controllers/Admin/VoyagerSubAgentPaymentRequestController.php:93,UNVERIFIED: no canonical service/helper reference found,agent-ledger: src/app/Http/Controllers/Admin/VoyagerReportController.php::agentLedger; src/resources/views/vendor/voyager/reports/print/agent-ledger.blade.php | flight-schedule: src/app/Http/Controllers/Admin/VoyagerReportController.php::flightSchedule; src/resources/views/vendor/voyager/reports/print/flight-schedule.blade.php,"amount,bank_name,cheque_file_path,remarks,account_name,dev_remarks",status,None evidenced by name/schema alone.,finance.ledger_entries,finance,SPLIT,"legacy_key_map(source_system='manpower_mysql',source_table,source_id)->target_type,target_id; unique on source triplet",source INSERT tuples=1542; reconcile target lineage count and PK uniqueness; compare deterministic field hashes excluding approved transforms,HIGH
payments_backup_01072026,Legacy records for payments backup 01072026; business semantics beyond schema/source references are UNVERIFIED.,1275,UNVERIFIED: no PK declared in dump,[],[],agent_id->agents.id [INFERRED] | sub_agent_id->sub_agents.id [INFERRED] | candidate_id->candidates.id [INFERRED] | teacher_id->teachers.id [INFERRED] | employee_id->employees.id [INFERRED] | employer_id->employers.id [INFERRED] | user_id->users.id [INFERRED] | currency_id->currencies.id [INFERRED] | request_id->payment_requests.id [INFERRED],UNVERIFIED: no canonical model maps to this table by explicit $table or Laravel naming convention,UNVERIFIED: no canonical controller reference found,UNVERIFIED: no canonical service/helper reference found,UNVERIFIED: definitive active report catalog contains no query/view reference to this table,"amount,bank_name,cheque_file_path,remarks,account_name",status,"Backup/temp naming is direct legacy-copy evidence; archive, do not union automatically.",archive.payments_backup_01072026,archive,ARCHIVE,"legacy_key_map(source_system='manpower_mysql',source_table,source_id)->target_type,target_id; unique on source triplet",source INSERT tuples=1275; reconcile target lineage count and PK uniqueness; compare deterministic field hashes excluding approved transforms,HIGH
payments_backup_18062026,Legacy records for payments backup 18062026; business semantics beyond schema/source references are UNVERIFIED.,1227,id,[],[],agent_id->agents.id [INFERRED] | sub_agent_id->sub_agents.id [INFERRED] | candidate_id->candidates.id [INFERRED] | teacher_id->teachers.id [INFERRED] | employee_id->employees.id [INFERRED] | employer_id->employers.id [INFERRED] | user_id->users.id [INFERRED] | currency_id->currencies.id [INFERRED] | request_id->payment_requests.id [INFERRED],UNVERIFIED: no canonical model maps to this table by explicit $table or Laravel naming convention,UNVERIFIED: no canonical controller reference found,UNVERIFIED: no canonical service/helper reference found,UNVERIFIED: definitive active report catalog contains no query/view reference to this table,"amount,bank_name,cheque_file_path,remarks,account_name",status,"Backup/temp naming is direct legacy-copy evidence; archive, do not union automatically.",archive.payments_backup_18062026,archive,ARCHIVE,"legacy_key_map(source_system='manpower_mysql',source_table,source_id)->target_type,target_id; unique on source triplet",source INSERT tuples=1227; reconcile target lineage count and PK uniqueness; compare deterministic field hashes excluding approved transforms,HIGH
payments_backup_20260625_0214pm,Legacy records for payments backup 20260625 0214pm; business semantics beyond schema/source references are UNVERIFIED.,1233,UNVERIFIED: no PK declared in dump,[],[],agent_id->agents.id [INFERRED] | sub_agent_id->sub_agents.id [INFERRED] | candidate_id->candidates.id [INFERRED] | teacher_id->teachers.id [INFERRED] | employee_id->employees.id [INFERRED] | employer_id->employers.id [INFERRED] | user_id->users.id [INFERRED] | currency_id->currencies.id [INFERRED],UNVERIFIED: no canonical model maps to this table by explicit $table or Laravel naming convention,UNVERIFIED: no canonical controller reference found,UNVERIFIED: no canonical service/helper reference found,UNVERIFIED: definitive active report catalog contains no query/view reference to this table,"amount,bank_name,cheque_file_path,remarks,account_name",status,"Backup/temp naming is direct legacy-copy evidence; archive, do not union automatically.",archive.payments_backup_20260625_0214pm,archive,ARCHIVE,"legacy_key_map(source_system='manpower_mysql',source_table,source_id)->target_type,target_id; unique on source triplet",source INSERT tuples=1233; reconcile target lineage count and PK uniqueness; compare deterministic field hashes excluding approved transforms,HIGH
payments_backup_210620261147am,Legacy records for payments backup 210620261147am; business semantics beyond schema/source references are UNVERIFIED.,58,UNVERIFIED: no PK declared in dump,[],[],agent_id->agents.id [INFERRED] | sub_agent_id->sub_agents.id [INFERRED] | candidate_id->candidates.id [INFERRED] | teacher_id->teachers.id [INFERRED] | employee_id->employees.id [INFERRED] | employer_id->employers.id [INFERRED] | user_id->users.id [INFERRED] | currency_id->currencies.id [INFERRED],UNVERIFIED: no canonical model maps to this table by explicit $table or Laravel naming convention,UNVERIFIED: no canonical controller reference found,UNVERIFIED: no canonical service/helper reference found,UNVERIFIED: definitive active report catalog contains no query/view reference to this table,"amount,bank_name,cheque_file_path,remarks,account_name",status,"Backup/temp naming is direct legacy-copy evidence; archive, do not union automatically.",archive.payments_backup_210620261147am,archive,ARCHIVE,"legacy_key_map(source_system='manpower_mysql',source_table,source_id)->target_type,target_id; unique on source triplet",source INSERT tuples=58; reconcile target lineage count and PK uniqueness; compare deterministic field hashes excluding approved transforms,HIGH
payments_bk,Legacy records for payments bk; business semantics beyond schema/source references are UNVERIFIED.,1208,UNVERIFIED: no PK declared in dump,[],[],agent_id->agents.id [INFERRED] | sub_agent_id->sub_agents.id [INFERRED] | candidate_id->candidates.id [INFERRED] | teacher_id->teachers.id [INFERRED] | employee_id->employees.id [INFERRED] | employer_id->employers.id [INFERRED] | user_id->users.id [INFERRED] | currency_id->currencies.id [INFERRED],UNVERIFIED: no canonical model maps to this table by explicit $table or Laravel naming convention,UNVERIFIED: no canonical controller reference found,UNVERIFIED: no canonical service/helper reference found,UNVERIFIED: definitive active report catalog contains no query/view reference to this table,"amount,bank_name,cheque_file_path,remarks,account_name",status,"Backup/temp naming is direct legacy-copy evidence; archive, do not union automatically.",archive.payments_bk,archive,ARCHIVE,"legacy_key_map(source_system='manpower_mysql',source_table,source_id)->target_type,target_id; unique on source triplet",source INSERT tuples=1208; reconcile target lineage count and PK uniqueness; compare deterministic field hashes excluding approved transforms,HIGH
permission_role,Legacy records for permission role; business semantics beyond schema/source references are UNVERIFIED.,714,"permission_id,role_id","[{""kind"":""INDEX"",""name"":""permission_role_permission_id_index"",""columns"":[""permission_id""]},{""kind"":""INDEX"",""name"":""permission_role_role_id_index"",""columns"":[""role_id""]}]","[{""name"":""permission_role_permission_id_foreign"",""columns"":[""permission_id""],""ref_table"":""permissions"",""ref_columns"":[""id""],""actions"":""ON DELETE CASCADE""},{""name"":""permission_role_role_id_foreign"",""columns"":[""role_id""],""ref_table"":""roles"",""ref_columns"":[""id""],""actions"":""ON DELETE CASCADE""}]",permission_id->permissions.id [CONFIRMED] | role_id->roles.id [CONFIRMED],UNVERIFIED: no canonical model maps to this table by explicit $table or Laravel naming convention,UNVERIFIED: no canonical controller reference found,UNVERIFIED: no canonical service/helper reference found,UNVERIFIED: definitive active report catalog contains no query/view reference to this table,none identified by field-name heuristic,none,None evidenced by name/schema alone.,iam.role_permissions,iam,KEEP,"legacy_key_map(source_system='manpower_mysql',source_table,source_id)->target_type,target_id; unique on source triplet",source INSERT tuples=714; reconcile target lineage count and PK uniqueness; compare deterministic field hashes excluding approved transforms,MEDIUM
permissions,Legacy records for permissions; business semantics beyond schema/source references are UNVERIFIED.,246,id,"[{""kind"":""INDEX"",""name"":""permissions_key_index"",""columns"":[""key""]}]",[],UNVERIFIED: no safe relationship inferred,src/app/Models/Role.php:27,src/app/Http/Controllers/Admin/VoyagerAgencierController.php:29 | src/app/Http/Controllers/Admin/VoyagerAgencyController.php:31 | src/app/Http/Controllers/Admin/VoyagerAgentController.php:30 | src/app/Http/Controllers/Admin/VoyagerAnnouncementsController.php:30 | src/app/Http/Controllers/Admin/VoyagerArcController.php:31 | src/app/Http/Controllers/Admin/VoyagerCandidateDocumentController.php:27 | src/app/Http/Controllers/Admin/VoyagerCandidatesController.php:40 | src/app/Http/Controllers/Admin/VoyagerCompanierController.php:29 | src/app/Http/Controllers/Admin/VoyagerCompanyController.php:31 | src/app/Http/Controllers/Admin/VoyagerEmployeeController.php:29 | src/app/Http/Controllers/Admin/VoyagerEmployerController.php:29 | src/app/Http/Controllers/Admin/VoyagerExamController.php:23 | src/app/Http/Controllers/Admin/VoyagerExamResultController.php:56 | src/app/Http/Controllers/Admin/VoyagerFlightScheduleController.php:31 | src/app/Http/Controllers/Admin/VoyagerInvoiceController.php:42 | src/app/Http/Controllers/Admin/VoyagerInvoiceMoneyReceiptController.php:68 | src/app/Http/Controllers/Admin/VoyagerLabourContractController.php:31 | src/app/Http/Controllers/Admin/VoyagerLicenseController.php:24 | src/app/Http/Controllers/Admin/VoyagerManpowerController.php:31 | src/app/Http/Controllers/Admin/VoyagerMedicalMinistryController.php:31 | src/app/Http/Controllers/Admin/VoyagerMyPanelController.php:215 | src/app/Http/Controllers/Admin/VoyagerNotificationsController.php:32 | src/app/Http/Controllers/Admin/VoyagerPaymentRequestController.php:26 | src/app/Http/Controllers/Admin/VoyagerPoliceClearanceController.php:31 | src/app/Http/Controllers/Admin/VoyagerProfileController.php:63 | src/app/Http/Controllers/Admin/VoyagerReportController.php:31 | src/app/Http/Controllers/Admin/VoyagerSubAgentController.php:36 | src/app/Http/Controllers/Admin/VoyagerSubAgentPaymentRequestController.php:28 | src/app/Http/Controllers/Admin/VoyagerTeacherController.php:29 | src/app/Http/Controllers/Admin/VoyagerTicketInvoiceController.php:28 | src/app/Http/Controllers/Admin/VoyagerTicketInvoiceMoneyReceiptController.php:68 | src/app/Http/Controllers/Admin/VoyagerVisaImmigrationController.php:31,UNVERIFIED: no canonical service/helper reference found,UNVERIFIED: definitive active report catalog contains no query/view reference to this table,table_name,none,None evidenced by name/schema alone.,iam.permissions,iam,KEEP,"legacy_key_map(source_system='manpower_mysql',source_table,source_id)->target_type,target_id; unique on source triplet",source INSERT tuples=246; reconcile target lineage count and PK uniqueness; compare deterministic field hashes excluding approved transforms,HIGH
police_clearances,Legacy records for police clearances; business semantics beyond schema/source references are UNVERIFIED.,606,id,[],[],candidate_id->candidates.id [INFERRED] | thana_id->thanas.id [INFERRED] | country_id->countries.id [INFERRED],src/app/Models/PoliceClearance.php:8,src/app/Http/Controllers/Admin/VoyagerReportController.php:752,src/app/Helpers/CommonClass.php:20,police-clearance-report: src/app/Http/Controllers/Admin/VoyagerReportController.php::policeClearanceReport; src/resources/views/vendor/voyager/reports/print/police-clearance-report.blade.php,photo_file_path,status,None evidenced by name/schema alone.,workflow.police_clearances,workflow,KEEP,"legacy_key_map(source_system='manpower_mysql',source_table,source_id)->target_type,target_id; unique on source triplet",source INSERT tuples=606; reconcile target lineage count and PK uniqueness; compare deterministic field hashes excluding approved transforms,HIGH
positions,Legacy records for positions; business semantics beyond schema/source references are UNVERIFIED.,136,id,[],[],UNVERIFIED: no safe relationship inferred,src/app/Models/Candidate.php:36 | src/app/Models/LicensePosition.php:10 | src/app/Models/Position.php:8,UNVERIFIED: no canonical controller reference found,src/app/Helpers/CodeMinify.php:110 | src/app/Helpers/CommonClass.php:259,selected-candidate-report: src/app/Http/Controllers/Admin/VoyagerReportController.php::selectedCandidateReport; src/resources/views/vendor/voyager/reports/print/selected-candidate-report.blade.php | employee-report: src/app/Http/Controllers/Admin/VoyagerReportController.php::employerReport; src/resources/views/vendor/voyager/reports/print/employer-report.blade.php | candidate-resume-report: src/app/Http/Controllers/Admin/VoyagerReportController.php::candidateResumeReport; src/resources/views/vendor/voyager/reports/print/candidate-resume-report.blade.php | candidate-list-report: src/app/Http/Controllers/Admin/VoyagerReportController.php::candidateListReport; src/resources/views/vendor/voyager/reports/print/candidate-list-report.blade.php,none identified by field-name heuristic,status,None evidenced by name/schema alone.,operations.positions,operations,KEEP,"legacy_key_map(source_system='manpower_mysql',source_table,source_id)->target_type,target_id; unique on source triplet",source INSERT tuples=136; reconcile target lineage count and PK uniqueness; compare deterministic field hashes excluding approved transforms,MEDIUM
posts,Legacy records for posts; business semantics beyond schema/source references are UNVERIFIED.,4,id,"[{""kind"":""UNIQUE"",""name"":""posts_slug_unique"",""columns"":[""slug""]}]",[],UNVERIFIED: no safe relationship inferred,UNVERIFIED: no canonical model maps to this table by explicit $table or Laravel naming convention,src/app/Http/Controllers/PageController.php:20 | src/app/Http/Controllers/Admin/AuthenticationController.php:21 | src/app/Http/Controllers/Admin/VoyagerAgencyController.php:25 | src/app/Http/Controllers/Admin/VoyagerAjaxController.php:67 | src/app/Http/Controllers/Admin/VoyagerArcController.php:25 | src/app/Http/Controllers/Admin/VoyagerCandidatesController.php:34 | src/app/Http/Controllers/Admin/VoyagerCompanyController.php:25 | src/app/Http/Controllers/Admin/VoyagerDatabaseController.php:54 | src/app/Http/Controllers/Admin/VoyagerFlightScheduleController.php:25 | src/app/Http/Controllers/Admin/VoyagerInvoiceController.php:16 | src/app/Http/Controllers/Admin/VoyagerLabourContractController.php:25 | src/app/Http/Controllers/Admin/VoyagerLicenseController.php:15 | src/app/Http/Controllers/Admin/VoyagerManpowerController.php:25 | src/app/Http/Controllers/Admin/VoyagerMedicalMinistryController.php:25 | src/app/Http/Controllers/Admin/VoyagerPoliceClearanceController.php:25 | src/app/Http/Controllers/Admin/VoyagerReportController.php:25 | src/app/Http/Controllers/Admin/VoyagerSubAgentController.php:30 | src/app/Http/Controllers/Admin/VoyagerTicketInvoiceController.php:21 | src/app/Http/Controllers/Admin/VoyagerVisaImmigrationController.php:25,UNVERIFIED: no canonical service/helper reference found,UNVERIFIED: definitive active report catalog contains no query/view reference to this table,none identified by field-name heuristic,status,None evidenced by name/schema alone.,legacy_platform.posts,legacy_platform,IGNORE,"legacy_key_map(source_system='manpower_mysql',source_table,source_id)->target_type,target_id; unique on source triplet",source INSERT tuples=4; reconcile target lineage count and PK uniqueness; compare deterministic field hashes excluding approved transforms,MEDIUM
professional_certificates,Planned feature: professional certificates per candidate. Fully defined DDL with user_id/country_id/institute_name/certificate_file_path/status. No model, no controller, no BREAD, 0 rows. Planned but unimplemented. Preserve read-only in migration staging; do not silently discard.,0,id,[],[],user_id->users.id [INFERRED] | country_id->countries.id [INFERRED],UNVERIFIED: no canonical model maps to this table by explicit $table or Laravel naming convention,UNVERIFIED: no canonical controller reference found,UNVERIFIED: no canonical service/helper reference found,UNVERIFIED: definitive active report catalog contains no query/view reference to this table,"institute_name,certificate_file_path",status,None evidenced by name/schema alone.,operations.professional_certificates,operations,ARCHIVE,"legacy_key_map(source_system='manpower_mysql',source_table,source_id)->target_type,target_id; unique on source triplet",source INSERT tuples=0; reconcile target lineage count and PK uniqueness; compare deterministic field hashes excluding approved transforms,HIGH
reports,Legacy records for reports; business semantics beyond schema/source references are UNVERIFIED.,17,id,[],[],UNVERIFIED: no safe relationship inferred,src/app/Models/Report.php:8,src/app/Http/Controllers/Admin/VoyagerInvoiceController.php:161 | src/app/Http/Controllers/Admin/VoyagerInvoiceMoneyReceiptController.php:24 | src/app/Http/Controllers/Admin/VoyagerReportController.php:195 | src/app/Http/Controllers/Admin/VoyagerTicketInvoiceController.php:193 | src/app/Http/Controllers/Admin/VoyagerTicketInvoiceMoneyReceiptController.php:24,UNVERIFIED: no canonical service/helper reference found,UNVERIFIED: definitive active report catalog contains no query/view reference to this table,name,status,None evidenced by name/schema alone.,operations.reports,operations,KEEP,"legacy_key_map(source_system='manpower_mysql',source_table,source_id)->target_type,target_id; unique on source triplet",source INSERT tuples=17; reconcile target lineage count and PK uniqueness; compare deterministic field hashes excluding approved transforms,HIGH
roles,Legacy records for roles; business semantics beyond schema/source references are UNVERIFIED.,13,id,"[{""kind"":""UNIQUE"",""name"":""roles_name_unique"",""columns"":[""name""]}]",[],UNVERIFIED: no safe relationship inferred,src/app/Models/Candidate.php:84 | src/app/Models/Role.php:12,src/app/Http/Controllers/Admin/VoyagerAgencierController.php:7 | src/app/Http/Controllers/Admin/VoyagerCandidateDocumentController.php:221 | src/app/Http/Controllers/Admin/VoyagerCandidatesController.php:501 | src/app/Http/Controllers/Admin/VoyagerCompanierController.php:7 | src/app/Http/Controllers/Admin/VoyagerEmployeeController.php:7 | src/app/Http/Controllers/Admin/VoyagerEmployerController.php:7 | src/app/Http/Controllers/Admin/VoyagerInvoiceController.php:223 | src/app/Http/Controllers/Admin/VoyagerMyPanelController.php:53 | src/app/Http/Controllers/Admin/VoyagerPaymentRequestController.php:205 | src/app/Http/Controllers/Admin/VoyagerSubAgentPaymentRequestController.php:207 | src/app/Http/Controllers/Admin/VoyagerTeacherController.php:7 | src/app/Http/Controllers/Admin/VoyagerTicketInvoiceController.php:254 | src/app/Http/Controllers/Admin/VoyagerUserController.php:6,src/app/Helpers/CommonClass.php:218,UNVERIFIED: definitive active report catalog contains no query/view reference to this table,"name,display_name",none,None evidenced by name/schema alone.,iam.roles,iam,KEEP,"legacy_key_map(source_system='manpower_mysql',source_table,source_id)->target_type,target_id; unique on source triplet",source INSERT tuples=13; reconcile target lineage count and PK uniqueness; compare deterministic field hashes excluding approved transforms,HIGH
selected_candidates,Legacy records for selected candidates; business semantics beyond schema/source references are UNVERIFIED.,207,id,[],[],candidate_id->candidates.id [INFERRED],src/app/Models/SelectedCandidate.php:8,UNVERIFIED: no canonical controller reference found,UNVERIFIED: no canonical service/helper reference found,UNVERIFIED: definitive active report catalog contains no query/view reference to this table,none identified by field-name heuristic,none,None evidenced by name/schema alone.,candidate.selected_candidates,candidate,KEEP,"legacy_key_map(source_system='manpower_mysql',source_table,source_id)->target_type,target_id; unique on source triplet",source INSERT tuples=207; reconcile target lineage count and PK uniqueness; compare deterministic field hashes excluding approved transforms,MEDIUM
settings,Legacy records for settings; business semantics beyond schema/source references are UNVERIFIED.,10,id,"[{""kind"":""UNIQUE"",""name"":""settings_key_unique"",""columns"":[""key""]}]",[],UNVERIFIED: no safe relationship inferred,UNVERIFIED: no canonical model maps to this table by explicit $table or Laravel naming convention,UNVERIFIED: no canonical controller reference found,UNVERIFIED: no canonical service/helper reference found,UNVERIFIED: definitive active report catalog contains no query/view reference to this table,display_name,none,None evidenced by name/schema alone.,legacy_platform.settings,legacy_platform,IGNORE,"legacy_key_map(source_system='manpower_mysql',source_table,source_id)->target_type,target_id; unique on source triplet",source INSERT tuples=10; reconcile target lineage count and PK uniqueness; compare deterministic field hashes excluding approved transforms,HIGH
skill_list,Legacy records for skill list; business semantics beyond schema/source references are UNVERIFIED.,0,id,[],[],user_id->users.id [INFERRED],src/app/Models/SkillList.php:8,src/app/Http/Controllers/PageController.php:16 | src/app/Http/Controllers/Admin/VoyagerMyPanelController.php:21,UNVERIFIED: no canonical service/helper reference found,UNVERIFIED: definitive active report catalog contains no query/view reference to this table,skill_name,none,None evidenced by name/schema alone.,operations.skill_list,operations,KEEP,"legacy_key_map(source_system='manpower_mysql',source_table,source_id)->target_type,target_id; unique on source triplet",source INSERT tuples=0; reconcile target lineage count and PK uniqueness; compare deterministic field hashes excluding approved transforms,HIGH
skills,Legacy records for skills; business semantics beyond schema/source references are UNVERIFIED.,289,id,[],[],user_id->users.id [INFERRED],src/app/Models/Skill.php:8,src/app/Http/Controllers/PageController.php:15 | src/app/Http/Controllers/Admin/VoyagerMyPanelController.php:20,UNVERIFIED: no canonical service/helper reference found,UNVERIFIED: definitive active report catalog contains no query/view reference to this table,"institute_name,certificate_file_path",status,None evidenced by name/schema alone.,operations.skills,operations,KEEP,"legacy_key_map(source_system='manpower_mysql',source_table,source_id)->target_type,target_id; unique on source triplet",source INSERT tuples=289; reconcile target lineage count and PK uniqueness; compare deterministic field hashes excluding approved transforms,HIGH
sub_agent_payment_requests,Legacy records for sub agent payment requests; business semantics beyond schema/source references are UNVERIFIED.,1,id,[],[],sub_agent_id->sub_agents.id [INFERRED] | group_id->class_groups.id [INFERRED] | candidate_id->candidates.id [INFERRED] | payment_id->payments.id [INFERRED],src/app/Models/SubAgentPaymentRequest.php:8,src/app/Http/Controllers/Admin/VoyagerAjaxController.php:12 | src/app/Http/Controllers/Admin/VoyagerMyPanelController.php:19 | src/app/Http/Controllers/Admin/VoyagerSubAgentPaymentRequestController.php:8,UNVERIFIED: no canonical service/helper reference found,UNVERIFIED: definitive active report catalog contains no query/view reference to this table,"amount,remarks",status,None evidenced by name/schema alone.,finance.payment_requests,finance,MERGE,"legacy_key_map(source_system='manpower_mysql',source_table,source_id)->target_type,target_id; unique on source triplet",source INSERT tuples=1; reconcile target lineage count and PK uniqueness; compare deterministic field hashes excluding approved transforms,HIGH
sub_agents,Legacy records for sub agents; business semantics beyond schema/source references are UNVERIFIED.,12,id,[],[],agent_id->agents.id [INFERRED],src/app/Models/Candidate.php:26 | src/app/Models/Payment.php:14 | src/app/Models/SubAgent.php:8 | src/app/Models/SubAgentPaymentRequest.php:13,src/app/Http/Controllers/Admin/VoyagerAjaxController.php:13 | src/app/Http/Controllers/Admin/VoyagerCandidateDocumentController.php:94 | src/app/Http/Controllers/Admin/VoyagerCandidatesController.php:11 | src/app/Http/Controllers/Admin/VoyagerMyPanelController.php:22 | src/app/Http/Controllers/Admin/VoyagerPaymentRequestController.php:98 | src/app/Http/Controllers/Admin/VoyagerSubAgentController.php:8 | src/app/Http/Controllers/Admin/VoyagerSubAgentPaymentRequestController.php:7,src/app/Helpers/CommonClass.php:7,UNVERIFIED: definitive active report catalog contains no query/view reference to this table,"name,email,secondary_email,mobile,secondary_mobile,emergency_mobile,bid,bid_file_path,nid,nid_file_path,passport_no,passport_issue_date,passport_expire_date,passport_file_path,dob,full_photo_file_path,half_photo_file_path,father_name,mother_name,present_address_house,present_address_road,present_address_village,present_address_post,present_address_thana_id,present_address_district_id,present_address_division_id,permanent_address_house,permanent_address_road,permanent_address_village,permanent_address_post,permanent_address_thana_id,permanent_address_district_id,permanent_address_division_id,balance,cv_file_path",status,None evidenced by name/schema alone.,operations.sub_agents,operations,KEEP,"legacy_key_map(source_system='manpower_mysql',source_table,source_id)->target_type,target_id; unique on source triplet",source INSERT tuples=12; reconcile target lineage count and PK uniqueness; compare deterministic field hashes excluding approved transforms,HIGH
teachers,Legacy records for teachers; business semantics beyond schema/source references are UNVERIFIED.,2,id,[],[],UNVERIFIED: no safe relationship inferred,src/app/Models/ClassSchedule.php:19 | src/app/Models/Teacher.php:10,src/app/Http/Controllers/Admin/VoyagerMyPanelController.php:23 | src/app/Http/Controllers/Admin/VoyagerPaymentController.php:9 | src/app/Http/Controllers/Admin/VoyagerReportController.php:624 | src/app/Http/Controllers/Admin/VoyagerTeacherController.php:35 | src/app/Http/Controllers/Admin/VoyagerUserController.php:60,src/app/Helpers/CommonClass.php:22,teacher-schedule: src/app/Http/Controllers/Admin/VoyagerReportController.php::teacherSchedule; src/resources/views/vendor/voyager/reports/print/teacher-schedule.blade.php,"name,email,secondary_email,mobile,secondary_mobile,emergency_mobile,bid,bid_file_path,nid,nid_file_path,passport_no,passport_issue_date,passport_expire_date,passport_file_path,dob,full_photo_file_path,half_photo_file_path,father_name,mother_name,present_address_house,present_address_road,present_address_village,present_address_post,present_address_thana_id,present_address_district_id,present_address_division_id,permanent_address_house,permanent_address_road,permanent_address_village,permanent_address_post,permanent_address_thana_id,permanent_address_district_id,permanent_address_division_id,balance,cv_file_path",status,None evidenced by name/schema alone.,operations.teachers,operations,KEEP,"legacy_key_map(source_system='manpower_mysql',source_table,source_id)->target_type,target_id; unique on source triplet",source INSERT tuples=2; reconcile target lineage count and PK uniqueness; compare deterministic field hashes excluding approved transforms,HIGH
temp_candidates,Legacy records for temp candidates; business semantics beyond schema/source references are UNVERIFIED.,289,UNVERIFIED: no PK declared in dump,[],[],agent_id->agents.id [INFERRED] | class_group_id->class_groups.id [INFERRED],UNVERIFIED: no canonical model maps to this table by explicit $table or Laravel naming convention,UNVERIFIED: no canonical controller reference found,UNVERIFIED: no canonical service/helper reference found,UNVERIFIED: definitive active report catalog contains no query/view reference to this table,"name,email,mobile,passport_no",none,"Backup/temp naming is direct legacy-copy evidence; archive, do not union automatically.",archive.temp_candidates,archive,ARCHIVE,"legacy_key_map(source_system='manpower_mysql',source_table,source_id)->target_type,target_id; unique on source triplet",source INSERT tuples=289; reconcile target lineage count and PK uniqueness; compare deterministic field hashes excluding approved transforms,HIGH
thanas,Legacy records for thanas; business semantics beyond schema/source references are UNVERIFIED.,562,UNVERIFIED: no PK declared in dump,[],[],district_id->districts.id [INFERRED],src/app/Models/Thana.php:8,UNVERIFIED: no canonical controller reference found,UNVERIFIED: no canonical service/helper reference found,UNVERIFIED: definitive active report catalog contains no query/view reference to this table,"name,bn_name",none,None evidenced by name/schema alone.,operations.thanas,operations,KEEP,"legacy_key_map(source_system='manpower_mysql',source_table,source_id)->target_type,target_id; unique on source triplet",source INSERT tuples=562; reconcile target lineage count and PK uniqueness; compare deterministic field hashes excluding approved transforms,HIGH
ticket_companies,Legacy records for ticket companies; business semantics beyond schema/source references are UNVERIFIED.,1,id,[],[],country_id->countries.id [INFERRED],src/app/Models/TicketCompany.php:8,UNVERIFIED: no canonical controller reference found,UNVERIFIED: no canonical service/helper reference found,UNVERIFIED: definitive active report catalog contains no query/view reference to this table,"name,email,mobile,address,bank_account_name_1,bank_account_no_1,bank_name_1,bank_branch_name_1,bank_swift_no_1,bank_iban_no_1,bank_account_name_2,bank_account_no_2,bank_name_2,bank_branch_name_2,bank_swift_no_2,bank_iban_no_2,signature",status,None evidenced by name/schema alone.,operations.ticket_companies,operations,KEEP,"legacy_key_map(source_system='manpower_mysql',source_table,source_id)->target_type,target_id; unique on source triplet",source INSERT tuples=1; reconcile target lineage count and PK uniqueness; compare deterministic field hashes excluding approved transforms,HIGH
ticket_invoice_lines,Legacy records for ticket invoice lines; business semantics beyond schema/source references are UNVERIFIED.,1130,id,[],[],ticket_invoice_id->ticket_invoices.id [INFERRED] | candidate_id->candidates.id [INFERRED],src/app/Models/TicketInvoice.php:25 | src/app/Models/TicketInvoiceLine.php:8,src/app/Http/Controllers/Admin/VoyagerTicketInvoiceController.php:13,UNVERIFIED: no canonical service/helper reference found,UNVERIFIED: definitive active report catalog contains no query/view reference to this table,"name,passport_no,remarks,total_amount",is_candidate,None evidenced by name/schema alone.,finance.ticket_invoice_lines,finance,KEEP,"legacy_key_map(source_system='manpower_mysql',source_table,source_id)->target_type,target_id; unique on source triplet",source INSERT tuples=1130; reconcile target lineage count and PK uniqueness; compare deterministic field hashes excluding approved transforms,HIGH
ticket_invoice_money_receipts,Legacy records for ticket invoice money receipts; business semantics beyond schema/source references are UNVERIFIED.,45,id,[],[],ticket_invoice_id->ticket_invoices.id [INFERRED],src/app/Models/TicketInvoiceMoneyReceipt.php:8,src/app/Http/Controllers/Admin/VoyagerReportController.php:860 | src/app/Http/Controllers/Admin/VoyagerTicketInvoiceMoneyReceiptController.php:6,UNVERIFIED: no canonical service/helper reference found,money-receipt-report: src/app/Http/Controllers/Admin/VoyagerReportController.php::moneyReceiptReport; src/resources/views/vendor/voyager/reports/print/money-receipt-report.blade.php,"amount,remarks",none,None evidenced by name/schema alone.,finance.ticket_invoice_money_receipts,finance,KEEP,"legacy_key_map(source_system='manpower_mysql',source_table,source_id)->target_type,target_id; unique on source triplet",source INSERT tuples=45; reconcile target lineage count and PK uniqueness; compare deterministic field hashes excluding approved transforms,HIGH
ticket_invoices,Legacy records for ticket invoices; business semantics beyond schema/source references are UNVERIFIED.,111,id,[],[],ticket_company_id->ticket_companies.id [INFERRED] | companier_id->companiers.id [INFERRED] | agencier_id->agenciers.id [INFERRED] | agent_id->agents.id [INFERRED] | candidate_id->candidates.id [INFERRED],src/app/Models/TicketInvoice.php:8 | src/app/Models/TicketInvoiceMoneyReceipt.php:12,src/app/Http/Controllers/Admin/VoyagerReportController.php:830 | src/app/Http/Controllers/Admin/VoyagerTicketInvoiceController.php:12 | src/app/Http/Controllers/Admin/VoyagerTicketInvoiceMoneyReceiptController.php:5,UNVERIFIED: no canonical service/helper reference found,tickets-report: src/app/Http/Controllers/Admin/VoyagerReportController.php::ticketsReport; src/resources/views/vendor/voyager/reports/print/tickets-report.blade.php | money-receipt-report: src/app/Http/Controllers/Admin/VoyagerReportController.php::moneyReceiptReport; src/resources/views/vendor/voyager/reports/print/money-receipt-report.blade.php,"bill_to_name,bill_to_email,bill_to_mobile,bill_to_address,tax_amount,bank_account_name_1,bank_account_no_1,bank_name_1,bank_branch_name_1,bank_swift_no_1,bank_iban_no_1,bank_account_name_2,bank_account_no_2,bank_name_2,bank_branch_name_2,bank_swift_no_2,bank_iban_no_2,remarks",status,None evidenced by name/schema alone.,finance.ticket_invoices,finance,KEEP,"legacy_key_map(source_system='manpower_mysql',source_table,source_id)->target_type,target_id; unique on source triplet",source INSERT tuples=111; reconcile target lineage count and PK uniqueness; compare deterministic field hashes excluding approved transforms,HIGH
trainings,User/candidate profile training history.,389,id,[],[],user_id->users.id [INFERRED] | country_id->countries.id [INFERRED],src/app/Models/Training.php:8,src/app/Http/Controllers/PageController.php:17 | src/app/Http/Controllers/Admin/VoyagerMyPanelController.php:24,UNVERIFIED: no canonical service/helper reference found,UNVERIFIED: definitive active report catalog contains no query/view reference to this table,"institute_name,certificate_file_path,address",status,Near-name collision but materially different columns/ownership; do not merge without business keys.,profile.trainings,profile,KEEP,"legacy_key_map(source_system='manpower_mysql',source_table,source_id)->target_type,target_id; unique on source triplet",source INSERT tuples=389; reconcile target lineage count and PK uniqueness; compare deterministic field hashes excluding approved transforms,HIGH
translations,Legacy records for translations; business semantics beyond schema/source references are UNVERIFIED.,30,id,"[{""kind"":""UNIQUE"",""name"":""translations_table_name_column_name_foreign_key_locale_unique"",""columns"":[""table_name"",""column_name"",""foreign_key"",""locale""]}]",[],UNVERIFIED: no safe relationship inferred,UNVERIFIED: no canonical model maps to this table by explicit $table or Laravel naming convention,UNVERIFIED: no canonical controller reference found,UNVERIFIED: no canonical service/helper reference found,UNVERIFIED: definitive active report catalog contains no query/view reference to this table,"table_name,column_name",none,None evidenced by name/schema alone.,legacy_platform.translations,legacy_platform,IGNORE,"legacy_key_map(source_system='manpower_mysql',source_table,source_id)->target_type,target_id; unique on source triplet",source INSERT tuples=30; reconcile target lineage count and PK uniqueness; compare deterministic field hashes excluding approved transforms,HIGH
unions,Legacy records for unions; business semantics beyond schema/source references are UNVERIFIED.,4540,UNVERIFIED: no PK declared in dump,[],[],UNVERIFIED: no safe relationship inferred,src/app/Models/Role.php:24,UNVERIFIED: no canonical controller reference found,UNVERIFIED: no canonical service/helper reference found,UNVERIFIED: definitive active report catalog contains no query/view reference to this table,"name,bn_name",none,None evidenced by name/schema alone.,operations.unions,operations,KEEP,"legacy_key_map(source_system='manpower_mysql',source_table,source_id)->target_type,target_id; unique on source triplet",source INSERT tuples=4540; reconcile target lineage count and PK uniqueness; compare deterministic field hashes excluding approved transforms,HIGH
upazilas,Legacy records for upazilas; business semantics beyond schema/source references are UNVERIFIED.,494,UNVERIFIED: no PK declared in dump,[],[],district_id->districts.id [INFERRED],UNVERIFIED: no canonical model maps to this table by explicit $table or Laravel naming convention,UNVERIFIED: no canonical controller reference found,UNVERIFIED: no canonical service/helper reference found,UNVERIFIED: definitive active report catalog contains no query/view reference to this table,"name,bn_name",none,None evidenced by name/schema alone.,operations.upazilas,operations,KEEP,"legacy_key_map(source_system='manpower_mysql',source_table,source_id)->target_type,target_id; unique on source triplet",source INSERT tuples=494; reconcile target lineage count and PK uniqueness; compare deterministic field hashes excluding approved transforms,HIGH
user_roles,Legacy records for user roles; business semantics beyond schema/source references are UNVERIFIED.,1,"user_id,role_id","[{""kind"":""INDEX"",""name"":""user_roles_user_id_index"",""columns"":[""user_id""]},{""kind"":""INDEX"",""name"":""user_roles_role_id_index"",""columns"":[""role_id""]}]","[{""name"":""user_roles_role_id_foreign"",""columns"":[""role_id""],""ref_table"":""roles"",""ref_columns"":[""id""],""actions"":""ON DELETE CASCADE""},{""name"":""user_roles_user_id_foreign"",""columns"":[""user_id""],""ref_table"":""users"",""ref_columns"":[""id""],""actions"":""ON DELETE CASCADE""}]",role_id->roles.id [CONFIRMED] | user_id->users.id [CONFIRMED],src/app/Models/Role.php:22,UNVERIFIED: no canonical controller reference found,UNVERIFIED: no canonical service/helper reference found,UNVERIFIED: definitive active report catalog contains no query/view reference to this table,none identified by field-name heuristic,none,None evidenced by name/schema alone.,iam.user_roles,iam,KEEP,"legacy_key_map(source_system='manpower_mysql',source_table,source_id)->target_type,target_id; unique on source triplet",source INSERT tuples=1; reconcile target lineage count and PK uniqueness; compare deterministic field hashes excluding approved transforms,MEDIUM
user_types,Legacy records for user types; business semantics beyond schema/source references are UNVERIFIED.,6,id,[],[],UNVERIFIED: no safe relationship inferred,src/app/Models/UserType.php:7,UNVERIFIED: no canonical controller reference found,UNVERIFIED: no canonical service/helper reference found,UNVERIFIED: definitive active report catalog contains no query/view reference to this table,name,status,None evidenced by name/schema alone.,iam.user_types,iam,KEEP,"legacy_key_map(source_system='manpower_mysql',source_table,source_id)->target_type,target_id; unique on source triplet",source INSERT tuples=6; reconcile target lineage count and PK uniqueness; compare deterministic field hashes excluding approved transforms,HIGH
users,Legacy records for users; business semantics beyond schema/source references are UNVERIFIED.,2154,id,"[{""kind"":""UNIQUE"",""name"":""users_email_unique"",""columns"":[""email""]},{""kind"":""INDEX"",""name"":""users_role_id_foreign"",""columns"":[""role_id""]}]","[{""name"":""users_role_id_foreign"",""columns"":[""role_id""],""ref_table"":""roles"",""ref_columns"":[""id""],""actions"":""""}]",role_id->roles.id [CONFIRMED] | user_type_id->user_types.id [INFERRED] | agent_id->agents.id [INFERRED] | sub_agent_id->sub_agents.id [INFERRED] | teacher_id->teachers.id [INFERRED] | employee_id->employees.id [INFERRED] | candidate_id->candidates.id [INFERRED] | employer_id->employers.id [INFERRED] | agencier_id->agenciers.id [INFERRED] | companier_id->companiers.id [INFERRED],src/app/Models/Candidate.php:49 | src/app/Models/Companier.php:20 | src/app/Models/Employee.php:26 | src/app/Models/Employer.php:26 | src/app/Models/Invoice.php:34 | src/app/Models/Notification.php:15 | src/app/Models/Payment.php:22 | src/app/Models/Role.php:18 | src/app/Models/Teacher.php:49 | src/app/Models/User.php:9,src/app/Http/Controllers/ApiController.php:7 | src/app/Http/Controllers/PageController.php:18 | src/app/Http/Controllers/Admin/AuthenticationController.php:24 | src/app/Http/Controllers/Admin/VoyagerAgencierController.php:16 | src/app/Http/Controllers/Admin/VoyagerAgencyController.php:61 | src/app/Http/Controllers/Admin/VoyagerAgentController.php:17 | src/app/Http/Controllers/Admin/VoyagerAjaxController.php:14 | src/app/Http/Controllers/Admin/VoyagerAnnouncementsController.php:19 | src/app/Http/Controllers/Admin/VoyagerArcController.php:61 | src/app/Http/Controllers/Admin/VoyagerCandidateDocumentController.php:10 | src/app/Http/Controllers/Admin/VoyagerCandidatesController.php:22 | src/app/Http/Controllers/Admin/VoyagerCompanierController.php:16 | src/app/Http/Controllers/Admin/VoyagerCompanyController.php:61 | src/app/Http/Controllers/Admin/VoyagerDatabaseController.php:6 | src/app/Http/Controllers/Admin/VoyagerEmployeeController.php:16 | src/app/Http/Controllers/Admin/VoyagerEmployerController.php:16 | src/app/Http/Controllers/Admin/VoyagerExamController.php:62 | src/app/Http/Controllers/Admin/VoyagerExamResultController.php:92 | src/app/Http/Controllers/Admin/VoyagerFlightScheduleController.php:61 | src/app/Http/Controllers/Admin/VoyagerInvoiceMoneyReceiptController.php:117 | src/app/Http/Controllers/Admin/VoyagerLabourContractController.php:61 | src/app/Http/Controllers/Admin/VoyagerManpowerController.php:61 | src/app/Http/Controllers/Admin/VoyagerMedicalMinistryController.php:61 | src/app/Http/Controllers/Admin/VoyagerMyPanelController.php:40 | src/app/Http/Controllers/Admin/VoyagerNotificationsController.php:19 | src/app/Http/Controllers/Admin/VoyagerPaymentController.php:141 | src/app/Http/Controllers/Admin/VoyagerPaymentRequestController.php:9 | src/app/Http/Controllers/Admin/VoyagerPoliceClearanceController.php:61 | src/app/Http/Controllers/Admin/VoyagerProfileController.php:6 | src/app/Http/Controllers/Admin/VoyagerReportController.php:61 | src/app/Http/Controllers/Admin/VoyagerSubAgentController.php:20 | src/app/Http/Controllers/Admin/VoyagerSubAgentPaymentRequestController.php:10 | src/app/Http/Controllers/Admin/VoyagerTeacherController.php:16 | src/app/Http/Controllers/Admin/VoyagerTicketInvoiceMoneyReceiptController.php:117 | src/app/Http/Controllers/Admin/VoyagerUserController.php:17 | src/app/Http/Controllers/Admin/VoyagerVisaImmigrationController.php:61 | src/app/Http/Controllers/Auth/ConfirmPasswordController.php:25 | src/app/Http/Controllers/Auth/ForgotPasswordController.php:17 | src/app/Http/Controllers/Auth/LoginController.php:16 | src/app/Http/Controllers/Auth/RegisterController.php:7 | src/app/Http/Controllers/Auth/ResetPasswordController.php:25 | src/app/Http/Controllers/Auth/VerificationController.php:17,src/app/Services/EmailService.php:26 | src/app/Helpers/CommonClass.php:29,UNVERIFIED: definitive active report catalog contains no query/view reference to this table,"name,email,email_verified_at,password,remember_token",status,None evidenced by name/schema alone.,iam.users,iam,KEEP,"legacy_key_map(source_system='manpower_mysql',source_table,source_id)->target_type,target_id; unique on source triplet",source INSERT tuples=2154; reconcile target lineage count and PK uniqueness; compare deterministic field hashes excluding approved transforms,HIGH
visa_immigrations,Legacy records for visa immigrations; business semantics beyond schema/source references are UNVERIFIED.,1045,id,[],[],candidate_id->candidates.id [INFERRED],src/app/Models/Candidate.php:59 | src/app/Models/VisaImmigration.php:8,src/app/Http/Controllers/Admin/VoyagerAjaxController.php:38 | src/app/Http/Controllers/Admin/VoyagerReportController.php:461,src/app/Helpers/CommonClass.php:23,selected-candidate-report: src/app/Http/Controllers/Admin/VoyagerReportController.php::selectedCandidateReport; src/resources/views/vendor/voyager/reports/print/selected-candidate-report.blade.php | flight-schedule: src/app/Http/Controllers/Admin/VoyagerReportController.php::flightSchedule; src/resources/views/vendor/voyager/reports/print/flight-schedule.blade.php | candidate-resume-report: src/app/Http/Controllers/Admin/VoyagerReportController.php::candidateResumeReport; src/resources/views/vendor/voyager/reports/print/candidate-resume-report.blade.php | candidate-list-report: src/app/Http/Controllers/Admin/VoyagerReportController.php::candidateListReport; src/resources/views/vendor/voyager/reports/print/candidate-list-report.blade.php | visa-report: src/app/Http/Controllers/Admin/VoyagerReportController.php::visaReport; src/resources/views/vendor/voyager/reports/print/visa-report.blade.php,document_file_path,status,None evidenced by name/schema alone.,candidate.visa_immigrations,candidate,KEEP,"legacy_key_map(source_system='manpower_mysql',source_table,source_id)->target_type,target_id; unique on source triplet",source INSERT tuples=1045; reconcile target lineage count and PK uniqueness; compare deterministic field hashes excluding approved transforms,HIGH
